30000,0
2223,-1828
1306,-1661
-3623,388
-2558,-894
4119,2784
3099,-148
-14001,-9510
11034,-4072
2829,-12932
8680,-8343
-4384,-156
-10280,-4457
-4303,6353
9795,9220
-5674,-6146
-4667,3205
-16764,-11184
-2185,-6909
-2422,5116
1004,-2755
-9050,3205
2881,10844
7279,-2217
7786,13460
-9002,-175
-8723,-798
-14936,8407
10165,4762
4188,2352
2203,4434
5555,-11772
7451,3878
7645,1401
11483,4905
-14833,3595
3450,4825
5215,539
5836,3089
6933,-12269
-6502,-11193
-6702,-12935
14986,3501
-1333,-1474
6189,4521
-1857,-4859
-4042,-2099
5255,4
-5540,-1456
-18931,-13608
-6150,2405
-6675,-7623
9622,8823
5179,275
-4873,-8295
-4203,146
-1220,10231
-5283,2919
-6467,17932
-10418,-7650
-438,4793
5667,5138
8592,-3500
-2457,-4251
-2554,1744
5325,-1565
5732,25269
8801,3217
2154,1638
-5332,-4490
7545,-3360
248,-2054
-2810,394
4893,-15168
-1449,3332
15333,-592
14054,5761
-4605,-8235
-427,-6895
-8355,-6764
-9107,8084
4458,-855
-11183,-5522
497,-14835
6432,-184
-1862,-6302
1480,5327
-7022,-6851
-13240,3088
3913,14071
-5824,11466
-2195,-4038
-4851,-1680
-6656,-15835
-1424,11848
2963,5858
-2295,386
6951,6080
4337,7538
8858,6811
-1323,14407
-1284,-15273
-8510,733
987,3914
5227,3914
8092,2528
7826,-9564
13383,-13259
-1326,10176
8754,-1715
-6933,2655
-4287,-4816
1897,-2527
-955,3173
-790,-2719
7578,-19497
-12261,-12199
6319,-5693
-5005,10261
-3075,4681
3561,580
-3124,-4944
-8873,4452
1030,3807
-19820,-5679
-382,-7799
-5695,1558
-484,5328
6703,15701
6981,-3298
-1914,-4607
5568,9003
-13593,7751
-856,11783
-3747,3633
5086,-10388
3563,8524
9661,624
2600,-7398
9955,-1506
701,-7468
4825,11996
-3374,16241
10165,-6795
-1309,-5427
4761,-9670
-4930,-8394
-4621,2259
540,-13764
8522,-7233
-3942,4709
11361,3532
-7366,1920
1013,-7348
-4760,-10932
-16106,5324
-11894,4148
1124,636
-6319,-8335
14965,-2997
-7201,1587
-2662,6679
1088,1814
-4903,1657
-5590,9057
-32,17826
-11120,969
12871,254
709,-12384
157,-1911
-707,10040
2917,3138
8280,632
15245,10335
-2055,-2085
3194,12178
-2418,-8250
3698,-13363
-3440,-935
-712,-428
-101,-2510
12810,2192
12432,-19507
3755,3206
-10124,155
-3187,-1502
-9369,-293
2030,-2738
-6475,-4437
-9419,6992
3772,-15544
3643,-6423
-4566,-6781
-675,6866
-16173,10151
3587,10506
6744,-1239
-7808,6922
-4821,-1003
-9196,3153
-5520,-7847
12307,4115
-4958,1132
2356,14116
11446,4714
6799,504
10332,-743
-5735,7467
-14332,-2631
4545,10473
6168,-10434
8487,-688
6080,-1753
177,-7988
10116,-6691
7995,1082
-2644,-8025
-8442,16644
-3482,-4775
4629,-3600
4043,-6497
-5250,-12726
-11136,-8481
-6241,1622
8998,-11519
-599,12445
-1760,800
-5021,4928
-5098,1984
2634,-2735
-8629,-3383
-21193,8053
-473,-3521
-676,8288
14430,-1549
7984,3958
-8842,834
1444,6908
6175,3178
-6177,10708
4234,5280
-11339,5354
7201,-5169
16754,-542
3681,-12623
-1373,642
2294,-1256
135,2868
20007,7828
-421,2230
-3841,-8109
-3794,897
1156,-16664
-1122,-2590
-1695,-4548
-11172,-8549
7748,2987
8469,318
8948,-7272
-12382,6322
-10621,-9590
-12342,4646
-358,7405
-4560,-3119
-6553,1052
-6141,-2720
12844,-7329
-1965,8647
3739,-834
-12829,7037
-5062,12727
8618,8956
5738,7937
-7712,-579
3351,-9245
-10368,-1284
15376,1181
5734,4456
-447,2049
7683,3070
11925,3060
3789,1963
9677,-783
-20407,-10014
-1647,-4018
3264,1593
6974,-4668
5780,-3189
3275,-11470
-4067,-10641
12080,7417
-8656,-2758
-7056,1442
-13256,2727
-1318,-5111
711,4670
2511,-4721
-12246,-18050
-4295,2281
-3103,-626
7391,12669
-5228,13174
1364,-2633
-7685,4549
3062,8647
-1867,-3834
-9124,5146
-7835,-7577
8523,4236
4555,11823
21115,3736
-550,-3741
142,263
4856,-425
-1888,13404
-2461,609
4105,-3301
-7280,-9283
18472,-427
5982,-6631
517,-7390
1969,-10418
-3876,1071
966,6770
8888,12109
-11630,-12838
-130,-6118
-6587,-10588
-5450,-2666
-2229,-122
-6106,-6579
-3725,-6290
8627,16601
248,-529
53,8460
-10732,-6754
-10179,-3491
-8056,12913
-1489,10079
-914,-6407
2766,4463
7527,-10729
7125,13035
589,6190
2582,-1207
-6571,4405
2856,12915
6804,4355
-806,7839
6987,-20717
1817,-8074
-1150,-2347
11309,5836
-201,-1435
5479,-375
11100,-5181
-4515,8761
3405,-4517
-6104,-7525
-13270,-17842
1452,1759
-4012,-456
975,3070
10981,-10065
-4955,-8518
1195,599
-6796,13839
-13416,-4091
-4985,6974
-5695,-5092
-5430,7162
4494,6107
-3193,-9329
2967,-10299
-1451,9748
-712,4896
-583,24517
5485,290
2232,-2016
1617,6794
-3298,1813
86,-4743
-2403,-573
10955,-13270
2101,14188
11036,5965
10946,-2656
4511,-6314
981,-4947
-3078,699
-14925,9158
8232,-11686
-2351,-7025
5447,-8356
5291,-1049
-3064,-6034
1105,-7455
3718,-6426
-16991,8928
1723,10793
-9809,3744
-313,-11560
532,-4516
-10550,-6070
-10257,4948
4863,847
-4930,-3157
11276,10674
-4454,14057
-357,3616
459,6039
-666,-10051
-10449,4419
-1861,12997
-3497,-2153
16607,710
9982,-2707
10239,-4164
-3789,12976
6018,-3442
159,-2606
2362,7822
-4017,-857
1467,3474
1781,-9177
16305,-20975
-6917,-3977
917,-1492
-3621,400
3221,3991
7747,-4968
-1128,3027
-16754,984
2693,-7561
-13383,-10136
493,-5296
-7347,1521
-8351,6651
7647,923
12180,-756
-7620,-1213
-493,10803
-20715,3806
-859,5489
2655,3815
-3231,1127
-1840,5030
7916,1313
3843,-11412
15195,7128
-6874,1732
-2221,12263
2677,11886
11661,-3338
4037,-1651
-345,640
-8044,-15525
5844,1535
6725,-11039
8707,-605
-4121,7572
8044,-2332
5015,-5067
4161,132
-7798,-13183
-17838,5786
-9621,-6409
9488,-4146
-2188,-2941
5327,-3433
-7002,-5866
-3113,3510
6900,-4497
-9119,10825
-15685,5609
-2442,9722
-6985,-1533
12017,946
-1848,-7223
-13231,518
2954,898
5429,9017
6991,5239
8718,16262
-9202,-1950
5242,6951
7259,-3538
-3486,-4123
-3374,-287
-3953,882
8650,-6731
21229,9848
8235,-12333
-910,1404
-3305,-2533
162,-3662
1304,3484
-5747,1853
-6799,-13504
-1595,3284
10829,-17362
4316,-4052
-8298,-4584
-7213,-3470
-4602,5986
2754,12627
4369,-3116
-16719,6485
-6348,-11411
-3477,-532
-4219,-477
1390,2353
-7855,564
-1681,9953
19657,4189
310,10937
960,-1164
-10046,3762
-10836,-674
8295,11719
5635,326
-3146,-968
12796,-5549
3453,-2991
15667,-894
4209,7236
-8533,-7698
-2257,9622
7639,1362
2524,-1111
6323,-5215
-10700,-17607
53,-13743
2595,5985
6021,-7639
-4013,6786
-184,-2992
-1539,-2942
3724,7452
-8429,-4175
-11519,-11279
-19379,2597
4097,-5358
376,10961
5553,1510
-30,-7791
-2904,2576
-734,7922
4159,8052
-17774,11435
1046,-1968
-5324,5473
7878,5142
10893,-1068
-1343,-7845
-3157,-5014
12897,4977
-2392,13353
15533,9189
-2469,-983
-309,-7184
6199,1395
1134,-4682
-6935,-8131
4813,-7327
-6251,-8951
17121,7686
6792,3546
1994,-11517
-5463,-3927
-4978,-5236
-10886,3036
-1451,9325
-12014,-14290
1312,-4988
-676,-397
7518,-4444
-5951,3877
-2773,-5130
-9226,-509
-1739,22919
-1800,7102
251,4348
-9637,-5890
5454,-8725
-7740,6979
4612,6616
2267,-4069
1932,7368
10058,4591
11708,14134
-4672,3177
8046,-7186
-12131,-7669
332,5410
5549,3396
1857,-907
10095,-13295
13332,-5212
-2739,-3335
10458,7860
-9385,-7620
-4666,-3753
-670,2205
-4662,3394
-839,-4462
3580,-10216
-8620,-24051
2370,6152
-6680,2998
-1706,5681
4,3663
-517,-1485
-5235,4902
-4724,13002
-9924,-15015
-5539,1085
-5343,-3265
2743,9591
1613,13470
11626,-1340
5922,-7089
-699,13126
-1154,1993
-6729,14880
-2387,-3884
8626,-2859
-1658,3116
10064,3388
8881,-11538
2054,-5469
10343,-9661
-3052,13331
-3024,6869
10305,2724
-2651,-12812
2240,-3821
-2115,-6953
-12816,-4142
5428,-12915
68,-4563
-1985,-2350
5783,15831
-3422,-5789
203,-2815
-1875,-5619
-19203,1753
-9438,7750
-6328,3959
1986,-13328
6023,8874
211,-3473
-2272,7641
3502,2726
-1496,-1933
-2543,11720
-7865,19910
2121,-2267
3188,5372
9798,-15372
-585,-1233
-3077,5807
5661,-1025
11347,-708
5747,8682
10390,-495
-7706,10606
6028,-10936
2363,-10767
-7810,-6125
-3812,582
668,-2844
3049,-3168
21860,-11921
-6541,-295
-3910,-1027
-5902,2832
-8243,-6124
-2496,3039
-5879,1258
-15967,1279
10443,-4590
-1649,-10572
2381,-6495
-7378,11673
-9293,3545
909,13392
10198,5736
-7470,1492
-1567,9277
-10684,-2623
4732,-8259
2035,5886
3032,-2920
-2473,12192
13279,7416
12620,-6039
10687,5230
-8474,678
-4356,-2094
-7656,6492
13924,-9157
1347,-2272
1982,-725
4657,-12005
8998,-4785
3775,-5962
4034,-2141
-21197,8475
3303,1288
672,-2564
724,-4498
-4068,-9982
-12564,-6483
-9130,-6062
13710,-138
-9187,2653
2461,9141
-6250,5995
-762,1619
4543,2213
-7756,104
-21458,-848
827,8931
-1734,-2525
17389,6351
4434,3170
-996,-2888
2261,6394
9054,5215
-2841,927
-1128,15165
-8980,-5102
9931,1388
10586,-3104
10382,-13563
-6432,-4576
1042,-1013
5951,-5200
10325,14467
1511,-4665
-2698,-884
-9945,-4301
8342,-10391
-7111,-6904
-8118,-2758
-6368,-10963
-1492,6737
11891,-2441
9594,2827
-16177,-2939
-3942,297
-12237,909
-4213,10053
-835,681
-13125,2322
-731,-5115
13817,4153
-275,-3979
5411,7735
-10351,364
-4129,11314
12017,13835
2984,7879
-2309,-5051
121,16
-3038,-14560
11504,8052
4701,-2667
-317,-2019
6519,4241
11368,3123
10212,-2243
-190,5383
-11112,-20284
-8478,1750
645,-2014
6353,-3017
-567,-4007
866,-10008
4639,-11930
338,10706
1379,-6852
-14441,5634
-13870,-569
1333,4006
-2441,4424
-961,-1394
-2986,-16221
-13712,183
7756,176
1273,15879
-3430,5877
3709,6940
-3542,1525
2232,10809
6167,596
-15982,-2845
319,-6588
2235,6851
9042,3029
16624,11068
4956,-10663
44,-2637
9456,4594
-5804,4593
1013,1244
-5775,-1615
683,-15014
8160,7114
9554,-10394
-1615,-11916
523,-7531
-4994,-4623
3535,9869
-3568,13472
-165,-13448
-10528,-803
-1299,-8515
-5887,-2116
-7011,865
-6542,-9516
916,-1758
-2155,15807
13875,4636
-7630,7451
-2915,-6147
-6821,0
-9769,11940
-2534,9208
3933,-2003
-5105,-2691
19379,-1872
1247,7691
7019,2291
3181,-262
-4374,-1022
849,12305
9248,11148
-6071,-3709
12907,-11387
-3557,-13990
3432,-5190
3664,6809
2140,-7935
1766,-3164
10439,4136
-5053,-418
4152,5272
-10815,-12912
-6321,-16840
-10261,4762
-1177,-34
-2967,428
7606,-2264
518,-14120
1265,9958
-10199,8502
-2971,-546
-14503,5309
365,978
-5870,7437
23,10590
4685,-13422
3992,-5318
-3950,1665
8424,11581
-8050,14772
11663,4532
4997,-1963
-1281,7544
2073,341
-328,-2870
-4706,-13126
14056,-2881
-4745,2395
12020,9274
11171,-3907
4532,-9700
3017,-4363
-5853,5096
-15581,-3519
4985,937
-5364,-15897
3983,-1366
639,592
-589,-9070
1676,-8484
421,-260
-12485,192
-5474,23294
-6937,-2743
2409,-3402
-4043,-2230
-5368,-3823
-9971,1926
557,3983
5062,-9466
2707,18888
634,8428
4951,9800
-1256,890
6534,-5331
-9239,786
-9311,12841
6243,-5686
7779,2515
13912,-8363
11614,3071
-5689,770
9800,241
2628,-7065
-5798,5783
968,1934
-7395,3529
5580,-14387
13036,-10126
-7613,-15631
-2545,3824
-2508,-2804
-1138,149
10168,1975
-7676,5550
-10336,-2386
-2912,3926
-6618,-18635
-5018,1966
-8503,1926
-8770,3415
9422,5677
9651,1354
3284,-3585
-9141,17681
-8036,-3468
-3539,9356
2118,3903
-1374,1489
-2312,6083
5153,253
17292,-13502
3432,6544
3765,-3518
-6272,12022
2463,6931
14393,226
3205,-1903
-6824,-1375
2573,-13652
-6254,-4510
13442,-11751
417,987
-5922,375
7566,3459
7701,-5393
-1196,-2070
-1431,-4868
-27093,-1472
-3641,-3283
1317,1403
-302,-7465
-242,4273
-2270,-5597
-3130,-1425
11547,5290
-12936,3600
-9419,9004
-9753,14044
3730,-3845
5801,7128
2270,-5752
-11009,-6565
3896,6019
5575,958
13156,7373
-2035,15020
4539,-3167
185,7134
11129,-2250
-1156,-8756
-8537,766
-5788,-6214
13848,-2950
8049,4356
18024,-8718
-7822,-2894
-802,-3271
3217,-3638
-4038,3966
-10324,-1611
-3737,-4608
-11385,-4232
18195,-6647
-2270,-7324
-7323,-6426
-6482,-1003
-4550,5759
1112,10609
6286,9772
-19667,-3337
311,963
-5401,-2639
170,-1681
-2875,4606
-5693,-1004
-21,4797
20060,15891
3995,-546
4239,6956
-11136,-1807
-1722,-1588
1329,11762
6407,741
-2338,-7710
7485,1690
10182,-12713
15083,4498
-1133,-1683
-683,-6881
-10136,5368
8100,5794
4189,-3219
-3589,-779
-4879,-22506
-1742,-7292
-3538,-2662
9935,-187
-11793,-718
-171,2157
3774,-74
-2425,10177
-2735,-4718
-12872,-4000
-20663,-7210
6257,8385
-3154,3973
4639,4982
4566,-5024
-2679,810
6210,7220
2460,14386
-13766,-2020
-258,10329
-3216,-851
8353,8213
10349,490
-64,-12910
1593,-9465
7457,9445
4755,674
7475,16763
346,-8158
2180,-3973
2592,2480
1661,-5736
-5505,-12858
-6402,-4940
2542,-14976
5285,14171
7849,-1560
4285,-6940
-8499,-6694
-3033,-925
-7465,2814
-13928,10073
-2322,-13335
-8305,555
2334,-2373
8858,4490
-6547,-4105
-1261,-1956
-2270,841
-9557,20416
7565,12056
-5758,6102
-2449,-10112
5131,2286
-4413,-2254
2125,6942
6439,-4523
-1973,-434
16143,9933
6142,13760
4481,-4304
2594,-74
-5064,-15724
-4805,6241
3452,4927
-1229,-8830
11145,-9417
5901,-5017
7321,-7345
-1416,10908
-1249,-13503
-8706,-2772
-4621,6333
-5276,2863
-1210,1
-4343,-10455
3916,-21589
-10914,6880
723,1842
-4301,6108
-1668,3616
2765,2580
-1895,10259
-10513,10062
3798,-8945
-14843,-3675
1800,-1292
-675,11932
1559,7942
13646,559
11832,-4555
-3760,5421
8270,9967
-12836,4353
4055,-3527
2832,887
190,-1791
5991,4713
11727,-10351
832,-17122
12198,-717
-8763,3331
1329,7196
1222,4920
3976,-14136
-3950,-715
-2989,-1599
-11660,-13461
2155,-4906
-4104,-10935
2265,2542
-6062,15940
7090,-3749
-2158,-2434
-1785,659
-13837,-1533
-13565,13650
-7710,-1526
9079,-4959
-4544,5267
9857,2553
-2561,3443
4887,2279
6117,-3503
-5343,14108
-8825,13088
8687,7300
-2566,-4663
16344,-6917
-2614,-5448
-4080,731
8448,-3067
9064,-1624
4252,568
10595,11518
-9547,-2629
9520,-2898
-139,-12970
-8442,-8793
-8449,1673
-2869,-1894
3763,-10815
16450,1852
-4685,-10516
-3370,6595
-8076,77
-2717,-5693
-7780,5556
-9295,7030
-10922,-3165
3372,6426
5814,-17120
2454,860
-11204,6053
-1000,5427
-830,10471
9017,10853
1471,325
-9406,14140
-769,-8198
5983,-2528
-2068,-3600
6608,2409
-4841,4458
10954,7582
21945,-5634
3085,4264
-1785,-4107
-5810,3167
-8736,-6147
12396,744
-1989,-7620
-3902,-1328
9064,-8829
3945,-8137
8336,-9070
-2714,5207
-18421,-3863
-1055,12376
1841,-3819
-1980,-2292
-4382,-3451
-14749,-8376
-2652,-8304
4664,7497
-1473,-5978
-4897,17371
-1794,4330
4166,3686
4975,6452
-7625,-161
-13394,-3140
-9627,11821
10624,-6811
8700,10805
6536,-760
4262,-2007
3355,2979
9700,3857
5042,-225
-14380,11712
2323,-5256
2131,3580
11681,-7208
10084,-8911
-7938,-11927
-2086,-3694
12237,-2850
-1936,7773
8084,-79
-10340,983
-5196,-8137
5624,-655
-6518,-11262
-14370,-4283
-3923,-4474
-7832,-335
16983,5472
2348,5176
-6965,-7442
-8040,8083
-4623,-1038
-6704,9169
-1730,8597
-14157,-4293
4669,1705
7758,5025
12467,-7166
-3246,8330
-1834,-3161
-2550,7883
9932,18531
4510,3077
1438,-986
-7324,-3643
10858,-13247
-108,4074
7812,-5248
-1534,-5810
2299,3696
12997,1438
13065,2666
-9257,-2406
-313,-13691
-18109,-3805
2132,122
2017,-667
-5495,-6127
241,-9470
8215,-4103
-4771,1225
7686,3848
-20319,-1813
-9423,2412
-1777,10961
-1260,4549
-2422,-495
-559,-7961
-11989,-11179
10550,11536
-1891,7504
2456,6031
-744,9510
4591,1948
3142,9820
5465,7206
-10543,-15206
-1444,951
-475,-882
14344,4993
6673,7508
12089,-10744
1747,-7048
5639,8618
559,-3513
-5007,5452
-9746,-9147
5621,-6724
-2776,2439
12399,-5567
-1555,-16231
-5394,-7430
1235,-6394
-2261,14684
-6710,6074
3873,-669
-15082,-7245
1769,1494
-4855,-1736
-11504,-1762
-2289,-8940
-2297,3128
-857,8151
14738,18764
-5323,-3480
1401,608
-3845,1211
-9052,8893
-1356,9355
333,973
562,-12026
14773,10779
6206,-3541
8367,3921
2648,-4206
-341,-4375
-106,11514
2667,14526
1787,-11514
3102,-3048
2062,-20931
1650,-1448
-2743,665
4370,-8752
218,-5687
2319,8284
4720,-1017
-6873,9612
-3882,-16841
-6946,-9178
-15706,-421
-1394,6397
-3309,-1780
576,-1328
11726,-9088
-6480,11193
-2168,5006
-2874,6663
-12869,-3605
-112,10742
-3444,7950
-4549,7785
13447,-8106
-123,-8474
3924,-2827
3417,17392
-2142,1675
8829,9673
8741,-1420
-2527,3871
4981,5387
-4109,-8063
2827,-18254
2010,2186
1488,-6408
3744,11557
12179,-4887
6633,-12657
2329,193
-10642,2792
-7387,-5283
-9737,3235
3170,-16366
-5398,3387
-1119,1141
2787,-8760
1881,-7469
-3384,-1478
-2860,4166
-18582,20806
4463,927
-1890,1001
-2767,-1860
-2852,1351
-8013,-208
-2280,-1171
14215,-2949
-7084,11157
9709,12814
2423,10285
5406,-4279
6989,98
-6387,-1258
-13282,5034
9887,1592
1711,-8335
18313,-3239
4268,2850
2094,-6605
5559,1614
6127,-8156
-8838,-826
-2659,11452
-10339,-4966
9002,-7901
3013,-9103
719,-16788
-12015,3291
-205,-2436
265,-4585
4505,10943
-7471,2017
-5170,5500
-10473,1848
5942,-13168
-13473,458
-8306,4303
-5327,1224
5666,9007
12807,-1219
9361,4568
-14663,8559
4733,3464
-6838,3370
2963,5299
-119,3024
-5658,5016
7486,-4287
21471,-5602
-528,-7787
8456,3978
-9531,2553
4512,5136
12825,3730
1190,-2167
-7367,-5484
1484,-4295
-5792,-18660
11098,-1990
-5734,-5804
-4586,-400
2648,6020
10057,-3139
572,-4577
-7072,5516
-21198,-11727
-6740,6644
-2630,-1937
3216,-2568
-7812,4510
1731,-2074
3954,-4651
5539,11425
-3569,-3068
-12448,15273
-10338,8156
11480,4949
744,3598
3882,-1683
-3947,-10211
-2469,4427
14650,-3605
8426,10634
-3507,4299
9317,6395
-154,-1078
11397,1553
2477,-9160
-16482,-4700
-1382,-8231
7393,1495
7472,-6332
14199,2937
-6693,-12446
-882,-1004
5316,-701
-8585,186
-9502,-590
-11666,2320
-5366,-11234
10592,7061
913,-13175
-7938,-5000
-6664,479
-2676,3891
4100,12056
-2185,15815
-7234,-7732
-6710,10307
2483,-5699
1430,930
-6551,1735
-3506,-2478
5001,3677
11500,17150
18029,-2212
-4136,7837
-2830,-7019
796,2109
-2108,5663
4233,1920
210,-8856
-2453,-2149
21488,-9228
5487,1808
3311,-8282
-2866,-2468
-10187,-2670
4136,10616
5711,785
-12275,-6207
1953,-14415
-8984,-8646
1482,-6122
1580,6590
-8601,-8535
-4142,6105
7246,7240
-3605,5630
1628,3955
-17084,-5901
-10435,-8674
-4035,15255
3867,201
32,5599
6455,-1005
2676,-4225
10007,12412
-1439,9610
-1381,-3870
-11673,10313
6510,-437
4422,8580
7959,788
4126,-17458
3079,-8691
1399,2630
14401,2867
-6184,9431
7912,-6171
-396,-2398
495,2210
2419,-4876
-6217,-12289
-13724,-12958
8311,-5080
-6498,6296
11824,3100
1024,-5032
-5646,-8938
-2639,3758
-6131,6930
-17838,1423
154,-20
-13067,-6264
6930,5372
3930,7108
664,-8576
-1927,-1529
1063,4942
-7267,11454
6297,23270
-5033,-2418
4540,-3961
-904,3019
4790,-3813
-2220,2252
5854,-3899
3027,-9305
10456,17280
7035,5714
10539,6
-4823,-5916
4156,-12178
-10382,1957
-2340,5971
2236,-13356
3017,-5349
5646,-9704
10627,1369
-9008,159
5404,-7002
-11249,-6403
-9302,9110
-2635,6403
-7057,3267
-2720,-14224
6072,-8171
-13860,-4479
3132,10524
-4735,1164
-1368,2856
5662,8430
-2838,13686
-5340,4510
3863,2833
-10204,-16359
1008,7522
-2706,7630
3824,4510
13355,1322
12686,-3133
3536,-1422
2220,17490
-4546,-8809
1260,1846
-1062,-2675
2293,-237
747,2906
9607,-9596
8771,-22707
513,3318
-1703,-4477
-3793,11205
-2443,-771
7583,-6114
-8067,-1384
-7316,2237
-3332,-13911
-9129,-4860
2555,-12374
-3798,9406
-7862,8228
10485,6449
455,-5516
-3461,3922
-5543,3171
-20582,9816
-94,-1839
4112,2707
-1818,-3158
8055,12833
2938,-3092
5797,-802
11873,444
-9011,7982
-2985,11532
1829,12317
6270,-13379
9343,1952
685,-10071
-4835,-4350
7816,-2487
6484,-7558
7746,-178
-1826,14801
2295,-8012
1126,2188
3220,-14169
-9339,-8479
-14234,2175
-5994,-3992
8471,-8662
2511,3389
7307,-8500
-11564,8041
-2601,-1908
89,-1477
-10799,5282
-12456,8903
-4207,2431
-6075,3025
18273,-10005
-4330,17
-6057,1287
425,8965
2042,5281
7132,11132
7274,7863
-14482,5246
9400,-1082
1363,-5595
3306,-9120
-287,5753
-1772,-2445
8202,3851
24105,1738
1176,-6051
2127,2019
-11518,-1247
-221,-9642
420,4531
-169,-8633
-8708,-4016
6296,-1798
6194,-15357
9197,-2698
-11125,843
-8030,-2984
-12102,12856
7231,887
-3359,-905
-9157,2566
-9818,-11362
154,-2501
-2398,1494
8246,361
-14611,11788
5283,8395
8208,5338
3862,7781
-3071,-1363
-10371,969
-13598,1094
17951,3572
878,1817
9486,1293
5478,-2156
5668,-1600
12151,1602
5076,3767
-17061,-2296
3546,6577
-1745,-4721
13034,-3327
4288,-7475
-6005,-16475
-3086,-7089
9270,2928
-1152,-3926
2487,11731
-11348,-5463
-139,-1820
-794,1962
-2452,-9753
-16784,-7174
-9636,1591
-1037,-6874
10086,15762
2928,-171
213,-908
-11780,4693
3767,3990
-5377,6477
-8865,11594
-5195,-7064
-513,7759
10291,-729
17739,750
-7125,-3439
3674,102
1154,3584
4002,17000
10806,3431
-4098,1107
-4062,-11381
12130,-2044
-2544,-9229
5401,-1796
-2050,-9767
-2180,-556
15788,4939
7466,5412
-5044,-10707
-4490,-1704
-14644,-13909
-2235,7062
-1890,-132
-7886,-8539
475,-5515
4400,686
4140,-4408
-1067,12800
-11948,-10280
-10777,8529
-3553,12831
1496,6986
-2307,1161
-4234,-5212
1559,-14165
105,15184
6928,700
699,8098
-1639,4885
10179,6640
5661,8993
151,6050
1948,-16072
-12394,-1812
6262,-4202
9015,8533
3911,-2117
12706,-6082
5324,-9451
154,5142
8474,438
-15339,-882
-4783,-10181
-1763,1553
-2300,-4196
6938,1850
1056,-17455
-8711,-12707
5259,1629
-8985,9745
-1169,6086
-4525,7110
-5902,-10675
-3438,10281
-1459,486
-11065,-7450
-1539,-3039
-5146,-672
7003,9636
4010,21670
8830,-6926
-1886,2991
873,2616
-5182,5544
-3521,10751
-2658,-4101
9176,-9181
1846,8729
18170,-3260
2940,55
4926,-8260
3020,-5307
-3076,10998
-2640,10252
8367,-5389
-8486,-9710
10552,-13911
-5645,-3203
-3216,-4461
2920,-7277
-1020,-6711
-2481,5674
8694,10851
-12933,253
3552,-7726
-11626,-8344
-12434,-2156
-7043,11206
-2078,-1803
-640,-5725
13423,4301
-5831,1750
3972,11890
-5954,3691
-2759,-5412
-6591,14132
-756,10704
-2695,1953
11427,454
4520,-17719
7258,2172
-3513,10126
8473,-112
1532,5747
10927,1953
803,796
-1200,9636
339,-15568
4225,-13315
-7838,-6392
7047,-848
-5436,4314
12002,-2602
10707,-12126
-3594,2425
-7754,-415
-6702,1848
-15644,-7247
6156,-2920
-12085,-812
-2311,4720
5713,-5812
872,-8358
43,-3501
-3577,13489
-17876,7829
6322,14233
-1644,-2910
-313,2315
-3059,5250
-5617,-2939
1971,-6654
10276,4653
-2065,-1716
6201,22011
4804,3134
11968,-2783
4288,616
-4229,-1870
-10459,-1406
807,5647
9158,-17299
9529,4096
2789,-3832
7101,-4111
1442,-3837
7462,-6162
-6160,-3625
-15335,13805
-1986,-7078
1255,-903
1987,-13223
2460,-7314
-16074,-4636
-374,435
5386,-4291
-5404,10738
348,5530
-9662,11291
-5167,-4041
7547,-63
-12787,-7313
-10862,7192
-1135,2696
1609,4193
19547,2548
4995,8217
-5606,-1140
3069,12525
104,-5757
283,6729
-974,5452
-7484,-771
11513,-2756
14979,-3698
9298,-16398
-2000,8177
-2807,-6333
2661,4870
9104,5615
244,-3232
-6064,-3531
-7359,-3209
6448,-20818
-3302,383
-2366,-9534
-7833,1361
-793,4984
11875,377
4110,-998
-15925,4492
-7494,-7668
-16875,6030
2623,-1338
-446,3744
-9556,524
3242,1925
11345,-1795
500,5192
7157,3395
-19138,9311
-2265,7019
8501,12241
3893,-1584
1197,950
1145,-8331
-4134,-6619
19540,2898
1306,2493
2473,1023
1755,10391
8328,-5622
7152,3041
2606,-5614
-17175,-14833
-2558,-1858
400,-3790
12679,-5288
50,4429
2482,-13593
-3755,-1236
4722,3646
-6139,-4346
-13174,5233
-17214,-820
3700,-3490
-2246,6701
9472,-8647
-10202,-6796
-6722,763
3169,3081
3047,15787
-6132,10522
2846,2536
-13068,4002
12049,1723
-61,-613
-7286,-2862
-1199,-3241
5560,4795
9266,8562
22825,8739
-7322,-5061
4333,-1945
-788,711
-724,908
-232,2028
-2025,-7181
-3181,-11347
19564,3676
4113,-10166
5253,-4584
-8351,-5455
-4692,-4532
-1751,12163
2327,6613
-9720,-12440
-3874,-2117
-5864,-15238
3030,692
-7111,2227
-1763,-6948
-7900,4821
6040,14129
4708,3663
-4378,10980
-10496,-11473
-5944,-507
-10389,8477
9474,6651
-2900,169
4756,910
12876,-4170
5548,13326
4248,2090
1072,2282
-14213,-2280
9356,9614
2442,3956
4044,-594
8955,-16380
-991,-11067
4687,-4377
10045,10355
-6601,-6062
5668,3379
-431,-4368
-776,2913
1967,-833
-9797,-13626
-10115,-18180
-1018,5527
-2768,-3876
5371,11817
1572,-7192
-1143,-6995
-3021,7724
-7021,8613
-10726,-2476
-10621,7440
-3104,-10294
1018,14027
4149,3982
6965,-6760
-1492,-4566
1255,5766
2412,9419
-5220,23236
6809,-4930
682,1477
392,-1763
8025,1626
-3067,-5987
2277,-6751
10440,-8802
-1351,12585
14829,5699
5301,2485
-1161,-14321
3270,-2936
-10215,-3786
-9123,3677
4588,-8851
-5931,-10859
10118,-5163
2643,6093
-2215,-8748
574,757
-6686,-9445
-13004,9242
-3186,14836
-10129,-805
3131,-8978
-1900,-2598
-2409,-8892
-5501,14504
1607,-2623
-203,1061
4585,14505
-1429,11556
2451,7483
-3613,2244
5143,-17154
-9239,7704
731,4810
4404,2051
10729,155
13846,-5007
10245,1481
-7203,10185
8888,-7079
-7985,-2524
524,-3339
-793,3240
-3076,-319
7622,-10895
13433,-17244
-8633,-6353
5197,2613
-12023,5114
1101,-1711
3466,1843
-7489,-1403
-10202,3239
-100,-5465
-11961,-15431
5423,-1556
-10990,5419
-1858,7436
5291,11515
8375,-5353
-3077,3694
-4384,11806
-16753,-1085
1734,6258
-915,-1326
6116,-1060
-1389,12882
11828,-3942
8475,-6020
9789,4278
-3740,-866
-4194,15683
-3051,5077
15672,-7584
-1675,-1590
4948,-7164
-4412,-9455
2364,-3857
10019,-12305
3582,4195
-8534,6264
9527,2278
-5380,-4894
6483,-7325
-10215,-7820
-19836,224
-4499,-4329
5573,-2047
-1151,-4722
9476,6327
-12895,-1488
2614,3274
1230,703
-10735,3708
-12330,10254
-5806,9769
-1887,-6125
17015,4765
-2438,-9456
-2336,3352
-765,6595
7540,2075
7133,9606
3127,13826
-5822,-4050
4989,8432
5780,-14037
4913,-6193
-8267,107
1609,-3703
7528,-583
16806,5457
10135,-10950
-6555,6619
-7096,-8667
2011,-3277
-7898,-1811
-841,-2581
-10279,-6180
-1744,83
15705,-13630
683,-8
-7939,-5444
-7201,5939
-13620,3861
7472,11129
-1937,835
-14533,2493
-1166,-6202
-3684,-1524
3091,-4734
4102,10031
-11395,-410
5071,15285
13075,6468
4190,4832
1708,2496
-12998,-615
-4822,-6250
8925,11879
6093,-8393
3912,4602
6684,-3835
9420,-5773
13389,2466
-413,1530
-8354,-8256
-9725,11094
6329,-8588
5923,1631
499,-8846
-3754,-16772
-3403,-8038
2512,1829
7514,-3745
-12775,11754
-1976,-4658
-3158,4820
-1113,883
-888,-3855
-16189,-8473
-15689,-638
8618,-399
-1436,12315
11135,2167
-1917,3498
-5585,-1256
5879,10822
-1317,5047
-13625,5754
1188,1071
-6379,1354
17702,2164
11597,3441
594,-13470
698,2041
6033,1547
1696,9423
10471,11004
-7906,-6399
2815,-8369
2591,686
6113,-14563
-4706,-2468
-1627,-10969
-2376,-6077
11565,12264
4674,999
1568,-6612
-15020,-2301
-2329,-11344
-11612,7507
-3764,1769
-7017,-9431
-3455,-566
4139,-585
12178,2904
-10417,5641
756,-5079
-14978,6410
-2018,14830
3554,10675
-3751,2168
-3484,-8429
9435,-4829
-5700,3083
14232,6441
-3495,1165
1902,1903
10638,10970
7251,8626
124,-213
4566,-7261
-14057,-15929
7587,3836
1487,3003
6272,-5953
7029,-4329
8124,-8585
1157,-574
4661,9366
-13473,-13467
-6036,-1643
-9163,-132
2420,-548
-2403,2700
3222,-14417
-4601,-16959
-1181,9376
-3819,2250
-2394,12976
-9307,2661
3815,-1305
-8940,9588
935,5596
-4733,-10551
-7817,-1464
1361,-4635
5794,16193
479,11537
17296,2273
-2393,-4193
3695,6122
364,4980
-9191,6626
1381,-8077
6183,-2113
-51,-2876
18637,7652
2725,-11069
5825,-9064
4594,-4272
-7004,7132
-1858,7613
2244,2456
-5088,-19795
5274,114
-5690,-9733
-3842,-4623
-408,-6954
-1804,-7964
-1183,5450
213,19607
-2805,-7022
-1921,3079
-7577,-11358
-10173,2367
-12391,10273
-996,-898
3852,-6610
4444,9898
7632,-1189
-1575,15683
452,-3176
2393,-299
-9947,9501
-872,14051
2768,797
2658,-1107
16679,-16994
-130,2433
-45,412
9061,4248
805,-4401
8247,5879
4519,3334
-9008,4330
8515,-12244
-3164,-13202
-5168,-13608
-865,7619
-4723,-5335
7472,43
13043,-6648
-7015,-1943
-3134,5168
-12614,2238
-7226,-12079
-4841,7627
-7778,-3940
-6710,7772
6763,-1282
3852,-12222
3971,869
-9820,12753
-4750,4254
-4006,18171
7923,-3153
-1897,5783
-4031,6925
-803,-6059
6084,-6583
2391,241
9500,-1343
-6361,18071
13976,1734
12275,-1125
3427,-1846
-2813,-1673
-8212,-2020
-7968,-2347
16963,-10593
-3862,-1570
6762,-2887
4085,-1871
3446,-9886
6121,-3763
-5035,-604
-22445,5346
2390,4602
-6202,-5477
6386,-8165
-4614,-1572
-10774,-9804
-2982,1364
7639,351
-6773,2710
917,17675
-11110,6085
4837,541
891,3955
-3505,-8780
-15247,5475
-725,5635
5873,-3793
17198,10677
3849,1738
4846,1568
-3992,8086
11856,-5074
-4118,3031
-5280,6909
-3475,-5457
7512,1367
12680,-9953
15603,-10291
-12469,-2564
4879,-3473
-361,461
4461,6138
1659,-1429
-10252,253
-8538,-8729
10887,-8542
-11170,-10751
-827,-2281
-11621,-1416
-1413,3916
13216,5471
3228,3741
-13962,-2003
-5108,6004
-15509,-5203
3879,7974
-5000,3108
-6908,-935
3078,4380
13689,1800
6817,-3341
3683,12808
-13149,-3559
-168,12980
4768,10099
9244,-298
-2753,-450
741,-6302
4431,-14671
10417,7548
5458,-8143
461,4639
-3565,3733
15092,45
3663,204
-1776,-3058
-9834,-18030
-13376,-196
3879,-8133
7903,2407
-6454,-4430
6102,-4074
-2975,-4946
2047,5968
494,-1676
-21565,4343
-12205,-2155
728,8407
-2320,-1593
8793,3262
-7308,-11702
-6328,-825
8935,7062
-714,12722
-582,7279
-1452,12012
-4129,-5294
9738,12342
3092,-5056
-6849,-7248
-1095,-2486
3542,1266
14666,4743
12272,13817
4077,-14524
-519,3310
2346,-2965
406,-170
-5836,767
-6494,-8479
2483,-11752
5474,7032
14562,-13098
-3070,-2870
-6716,-10513
-2128,-533
-5605,10862
-2764,8869
-2893,-8202
-15331,-2076
5765,-10293
-4095,3468
-5554,-4086
-1602,-1032
-6616,1013
3508,16297
12645,11073
-10432,4830
955,-6229
-9733,1428
-4612,2144
4370,13162
127,-5904
2454,-1431
18006,3231
3799,3951
11280,4188
-4749,-251
-4463,-9108
-59,15343
5651,1526
438,-4117
7542,-10848
-794,-18607
7641,-1468
-948,6584
3344,-10078
-6391,4801
4139,-1932
-1702,3897
-2392,3808
-8401,-17220
-6926,-13278
-12538,2440
6874,850
-6644,9240
6696,-4692
1940,-3768
-3869,9715
-4233,7815
-5664,2309
-17942,-315
6598,820
-7153,10234
8559,5403
8531,-4983
1351,-8838
3130,3648
6013,14340
-8987,9509
12499,5396
-3290,-4375
5383,141
3868,4095
112,-12170
359,-12028
8813,-2922
-2813,-286
12994,15261
1940,-4878
5881,-12290
-4259,-375
-6040,-3979
-12677,-586
-1616,-2444
-3283,-18288
4715,5839
-1191,1280
6071,-4546
-6721,-2257
223,-5267
-13070,7697
-9994,20290
-3093,-3535
315,-251
-3051,-6695
5590,471
-11640,5157
7518,374
2817,-1848
-253,15289
5616,11687
1586,11766
-1265,-6969
10836,-5450
-12882,-4095
1127,7999
4381,-1462
7365,-4353
16807,-4027
7296,5189
-3973,-2163
8369,3358
-7212,-14748
-1930,2105
-5629,4138
-4940,-3090
7173,-9778
8755,-11687
-3265,-15407
-2929,12507
-8166,-5260
577,3507
-1227,4077
-5033,2151
-10185,4826
-4400,-183
-737,-20259
-5127,6107
-6356,-781
-1623,12216
2593,7753
14882,88
292,3253
-8980,13454
-2932,-3394
-6839,7179
4589,-5716
4247,6039
-4439,3895
15209,673
13401,-10059
4388,507
5383,31
-12799,11465
2363,-243
11565,1750
-2186,-10389
1283,-107
-1937,-12161
-2212,-10447
13223,-7930
-5529,1028
-4411,2340
1933,11727
1814,-11821
1686,1147
-9024,-5852
-21290,-4220
-4132,1069
-307,-2571
5446,-4986
-2384,13831
-547,-6363
542,7241
4563,1698
-7536,2082
-13118,13141
-9366,8784
9680,-4146
4631,7046
9545,-10728
-5941,2518
1581,1551
12047,1134
6333,8359
-2509,10647
5104,50
-5210,3579
16313,-11557
-1381,-6487
-9674,-7193
298,-2225
7233,-3092
10123,1233
15770,-2230
-14942,-2198
1377,-4405
-3420,-1410
-6236,-6579
-8075,3383
-10108,-5305
-5332,-3918
18285,-1112
-3206,-8173
-2124,-932
-13153,6411
-3958,569
810,16698
562,5017
-13548,-1380
-560,4353
-1184,-8515
8963,-455
-5528,6615
101,-2709
-1030,14126
17341,9495
8914,1253
-1095,6992
-9508,-7929
1576,-2180
-2042,4793
13947,-5105
-5380,-952
7522,-3270
14273,-7155
9381,2631
-307,-4877
-5164,-2651
-18515,574
11948,2199
-2171,-1663
-1350,-7296
-2791,-14081
-5068,-8790
2214,-2388
7091,5727
-17449,-1031
1386,8224
-4947,3233
2391,4056
-2416,1144
-14670,-8924
-13723,-5361
6342,10795
319,447
10354,12423
-1946,-1273
3818,-101
4209,12183
2433,5104
-10511,-1214
-5086,8441
603,-7569
14315,10530
8475,-3487
8237,-12718
-3870,-3883
8585,2288
5257,3819
-550,13549
-887,-11645
-918,-795
-461,-5381
10155,-7021
-11767,-11389
-3580,-9111
1105,-6957
1098,12971
10091,840
-2038,289
-13744,-10231
999,2338
-13665,467
-7183,5294
-4875,-6614
-8796,-1662
9889,2431
8910,10080
-4425,-6013
723,5925
-10055,-1424
-2237,17818
3928,14410
-4547,-952
2000,-7680
5015,1228
4066,-7778
6680,12238
1176,-9008
2533,1744
8387,12323
8425,7307
4052,-1929
-3629,-5128
-1947,-21967
-4655,8082
2662,-3397
4020,-4686
1757,-7052
9006,-5893
5451,-124
-5876,8310
-1269,-14101
-16924,338
-6675,-1245
-231,8134
-6207,-1472
2742,-9803
1750,-14177
-9119,5692
6437,6670
-10253,10864
-2942,-252
2426,10007
-5520,5418
-268,9870
1512,-7985
-11079,-9881
7872,1575
-1321,12817
7764,5658
11774,8541
6710,-10516
2100,7743
3131,7648
-9678,-3757
2974,-3972
-1801,-4679
7264,-4865
5592,10783
11377,-16420
2961,-10927
3328,-2156
-6144,1459
-3554,10972
-6120,-170
5011,-15358
-8978,2490
1715,-7674
-7271,-5635
-3183,-7774
276,-8395
-1986,9929
-7085,16128
9234,1452
-10283,-348
1886,-5351
-11785,4690
-13319,6870
197,109
5707,-3232
-130,3623
16138,9980
-5582,5180
9988,-1185
1236,463
-7000,4588
-3593,15251
4091,3467
1521,-10965
18691,-4919
-3394,-8507
4750,645
2639,1336
6651,-9592
2330,6322
2781,8764
-7032,-4267
5743,-1781
-4038,-20755
-2399,-8888
-13111,5016
1343,-5606
1744,-1559
10425,-36
-1346,-5126
-7643,12863
-10098,-4006
-911,-4317
-15134,3736
-1807,3715
-10367,5583
5119,2043
12545,-12326
603,4308
-7215,5396
1467,11798
-8264,6949
13985,6773
-3019,3849
-5345,6706
5566,-5456
4466,-7543
3801,-8750
8391,7612
-8594,2274
15853,9215
12336,-4144
3988,-3389
-2608,303
-10362,-2941
-5554,-11253
9335,769
-4129,-13121
2224,5312
1949,-4819
7925,-10597
3743,-2251
-7836,1760
-17374,-675
-7440,14682
397,-10808
2172,2245
-8226,-3277
-4419,-6917
-4144,-1201
5986,2883
1422,29
-9997,22096
-314,2780
5257,8592
899,-862
1980,-1802
-15951,-899
-3569,4978
14733,-4049
6580,8991
11477,-908
3436,6177
-473,-3283
14470,2897
-3852,-3936
-11319,4688
683,-2254
-468,-2626
17334,-10061
8261,-4248
-8553,-15301
1017,3563
2179,-4937
-12,4798
614,5393
-14824,-1984
-2347,-6687
2348,-387
-3019,-18023
-10529,4214
-9025,-4690
-990,3435
11746,11422
2499,3596
-5403,-436
-13039,9628
-144,-7781
-4954,12040
-3268,1148
-5344,-59
1913,4766
14939,1449
16220,-2319
-6541,7953
1637,-4713
-6817,11572
7565,7181
8889,4069
-4899,-4073
-915,-7566
12236,-11329
-248,-1896
12810,-5661
-8769,400
-350,-1019
12434,7655
4587,-2488
-6018,-3831
-5940,-10944
-19426,-9788
7360,-61
-2496,1312
-2483,-7744
-592,3145
3703,-5662
1080,5104
1551,6699
-21619,-4875
-8605,6180
-6176,9149
7021,-264
-1147,7083
804,-11989
-3814,-4407
8333,11947
2784,4533
1580,11330
-7618,7738
9749,-841
796,11231
9225,-3966
-5691,-11889
-5209,-3411
6171,-3922
14418,8275
3274,4617
14348,-7760
-7495,-3463
7302,-24
-191,-664
-11511,-2509
-7489,-10090
1418,-4416
-1600,-1650
18426,-704
-8707,-12108
-2577,-8254
-3168,2359
-6220,9076
-4742,9434
-3823,1280
-14540,-10437
7305,5769
-5653,-3651
-1484,-2649
-5658,-668
-1557,-437
3550,15641
10855,19411
-2938,-5263
693,4686
-6940,-5374
1253,5240
-3920,9528
4715,-6740
2539,-5551
13081,8496
12983,-3738
6555,8112
-2980,-10221
1440,-4146
-8922,9092
7208,6083
-677,-7647
-384,-9054
7146,-19878
587,1856
-2034,-3167
5079,-2364
-12011,-4910
4829,7386
-794,5438
-8175,3864
-1765,-14311
-11354,-9112
-11057,-4557
3908,13425
-7524,-2191
6773,2856
5356,-1161
-3145,8406
1082,10588
-7622,4007
-10546,-8762
535,13777
-2946,1440
6685,10249
9481,-6186
5929,-12509
5711,3230
1713,14138
653,-107
2284,11714
4243,-10375
2789,5762
477,1465
3415,-13888
18,-15540
373,-3153
5589,-3623
-1538,16639
9174,-8867
4387,-5990
-6767,-3584
-4444,1386
-12714,-3111
-10588,-3613
5003,-13381
-8433,6696
4835,1262
4241,2019
-3835,-10013
1489,2522
-9668,7479
-15728,16934
4780,4334
-6107,-1978
4701,-4864
945,8083
-4681,-5656
5565,3584
7491,-3424
-2448,9324
8840,18760
-1120,6486
8799,-7895
2909,-105
-3695,-11653
-6761,8606
5072,-3847
6942,-10662
14352,1402
3080,1150
5173,-2942
-2812,2849
4329,-17129
-11301,3506
-8597,5058
-4706,-3969
3743,-6006
4486,-12755
4970,-10281
-15873,7668
3239,-3463
-5140,3388
-1609,5356
-3680,7871
-10298,7365
-5735,-2234
8904,-10960
-14443,-2049
1386,4665
-6395,9863
6518,4035
15997,5754
3814,3925
-8992,7629
4163,5376
-9564,-5409
9185,748
-3450,4406
74,-1092
11172,2716
17734,-10828
4551,-7667
4144,7766
-13018,-1964
4958,4958
2702,681
3923,-9592
-8272,1285
164,-10457
-29,-17079
6448,-965
-5685,-7263
-4147,8381
-6400,8158
12637,-5158
-5533,1371
-7773,-731
-16633,-6555
-10114,4889
2206,-6082
5843,3815
-9975,6422
10153,2873
-754,1870
8003,4511
-2309,2419
-17079,12067
-5633,5186
11495,5469
1167,-3804
13764,339
-6911,-6875
4622,-794
14172,1062
3700,4588
-1883,5671
3166,9072
-2369,-8991
15451,555
-3761,-13679
-9478,-9071
-4274,-2461
6080,-4775
9882,-2431
7521,7207
-8168,-12536
-1596,5706
-2965,-5869
-3620,-3198
-16286,3470
-10474,-2307
-1782,-5082
8999,7225
6649,-12989
-6881,5314
-10863,-319
3115,6673
-3669,13362
775,10321
-7098,-1358
-7704,6810
11241,-9192
4208,3078
-4859,-3770
3292,3649
-1785,4665
17226,13133
14859,2279
-7465,2677
125,-7916
-2685,133
-191,-5790
8448,4124
-6502,-11397
4200,-1435
17280,-3979
5338,-3043
3693,-4325
-11955,-773
-11878,-8089
2602,14100
-441,-6276
-5946,-4025
-3561,-9639
-4316,-11591
5309,-425
-2216,7743
-7039,-7021
-8746,16027
3045,2503
2717,9161
-3999,3388
-11151,-9677
-8501,-4522
-2659,10864
12479,-497
-1530,12841
6530,-3889
7210,3537
4904,8820
4952,5137
-5752,-2611
-14178,2967
11681,-2739
2777,7975
12962,-6354
6530,-9799
-2290,-12367
7489,3099
7901,4401
-9611,4275
5215,-3382
-8998,-3200
4780,-4548
2991,-338
-9034,-19042
-8644,-8250
2173,-2271
-3452,5323
11432,10862
-6997,-2805
-3607,-8486
-6418,9527
-5330,-1877
-12529,5488
-5496,-1578
-6824,-6874
10119,11890
5438,6454
7866,-5410
-7537,4642
2399,-1641
-4744,16424
1670,16631
-166,-4842
2061,-2582
1805,-3366
14678,-3566
-4778,2853
9510,-9425
-72,-1821
5364,11537
10795,7249
3238,208
-7071,-12603
5585,-11859
-14891,-2045
4899,617
-1842,-6738
-285,-9737
8570,-1864
5368,4271
-7452,-714
2231,-1924
-20254,-9677
-4396,7376
-6660,10777
-3924,-2785
739,-6453
3575,-8224
-5701,-2723
4913,17576
-8232,-904
1587,5716
-2423,11344
2630,7524
-2544,9694
2708,-4434
-3313,-18319
1773,8924
778,2731
10192,8973
5225,2168
16282,-6699
228,4380
994,9310
-1857,-10053
-5561,-1778
-909,-10742
6233,3316
-3214,1122
16373,-9873
1783,-16326
-488,-1433
-926,1547
-11578,10797
-4361,-4651
3784,-2052
-12703,-5639
2401,4350
-7150,-9917
-4821,-9396
3292,-4509
-6893,10529
-3472,11640
7117,13759
-4014,-10257
2275,6814
-9842,2515
-11539,4144
499,1687
3702,-3089
5406,-807
8525,18898
5227,-6452
9109,3953
3332,-4126
-3345,3640
-7204,13748
1217,3299
8942,-14407
6226,547
5913,-14815
-889,2579
1704,-7017
9680,-7476
-2361,3372
-2834,11002
1017,-3289
-5824,-838
5453,-20071
-9514,-3687
-15483,-2585
1070,1169
552,-5713
5455,2800
6216,1460
-15018,9490
743,-1944
-4615,1193
-11912,-3079
-5881,14273
-7787,1740
3099,1550
18720,-4820
-2466,-1941
999,5553
-3336,13039
1955,-2474
7377,14752
1142,1777
-6283,4275
7363,-733
4406,-14537
8619,-9044
-3485,6593
1849,-5374
5759,11204
16745,-5222
4057,-3874
-5812,2993
-10337,-7242
-558,-9681
-5125,-717
4503,-11378
-10859,5527
5228,-4894
10174,-8029
1389,-1896
-8740,925
-11486,3679
-17691,9573
10956,-1411
-7315,2943
-4905,-2119
-3073,-2117
-1652,-4808
5598,1434
6143,6137
-16198,11430
9000,12336
2058,6181
8194,-1080
-895,3188
-11470,-6323
-4905,270
16032,2363
3401,-3385
13259,6965
-598,313
9773,-5661
7845,4823
831,-6687
-15014,-508
-3552,4255
536,-11119
14866,-1131
450,-8845
280,-14457
-8602,852
7895,-3638
-1933,2134
-6855,11209
-10675,-4961
-2399,2583
-2624,-3781
5814,-9652
-20610,-2045
-4456,-1310
768,2513
6939,13691
7479,3610
-3588,6101
-12919,1273
9718,4163
-9997,2859
-1410,4754
-5171,-438
595,2270
18658,1504
16467,2422
-5399,-6250
5203,5219
-6952,-491
8895,10393
4623,5094
-5154,-7157
-643,-8312
9780,-5292
2746,-14667
6244,3293
-9479,-11136
892,2283
6409,9099
7319,-814
-7073,-4591
-10891,-4424
-10937,-16711
-2062,9453
-3119,-5186
-1889,-1962
-6760,974
10157,160
3879,4043
-4043,9966
-9830,-8294
-15374,11460
-2679,5297
8815,9679
-5896,-145
5439,-5950
1707,-7402
3716,9795
12281,3267
-5153,10021
-2824,474
10837,10516
981,1435
8862,2074
-2882,-15344
-9571,-9581
10205,-2029
6118,6751
6118,-3981
8618,2199
-2100,-13497
4854,6635
43,-907
-14294,-7828
-8025,-6532
-5987,-1919
3880,-4882
6414,8980
-567,-19673
-5018,-3699
-2609,3064
-4095,8131
-5774,11788
-9402,3766
-2612,-9242
-4121,13058
4968,-6078
-4155,-666
-5801,-5010
2867,968
4519,15297
5283,18383
10650,-3347
-8161,3224
4940,-5334
-1647,7747
-5225,1016
4467,-4498
3687,-7987
6443,4912
21787,1682
-2117,-388
5796,-11631
-3185,-1053
-7476,1404
1203,11710
-284,-8112
-5849,-13608
10709,-9300
-6169,-4971
3144,-3248
-3683,-231
-5089,-10884
-2386,14394
1321,9602
-8523,33
-455,-4214
-12622,-13221
-4380,-893
-7969,14743
2898,-5464
121,4740
9231,2801
1919,6095
1191,15344
-5907,-2150
-905,-5338
-11127,11177
7639,4166
-672,7651
11338,-6705
11283,-14015
4201,3118
617,6736
7780,3029
-8063,1576
12680,-2753
-4143,4159
217,288
4384,-12745
-1591,-17559
-3467,-8921
6732,5101
-9988,3667
13775,243
101,-6804
-3499,-2886
-6980,6530
-11702,-3437
-12043,-9053
3049,-165
-11177,-2833
6038,11676
1110,-458
5510,-10432
-1749,5455
-5893,9320
-13061,10528
1256,14281
-1168,-9621
5660,5243
-3575,4168
5894,-5601
748,-1425
10477,-2607
1497,3439
1252,22885
5823,-823
10440,-1174
-1695,-6907
3804,-5619
-14081,56
3746,-3574
9753,-13377
4356,2558
6434,-2082
4547,3274
-5002,-8452
9125,-6000
-16351,-3361
-12246,8161
-3595,-1270
-2255,-5813
7181,-11805
1876,-461
-14479,-5053
4282,7758
-4090,-3812
-1873,8890
-3975,13511
-10241,7283
39,-2497
5911,-1233
-7417,-13118
-3668,13815
-3884,1270
9660,4418
14124,7543
6368,3997
-2802,4185
-1176,9544
2692,-14690
469,6860
-3918,-2272
1236,771
6438,-1044
19220,-9596
9323,-10751
-6738,7223
-1571,-7233
-3831,7557
2702,-3816
2971,-655
-13559,-3422
-774,-6359
5577,-16521
-4589,-3647
1677,-5687
-12994,9787
-2848,2740
12478,7469
-4301,-3181
-9445,4735
-10485,-3039
-14828,-526
8463,-804
-2276,5944
-4081,-79
6730,12838
7953,-5148
7942,6388
1247,5323
-17460,4047
-727,8341
4872,6685
10183,-8403
2941,6545
1615,-13921
3964,-3072
13503,1010
3685,-1941
-1411,6497
-5475,7871
10294,-9238
2407,3795
2276,-15379
-12969,-9649
-8464,-4519
6014,-5837
9239,114
-3681,4660
4142,-7324
-11171,4295
5268,-3600
-6105,755
-19453,460
-11221,939
1139,-51
1562,3177
16048,-2826
-13567,-1215
-1441,-139
2336,10534
-529,8282
-1647,13234
-3206,3522
-8801,-1040
17811,2336
-182,-5187
1509,-5849
-3216,3770
5359,-1845
13104,13100
15569,6662
-5865,-7387
1594,691
-4778,-7208
5536,-4816
-5416,2868
-890,-13797
-1774,-3002
15069,1176
8853,-9081
141,1253
-14212,-7722
-3773,-2546
-10236,11907
5296,-390
-11243,-4451
-6360,-5431
2076,-11570
2616,4066
-4849,509
162,961
-16279,7973
11140,12114
2041,9689
-4443,3808
-5293,-8120
-7866,-2283
-3039,2575
14984,10008
-6270,-1012
11480,2892
8083,2113
8345,5768
6351,5266
-5813,-2929
-12519,-7546
8636,9759
1108,-3980
11868,-280
2473,-12994
2850,-15437
4672,2292
5096,5787
-6820,-5502
-3099,7224
-5494,-9862
3829,5064
-3729,-2323
-3554,-17473
-12740,-10670
-1526,1934
2444,1376
705,17505
-340,-7490
-803,1136
-8998,5659
1757,5630
-14428,698
-9225,564
1704,-5901
1363,14832
11853,2548
9594,1220
-6308,-7249
8052,6784
-3548,10257
-2316,14888
5784,-2622
-3694,-3691
7332,-6006
11110,4271
-2791,-12925
7432,-3513
927,-8191
2038,9166
11096,11312
-944,-2171
-1168,-15394
-1925,-2025
-9232,-12285
-3774,7399
-3067,-10983
-1289,-10222
5858,3402
2931,5303
379,-2914
-7109,3831
-8020,-14508
-12118,14924
-7185,9744
-1851,150
-1101,-4924
3134,-5606
4503,-2203
-5896,16443
5547,-4541
-3490,7925
-143,8424
5750,14207
-2261,6368
1807,-4957
6853,-16043
-9025,2759
9423,2481
2696,7287
8022,-6039
15824,924
2472,-79
-2272,6832
4239,-6158
-13300,-10987
3293,-6108
-4497,5379
-3,-5752
9632,-2726
6216,-19490
-3501,-3450
-67,8436
-14843,2024
-313,698
-5577,2263
-3864,-5836
-7503,11445
-793,-10678
-4219,-12080
1576,1553
-6724,5090
869,15572
-682,12840
11487,-7818
-5725,9420
-2902,3639
-8894,1441
-2058,1745
4910,-6702
8690,3524
-1351,12294
19115,-2849
2853,-1917
9230,-4616
-2617,3489
-10697,9858
247,453
11389,-8138
-3118,-7977
12362,-5243
-8211,-5849
5506,-9420
6859,-5361
-4078,262
-6548,10356
2090,5796
-8161,-10323
8588,-5957
-15168,-8348
-11863,-2437
-5451,3747
3865,-6968
3028,2566
4899,11972
-10208,-294
3624,8770
-5045,-3700
-4302,34
-15064,14919
-1927,2731
3981,-1310
15523,2432
5098,-9774
163,10515
-3539,3302
11939,753
-1635,9716
5176,5836
-5157,1006
2395,1144
11938,-18685
4239,-5609
-8204,-4483
6477,960
-1719,716
18579,818
4446,-3808
-11253,2252
-4864,-7473
-3667,-5040
-8144,-9820
2408,2141
-15978,-4546
5727,1783
11455,-5606
504,-3363
-5881,2309
-13415,8466
-12917,74
7410,14137
-6268,-3980
-4714,4654
-3038,-874
3461,-7163
7763,393
1791,9349
-7574,928
2936,21646
9207,-632
10299,4641
-4210,1029
-6143,-7451
-3504,-4121
8491,3640
11562,-9687
960,10368
5186,-6739
12272,-643
4293,-1456
2994,-3425
-15210,-4634
-13007,3971
8889,-9359
2075,1651
3021,-12314
-1064,-6795
-9272,-8769
8437,3014
-610,951
-15037,9209
-3135,1857
-8669,4778
3888,-4414
1681,1416
-17241,-12530
-6422,4410
4489,2518
4026,9646
11619,10140
-6346,4797
-1292,-1963
4659,12881
-1080,-6098
-7105,7595
-4203,-1402
1654,-2350
19308,5664
12060,-374
5224,-11267
-4991,6487
4878,-6847
2290,11798
1550,4040
-4403,-8315
-2028,-5996
4275,-6199
11905,-13901
-9323,-254
-663,-13290
-5132,3606
4516,8058
8017,4159
-7309,-3139
-15280,-5690
-284,-8739
-14101,4660
3041,-1726
-8507,75
-4798,-2611
11186,7702
8034,5049
-6213,4650
-1031,421
-19739,2908
4631,10876
2003,12710
-583,-5591
2559,-1530
7659,-7343
3942,1424
13975,9858
-7378,-2417
3308,3155
3028,11896
10176,-979
1133,3281
-193,-15189
-8120,-17281
5493,4119
2901,-2185
8344,-1194
-2736,-718
9553,-10652
-2454,6598
653,1558
-11821,-11513
-14199,-2122
-7458,-4599
6388,4082
-5345,3358
9748,-12415
-8996,-6854
-290,5353
-148,9079
-9312,12306
-8484,954
2621,2953
-9361,5142
12447,4799
-6585,-7151
-2631,-7386
4774,2747
3904,13515
5835,12359
12941,6413
-6455,-9608
9265,5672
-3981,1729
-2611,-2861
-234,-4697
3416,-9017
6157,-643
16558,10987
2013,-14235
5508,-4300
-5865,-6404
-3124,2452
-7824,11260
-1117,-5644
-3871,-16483
1756,752
-37,-11723
-452,2850
-7160,-7670
1702,-5272
-9192,12602
1494,15800
-2390,-454
-7365,781
-2823,-14427
-6844,6507
-10782,5490
7857,2458
-2591,-2579
10028,7860
9294,7562
-3109,12811
3842,-4874
-2009,-172
-10417,222
6754,15315
-1731,-2195
10204,-5616
14996,-11905
988,-2038
5118,3149
2695,5517
-3279,-11344
6331,9433
-3492,-1510
-2036,2170
3115,-10385
-2575,-20710
-1959,-9850
-4017,9613
-2473,-5880
4178,8962
4354,-9347
-2415,2468
-9758,8576
-9560,-3345
-7615,-9272
-8177,4378
-696,-4109
-4729,16815
7135,-4041
10061,-5354
-2311,2568
-3413,11136
-6274,9205
-7593,11995
11483,-6235
-3444,7665
1341,112
7412,-870
2137,-11232
9576,-2015
5762,3333
-7527,14767
14946,3406
3944,-2206
4079,-10620
-1299,2245
-11902,-9729
-1322,-3846
10396,-10232
-2841,-4752
8614,4915
-1992,1451
4523,-12292
774,1948
-10629,-7587
-18227,9514
-4797,4218
-2821,-9789
7838,-2919
-5153,-343
-2405,-6489
-5363,9549
6357,-5593
-4641,9933
-5977,17529
-5767,5542
3800,2956
1161,-3105
5400,-9786
-15588,9040
5128,-338
8535,2795
12154,6226
9313,3997
602,5776
-4862,1613
14309,-7924
-10568,-1461
-427,-784
-3691,627
5301,-5750
18306,-7640
10234,-8007
-11563,-3580
4084,1917
-10027,-2347
5655,948
-5061,3901
-11757,-5611
-3760,-3158
7121,-10581
-5731,-12848
120,5498
-15936,408
3002,7310
5742,11233
3870,-1659
-12156,6242
-8474,2694
-8473,-8332
4750,8629
-3890,-1386
1380,4344
-690,9647
20001,-2634
7044,3222
387,7246
-9422,-2787
-4842,11974
4836,190
13999,-569
-7180,-1908
9196,-9294
3203,-9103
10157,-525
7566,-4780
-8014,6577
-5852,825
13242,2922
-3768,-5744
4200,-5845
-15301,-13458
-11148,-6810
6848,-3357
3281,2068
-4291,-1797
3358,6435
-8484,-6209
7521,7405
-7140,-295
-18484,-1124
-12044,4253
-479,4100
5779,-1753
10087,9489
-6183,-12592
675,6155
3021,6969
5016,7526
-4519,12432
-4423,6324
698,-5468
9419,10453
7988,-13648
-892,-3049
-6230,-4842
10809,-379
9427,8704
10719,8144
3166,-9976
-7917,2572
3963,-10875
1165,574
-11265,-6804
-906,-7143
-4428,-7438
9260,3480
15626,-5821
-9067,-1274
-6379,-9600
-6845,5332
-10065,3499
1909,11457
-10973,-7005
-9362,-3934
8197,-3834
-1947,905
1528,-1669
-5293,6598
-8154,-1981
7418,22885
6411,8265
-3818,2508
-1864,-2968
-7642,-5933
3900,675
4005,12913
3567,-10808
4038,7173
12973,-221
11288,4260
5129,5369
-6367,-7504
-5231,-8924
-5293,10805
10507,-6015
122,1211
3760,-16017
5212,-13595
1957,356
1645,3483
-877,-4412
-16238,3870
5085,-3539
-5255,8632
-2192,-3724
-3419,-11552
-12530,-13864
-4980,1992
7474,7737
-8851,9529
9206,109
-4643,3039
-1294,3993
139,13110
-10061,-4030
-11475,-2121
5148,2839
-2697,5906
17087,9029
4991,-1735
5213,-12593
2992,10450
2716,6372
-4571,9134
4386,3532
-3294,-11547
9471,1190
2525,973
7503,-16591
-3367,-5978
5572,-9428
-62,5590
4892,15582
965,-7261
1182,-8489
-10241,-4753
852,-6642
-16276,2890
-776,-9359
-2001,-9889
166,6761
5116,5051
3852,3323
-11499,-4191
3092,-3409
-19267,9702
-4565,13540
-1909,2658
-2027,-5355
5603,-4362
7555,5057
-7222,2740
12170,4640
-5586,-1820
4029,10948
3383,17374
604,3291
3234,-7154
7330,-8914
-7639,-10772
6836,11082
-392,-4247
11613,-5721
9179,2152
6668,-249
-2638,3067
609,-761
-7633,-21103
-4071,3704
-9051,-820
2488,-1223
511,-4968
11275,-15243
-2826,-5567
-6721,12514
-6137,-3714
-5978,7492
-6459,-1302
410,6015
-14242,6640
4329,-4241
-151,-14141
-4266,2114
997,3974
-3684,18054
2124,4648
16570,4987
-6327,847
77,10168
-4727,-1198
-5126,-3275
9240,-5899
2526,5693
1005,1677
17704,7511
6906,-14563
9341,-196
-2519,2155
-12302,3910
772,968
4709,-4283
1079,-14641
2221,5970
-3222,-16091
3818,-6689
3917,-6419
-3836,-1021
-8318,11275
-4328,10084
2833,-12567
-2491,3993
-8284,-11817
-13741,2011
-8693,165
6946,-4106
3033,3020
-2150,14447
4092,152
-3804,10582
5583,-5941
-4917,5949
-17193,7832
-77,7420
7119,-2879
9033,772
15702,-6013
-7507,5060
5817,-2193
10002,5030
-568,-314
1533,11810
-2571,-5
-1970,-3935
17709,-11638
-3885,-11073
-3778,-8796
-2388,4920
3437,-8974
11649,6824
5445,-1377
-12845,-2270
-2420,171
-7561,-7984
-2210,-9374
-11941,7591
-8026,-8699
-1058,5975
13576,-2138
3491,-5278
-5749,7023
-14591,4925
-1373,2184
-5085,15897
4462,-1785
-10739,6597
-664,-489
9541,-7432
7895,487
-1673,3481
2545,3374
-7283,14486
20849,3795
5716,4843
-3080,-2012
-3644,-6102
-2582,-6698
3305,-3048
15111,-2687
-9994,-1323
11822,-1554
8110,-1156
7783,-5447
-363,169
-14486,-5876
-16644,-2375
8905,3230
-4501,-6977
4791,-4132
-7604,-6763
-934,-11564
3286,6189
1334,2660
-15367,3059
-5168,13736
-6233,-976
8198,5401
-5602,820
-6370,-12502
-12163,2728
7620,4786
7441,4432
6181,16154
-1096,-1893
5730,4808
-395,7196
9887,-1920
-14265,986
-4191,-716
5754,-4763
12413,7436
13914,-6074
8031,-6171
-9810,-6162
12842,1037
-3502,4368
-1494,4723
-3724,-6469
-6804,-5221
5305,-7999
10452,-4287
-13357,-14698
529,-3300
-7886,-2637
4239,10136
6208,9348
-7979,-2257
-11513,-7262
-1808,3803
-10735,-6548
-636,9057
-10318,-5704
-893,-706
8938,11341
11258,6552
-331,-281
-4888,7511
-8795,-6856
690,19515
412,7188
3940,-2904
-1725,-3969
10876,-5232
10252,-3717
4404,10132
2560,-11258
-2004,6922
2088,5552
13626,6780
-4121,-3050
-738,-12493
-2491,-18738
-5892,2457
8264,-4537
-223,1489
-3241,-9146
10932,1823
-3075,584
-1381,5423
-7249,-9424
-21151,-5274
-2662,-491
-1597,10758
-2562,-4697
6759,-77
-3523,-13413
-149,8207
2996,12306
-10740,6506
-3041,3297
-2879,9549
532,-322
5053,14404
703,-14624
-1868,-8391
4415,3421
4428,8542
8977,10946
5054,7181
7870,-13677
-283,10840
2363,-2951
-3727,-3842
-4932,-8144
2551,-9800
7297,114
4288,9094
14512,-14488
-4669,-5146
161,-8384
-4936,6831
-12299,6642
-3523,-2585
-909,-11860
-8522,-984
9523,-3805
-9451,-808
-787,-10655
-542,1406
-7840,7965
-1134,20248
2861,5077
-10200,-5057
5761,-3238
-12253,3304
-3688,2118
1485,6474
3940,-8944
6902,9732
12591,12699
-1144,2759
9188,1324
-5001,-5492
-1701,-1170
-5585,17194
5273,-6534
5582,-7240
13766,-7777
3540,-9271
4361,6024
-2479,-2435
6409,-10268
-7901,8662
2796,1663
-6659,1884
1,-7970
941,-21964
-4511,-5478
-11621,3187
5474,307
-7092,2755
11679,-1952
-4029,5208
-10293,8978
-5089,-1755
-6166,-5438
-12511,-1917
4137,8536
-11820,7070
13897,1723
10258,-4337
1669,-512
-1749,11867
-3565,10457
-6692,1056
12945,7187
-6122,-1850
4829,5291
3806,-2684
8718,-16522
6484,-4007
3998,5080
-5509,2774
10692,12955
5375,-10809
6778,-3725
-9601,492
-5427,-10478
-6544,-7526
5351,-6234
-17,-10338
-1140,12691
641,-5108
9391,-4581
-5998,-2333
-3880,-1000
-21794,6193
-9149,7926
4050,-8931
-353,3555
-2501,-3945
1742,2348
-7563,-1666
13023,2603
-4802,5824
-9082,17898
1646,8219
1262,4820
6250,-7302
5506,866
-15514,-6142
6379,5823
9153,-3154
10240,3364
10791,6661
-1223,4464
2001,-5684
10214,2037
-7160,-14420
-6455,6002
-6451,-3673
5392,-7435
15138,-4818
6389,-6907
-5387,-9892
-5034,8583
-1149,-11021
-870,8724
-9112,2796
-9365,-1700
-6154,-1558
4984,-6593
2640,-14166
-12664,8309
-5576,-4435
-544,12655
5607,8017
8333,6525
-11647,4210
-8988,4478
3483,-6601
-5835,6519
3944,-2712
-3922,7537
1702,798
22863,5587
10185,-2384
-2238,4433
-948,-579
-11437,4668
11049,1020
5299,4207
-4500,-11469
4747,-1623
7353,-14489
6669,-4729
8100,-826
-13783,-1598
-996,2152
4009,9029
4217,-10229
-5532,2187
-11540,-15229
-11880,-9094
4112,2185
-584,-1732
-509,606
-6904,9345
6729,-6391
87,12311
-2084,-99
-16366,-1544
-14176,6442
-464,3606
11754,2942
-1508,6900
8717,-10559
-4605,3802
9420,4560
7249,8279
-6519,8721
-5102,4542
8128,630
455,3406
17508,-7533
-8580,-9315
-2387,-10272
8779,2089
8500,3648
6116,5396
6517,-2744
-12067,-7564
10081,-759
-6396,-3131
-8521,-10182
-9408,-2916
-2418,-8934
5137,2628
14453,4028
-8879,-11674
-2621,-648
-10875,2776
-1773,4751
-8792,15006
-6076,-4970
-9192,-4612
6353,5826
3037,-6104
2673,3681
-9555,-467
4086,960
-1236,21051
12589,11869
-1172,11
-4310,226
-210,-10073
4146,5007
-3014,2344
11208,-5717
-4335,-1610
17178,3639
13237,3052
1351,2571
-2088,-11043
-5518,-4301
-10701,461
11760,6093
-7781,-8542
4485,-11805
4805,-11376
411,-2282
1863,1739
-3258,735
-15997,-7124
3830,12832
-7125,3015
-639,2146
-5975,-8859
-8848,-14785
-4695,1489
3035,14323
-3442,-1593
5329,11738
-191,-2431
4731,10275
-3242,12327
-3529,-4500
-9715,-5833
-930,8046
5686,-724
8881,14830
8789,-10242
11453,-8107
-1023,3704
7246,8236
-3406,3157
-4020,3659
5491,-12405
101,5982
3523,-5721
8626,-9938
-7561,-17651
5685,-4297
179,3223
-4050,13192
7550,-4265
-4932,-4668
-6362,-8434
-1680,6148
-16684,-8348
-3651,-3235
-1196,-8555
-4459,5159
8843,10703
516,4930
-1874,-10375
-826,8701
-12435,1191
-7822,18792
-1265,3414
-549,-7466
7811,357
3701,6197
4302,-5032
3597,8344
4873,-10295
776,13982
1558,16139
4043,1971
4701,-6936
1851,-8660
3058,-13201
-7869,9772
7005,-10551
6784,-4161
5727,-1205
7976,3663
-1589,1777
-5500,-3258
3129,-17086
-17985,1696
-4566,30
-4088,3521
-289,-10313
10741,-7346
-15,-4656
-11789,7963
2928,3125
-12993,2028
357,2581
-5997,14345
-9104,1368
2425,2298
5560,-13109
-5895,-4286
4326,11335
-7281,9153
10739,4865
9694,9724
4454,-3233
-4651,13030
-3,-1604
-3131,-11295
7055,-202
-2354,-1143
6665,2047
6316,5885
19560,-16645
2641,-822
-2012,2146
-9976,-1259
-3481,3682
376,-7433
5646,-7584
-12239,2436
7121,-12352
-1992,-9376
3500,-6544
-2731,-19
-11998,12482
-6427,7303
10425,-1033
-11093,-1620
-29,-1810
-17813,-442
-6294,-2290
7310,-432
2309,3701
-3672,9766
10038,11231
-3625,-1150
13392,3271
-8002,3114
-12576,3964
-3276,9308
9236,-2673
8730,-5391
13869,4196
-5170,-9176
9782,2408
5838,-635
5642,-2363
-7121,11497
-1600,1947
719,-9255
11115,-2256
-1429,-19913
-5536,-3788
-10123,-2506
10783,-6106
2560,4648
4440,3818
-8007,-4074
-8429,5856
-1142,-11264
-3318,-900
-20007,65
-2299,496
-5873,1261
14000,3226
9466,-3633
-10110,6956
-6816,1319
773,9977
-6732,5449
6950,11122
-12343,-32
877,1635
14574,-5016
5804,-3280
1882,-2131
104,8436
-3463,-201
19514,15481
6016,-1607
-2398,-1592
-3878,-4701
-2330,-9920
4710,-7534
4737,3319
-5532,-13713
4706,7336
9872,-6102
10200,-2833
-5111,166
-13903,-5914
-12907,-4641
-2755,10284
3146,-10525
-5454,3855
-5892,-10691
4292,-5761
268,3066
1744,5167
-9632,1646
-14571,15552
6616,1290
1841,11910
-2616,-3844
-2881,-4886
-11721,-5506
7414,6961
12818,4416
-2703,10693
9482,127
2486,6900
6385,-58
8345,6647
-12551,-9766
-7782,-520
8275,-1992
5559,812
17369,-3152
1161,-6583
-1077,-15058
6070,8972
571,-3226
-7378,4940
-5488,-1894
-8588,-8368
7236,-1749
1085,-2251
-3664,-19977
-11058,1133
-772,-5839
1227,12220
2946,13095
-5571,-2831
-6404,-2106
-8221,5489
2851,-4861
-13475,8859
-3396,-7344
-1299,1611
7524,11204
14384,7482
5561,691
-9953,1429
5992,-1875
-8993,14918
5577,6483
1062,-480
-1678,-8936
11168,-3178
14139,-2228
-2246,-1763
10133,-5789
-9572,-1455
6904,6236
7016,12007
-1908,-8280
-4189,-10641
-389,-13533
-9949,-7352
7635,4441
-7826,-6534
2103,-7709
2388,7687
4552,-69
-5043,6330
-6205,-3796
-18218,-12334
-4729,10444
-6721,6863
4409,-797
-3153,428
8164,-11191
-1087,6967
2674,14938
-4085,-220
-4231,8541
-4494,5501
9678,7906
-4863,8691
10400,-11650
-2286,-12916
2102,2122
8407,4986
5664,11030
2851,-1639
15406,-3184
-7031,1446
7543,3095
-6267,-8075
-7812,-12167
1953,-8364
2542,3037
828,174
15695,-2453
-6464,-16988
3289,-186
-8349,6355
-11830,3809
-6239,211
-3037,-5322
-7070,-6062
5431,10719
-6655,-11963
1984,-4811
-3771,90
-2172,8251
-4003,20708
2718,10145
-1095,-10181
548,8258
-5936,-4336
-2060,6394
-3602,-604
10948,-6960
3924,6571
9758,15410
9462,-2578
2927,3666
2358,-12162
-1652,4985
-12496,7154
8148,-981
2864,-12424
8095,-5991
10222,-8815
-4132,3730
2545,-9496
4568,-2564
-11370,-1599
1150,13187
-7451,-996
-3538,-7227
5490,-15909
-10987,-5874
-8347,-1133
-102,8904
-3287,-8552
8712,10179
-1646,5059
-8921,8722
-1245,2998
-6754,-6021
-6229,-4442
-5763,17258
-3223,-2666
9502,8465
13957,-6575
6176,-1280
-1432,11646
-3308,7265
2871,-3180
810,11409
3893,-5875
-2716,9182
5035,-7731
12790,-15872
3632,-7874
-792,2718
1798,593
-2466,10369
15805,-9715
-820,1020
-9678,-3820
-4519,-4850
-7668,-12282
-1154,-6231
4060,-4943
-13574,7622
9457,-1003
4856,-553
-984,-7018
-5960,8297
-18745,2328
-12437,6887
8347,654
-6696,-1256
3679,2025
-3253,4232
3628,-9195
8541,8400
755,2331
-10549,13924
3632,15126
2243,-1322
12434,-2176
-3083,1052
-3620,-12154
-2851,5349
13874,-6357
8693,-666
6355,9957
146,-1361
8503,-2611
628,-924
3943,-13186
-19578,3378
-4903,-4084
4488,-7221
9138,-2742
5029,-8220
-1012,-5311
-13430,821
10392,-3638
-10611,5633
-7948,5338
-10113,3409
-6777,-885
5322,-5039
6457,-5802
-18705,-3025
2250,4668
-4696,6659
10731,9270
6169,12275
-7361,2393
-6765,2867
7638,1931
-6194,-6152
4677,6249
-8698,-422
8522,-251
17412,7702
15989,-4396
-2181,-1213
-1958,4571
-6627,-7338
8147,9344
-1637,-1676
593,-9019
-5132,-3154
12888,-12729
6149,-9377
432,2293
-9010,-9625
-4584,8787
-415,4636
10682,-266
-15155,-1569
-7147,-9397
-9421,-10409
-2859,4180
3306,-3425
-4686,6041
-8292,1873
14882,7094
-2417,4993
1874,5931
-12944,-2187
-16405,4328
4049,4953
8497,8933
-1179,-3849
11015,1542
-1852,-8075
12812,7558
7579,6661
-6882,2880
-3303,3667
5068,6708
5123,-6222
11347,3794
-6376,-21074
-2015,-8936
4468,143
8818,842
3754,3189
-96,2112
-2208,-13742
1514,9593
-3048,-9387
-9740,-6053
-16481,-5955
-446,-5062
4182,2704
5582,8167
2878,-13905
-10072,3993
-3543,-1032
-359,12634
-13427,8861
-3976,1929
-5574,-4026
260,7618
14279,-3496
-4528,1947
-2418,-7732
4814,8463
-418,10974
12074,18264
3217,-1171
-7265,-3766
8388,-4951
-2227,2220
1368,-5768
3895,316
-661,-13194
12740,9206
14978,3227
-251,-4078
1124,-7415
-10528,-6041
-4552,-3147
-2101,13708
-2425,-15452
-2307,-6904
4775,-8686
1773,-4571
1269,4064
-8460,-1551
-5454,-7577
-9475,18777
2646,3734
-5558,6709
-5472,-8237
-3936,-12897
-4110,2962
-2904,11471
7637,-148
-5977,8879
12136,449
3024,13803
-954,8153
330,-2526
-6901,-7757
-6622,3546
13061,5840
-2065,5855
17099,-8946
8309,-6982
3109,-3444
5326,10688
-1330,-152
-8861,-4066
8289,-1435
-7678,-1053
7476,-1582
656,-8924
-1121,-24215
-1248,-1104
794,4140
-6813,5875
6362,6163
-6257,-9566
-329,-627
-11138,8587
-6554,-10160
-11380,-2639
-151,-4771
-3030,2035
4975,18460
2747,-724
7729,-4682
-8164,6064
444,4715
-14070,15455
-163,4765
4052,-8284
3907,4511
4632,1246
11575,-632
-3323,-3960
15148,-5134
-4691,8272
847,15261
6532,2712
2743,-6905
1686,-12619
5057,-3971
-14868,-5222
9925,-3727
1158,-10104
5137,-1552
5385,7996
-1651,1630
-3977,-8411
2595,-4760
-19288,-9592
-6630,10944
-9459,3
3320,-9182
6117,-2550
2002,-1603
-7930,2171
-51,11934
-5884,-8184
-892,13009
-9884,12098
-1431,5225
-1467,1760
9382,-9627
47,-9220
-3624,14896
1135,-588
9733,9673
7176,3142
12163,4088
-8511,7073
1993,39
3696,-14858
-3162,-560
1573,-5597
1431,6286
3551,-5214
23543,-6532
85,-8638
-3879,3877
-5724,-1478
-10643,602
3254,-6690
-1555,1796
-12931,-7056
5627,434
-291,-16765
2056,-4548
-2334,3288
-15150,9035
-1756,7864
5681,8983
-3415,-8377
-5239,11111
-12837,-6530
-4296,-1803
5902,1529
1855,1851
282,8270
3731,15841
11387,-8180
7400,10229
-2705,-2539
-10419,4356
-6643,6238
9740,-2583
12026,-6251
1955,4583
7965,-13337
1939,2281
10196,-7235
5376,1230
-12341,5408
-3474,4495
5647,-7055
-212,-3615
7340,-15989
-15745,-4840
-6882,-8860
8202,1389
913,-1432
65,8400
-2832,1083
-12928,1359
7945,-2839
-10583,-159
-15119,-4424
-8718,9300
-747,-4183
10978,6734
12832,2291
-9815,-1008
796,6334
-2459,8150
3530,1718
-3828,17165
-4584,-4058
-803,1931
15660,-1056
7960,-10499
3414,-1065
-6656,2396
8859,-2867
6693,15993
13103,-2129
-5227,-1997
-5782,-3948
809,-12551
4024,-5393
-6811,-2660
2802,-10325
-8495,3194
16729,-2761
7999,-446
-7317,-1625
-11965,-4939
-10605,-656
-10596,5117
9079,1424
-15996,-1841
425,-5965
3519,-1744
3267,-591
1317,6334
-6631,4730
-15893,6437
12248,15477
-1702,5654
3651,167
-6557,-3029
-3943,-10544
5060,5883
12707,7189
-2091,-1576
9371,9627
3295,-1103
14100,3443
125,5166
-4829,-12935
-12520,-4172
4741,2189
7507,-6587
10023,3707
-171,-14577
6221,-10310
-3243,4093
7431,-245
-12680,1008
-10780,1830
-3325,-8171
934,6002
-592,-6842
1272,-11324
-18428,-8457
5561,1874
-820,9874
-880,14069
420,-91
-7135,2839
-4833,1197
6572,7775
-16589,-4476
-544,-83
-1564,-858
7401,9694
16866,9717
5743,873
-3800,-8193
6315,9499
-6434,1375
3938,12563
-2211,-3946
559,-10839
9377,-1361
11731,-956
2783,-12576
2216,814
-4057,-12904
3631,13035
1299,9613
1591,-6366
-7394,-10595
-3478,-8853
-3087,-11253
-5684,9124
-2567,-13714
-1002,-790
-1509,4597
9904,8058
-5635,3788
-8300,-1112
-7302,-11160
-15102,13118
-740,5121
1181,6459
-3630,-7774
12724,-1023
2039,2500
579,12898
5273,646
-10090,4531
2697,4714
5366,16643
-1786,-2441
9284,-3562
1583,-18670
-543,-2029
10337,7128
-174,3642
8273,-5037
7850,4564
806,-6946
823,10519
-3884,-12453
-9199,-15537
-1489,-3880
-3435,982
4557,-826
3783,2123
5963,-21346
-4139,5962
-5989,5034
-10277,3657
-9369,2332
-5645,-3083
-133,-1244
-7373,12676
7256,-12139
-3756,-3826
-57,-2713
483,11632
-5038,18063
1858,9828
9476,-4494
-8298,4960
6151,65
-8012,3890
99,-8004
10018,-2670
4018,1877
5929,12685
16537,2404
-1813,-6915
10975,-6575
-8904,3426
-8826,316
734,3772
4589,-15517
2933,-7657
10177,-219
-6926,-7415
7097,-5179
-3073,-4129
-4033,-3634
-10188,18787
-3199,75
-4381,-8086
3443,-5900
-10098,-11329
-6224,4083
-8526,4914
8659,-7291
-1514,11867
4280,8992
-5477,7764
-1823,6927
-1076,-9475
-2935,1362
-15018,10631
7701,2347
1313,2854
19381,-4115
9119,-1599
-3000,8757
926,2039
6709,614
-6312,1047
9368,4946
-10459,1389
8143,-6670
12384,-14547
1862,-12082
-2756,-1214
994,5302
-5437,-2909
17089,4024
-5658,-4147
-6899,-461
-8375,-1815
-4996,-14115
-3912,-7698
-1348,4047
-12505,-3241
7577,11146
5243,-5417
6034,-2094
-11602,9540
-12210,2944
-10931,3982
3238,9078
-362,-6956
-1173,11311
-1858,-2727
13354,-4991
3131,2646
6148,4228
-8373,8599
-1990,17028
12192,-4186
7732,4037
-3642,-6743
1704,-5536
-8139,-6568
15305,-3216
8474,-4165
-2297,7583
6689,-1846
5256,1081
2195,-9180
3557,-1207
-23409,-8396
-7116,1289
3790,-6070
3114,-4110
6504,-4739
-5211,-1411
-7138,-8582
7481,9315
-8120,-3485
-10703,11749
-10936,6350
-4891,-780
7759,-688
1876,-797
-9407,-11769
-4944,12448
3379,-1969
10240,13697
3825,12011
-2097,2591
-2401,2612
3937,4389
5609,-11210
-8100,8466
-2622,-7913
7461,2828
14013,2809
18739,-1954
20,-5015
-8155,1903
5630,-7697
-4576,8667
1312,-4696
-4364,-2596
-7580,-10090
12726,-5872
7914,-10698
-8070,-2722
-1354,-5676
-13346,5964
5149,4849
4764,10468
-12554,-8010
-9163,-1287
-4609,-8480
-6653,-534
6045,3655
-11266,1807
132,795
9100,16012
8148,-729
-1330,10269
-8162,-1728
-13968,-1536
5055,11215
3209,5610
6807,-5227
363,3721
11806,-12760
8673,7325
8413,4389
-4405,-3069
-4773,5282
645,4354
13729,-2603
-3433,1569
3771,-21462
-7854,-10654
2804,-2490
8608,540
-67,2704
-5630,-1239
7428,-4717
-9037,5182
5198,-3362
-15848,-6249
-16557,-9038
-1760,653
3289,4778
674,4095
9682,-3019
-13463,-5170
5724,6369
-4331,13248
-8813,4412
-7189,6677
-1906,-1016
109,3058
16091,7693
-4704,-10714
4106,-4595
-290,5848
8227,7186
5195,18567
6256,207
-3608,-10114
6132,4385
-1000,-7322
3122,-3182
-6764,-6212
7726,-12813
3635,7310
14585,6050
3706,-9064
-3965,-3187
-7596,-11315
-2911,4342
-13922,6749
3683,-8011
-9752,-9767
4085,-3559
5988,-3301
-3720,4478
-5424,-6747
-2180,1716
-14813,10133
7898,17050
-8404,2788
-3426,-5647
499,-8631
-5342,2370
-1009,5645
7468,7524
-5060,-5210
14944,12858
3538,9054
3295,7236
1229,-1634
-5098,-9876
-4730,-2042
6195,14352
962,-8261
13708,-838
7932,-12813
7975,-3236
553,8642
-610,-1936
-5819,-9791
-2324,7097
-1889,-6903
261,6762
-1600,-14639
4061,-19812
-7528,-4424
-684,6808
-2659,2696
-4109,9695
3838,-9516
-4637,8874
-11116,3570
-1536,-1435
-13733,-9477
-1629,-289
1902,3794
-3789,16845
12838,-660
6524,532
-3067,-2509
2495,15355
-12336,5467
-1675,5726
8080,-4862
-1666,955
10048,2123
7034,1246
4368,-17152
10656,3099
-1782,-777
-2556,14595
6290,5280
1387,-10557
4912,-10010
-4268,156
-6446,-14710
-1325,1414
4377,-15835
1707,490
863,10818
-563,654
1435,-6705
-6274,-1264
-7332,-10372
-19668,14936
-5326,-2305
2959,-4526
2782,-1703
3427,1400
-1125,2977
-7023,8225
9159,-5544
-10341,13166
-4755,11099
-1213,11303
-189,-2859
10387,-6525
5918,-7240
-11282,5374
11163,2485
2598,3854
13005,170
8089,11065
-4605,-55
576,460
7881,-11633
-8979,-10508
2730,1195
-7730,617
9576,-8373
14571,-341
6183,-12696
-8260,3597
-4800,2504
-10374,-7501
2154,2514
-10435,878
-5395,-4783
-5784,3978
9569,-16565
-898,-4825
-4632,6743
-11330,3604
-837,13636
1403,7236
8292,-846
-15878,9857
-2056,-3926
-3954,-3726
3756,1164
4516,-182
-124,10336
392,8162
23781,309
414,2037
4842,747
-11615,1793
-7464,1413
9832,-1983
9934,-2979
-3578,-5127
12722,-3085
-2001,-10231
14761,-3946
114,492
-12209,610
-6627,6146
5066,-661
-1341,-10805
4711,-1878
-17896,-15169
-3533,-4783
1348,1426
4959,-2151
-5023,9447
-3155,7959
-5436,-4629
5254,9772
-8361,-6844
-11560,1157
-16424,6165
7502,-1029
7975,5372
10390,6913
92,-6725
-2100,10663
3378,471
8146,8095
-12030,8688
1616,1823
-1561,-1991
12371,666
14974,-12408
-3417,-2413
-4066,-7447
10779,4459
1323,3832
14001,6895
-6471,-5595
-8290,-4504
5455,-9296
-2324,-5220
-7354,-10172
-2394,41
-8935,-8994
15170,8346
7590,-1322
-7132,-2874
-9763,-1232
-11927,1270
-6055,887
-87,14019
-11254,-10955
-2035,3514
5140,-2401
8310,-763
727,6057
-7383,4439
-5882,1366
3118,23795
8244,373
293,6362
-6131,-7559
2808,-8930
3479,1819
7955,5755
6009,-6136
-2345,9452
14305,-3874
10831,8428
-885,-2672
-2267,-8452
-13734,-9943
-1992,2283
12352,-3768
-3630,84
6728,-14866
2097,-4850
-929,-4383
5401,8099
-12188,-4088
-16021,1380
1282,1157
-6650,4300
4897,-3538
-5188,-5566
-10588,-17311
1029,10410
2848,7007
-3122,11364
3096,7338
-6774,123
4210,4921
-1108,12139
-4854,-12199
-8513,3136
2822,-3016
7703,7357
14841,12572
6598,-4493
5845,-8135
-2760,8539
6813,-1350
-7089,11397
-820,-6493
1038,-10099
5217,-148
9330,-3305
8754,-11704
-9589,-6829
7253,-9900
-6572,11567
1663,8690
634,-1474
-8539,-10848
-5489,-7322
1786,-3425
-16050,-613
4300,-6817
-8459,-2820
2469,4672
7589,15916
-1567,1732
-7813,-2605
-1689,-1220
-17800,3552
2909,14331
-5164,3091
4229,-9475
7809,4449
9121,827
1239,6847
6558,5653
-6882,-7198
4563,12567
-1471,13291
7400,-2601
281,-4118
7923,-18588
-786,-7392
4161,9590
2169,-6628
7389,-528
499,-149
10334,-237
-9352,6667
384,-9976
-8414,-17717
-9344,-1297
-2870,-1166
1799,5186
-2603,-5765
14912,-9510
-9969,244
-2260,9604
-8299,3778
-12271,1477
-3380,-977
-1109,8756
-9652,3376
12483,724
-4158,-13566
4138,162
254,12414
-3957,13581
4303,8140
9761,3919
-4038,-5135
5379,12516
-6884,-7312
3440,-8136
4877,-3810
5422,-627
4622,8800
12293,7207
7012,-17548
5756,2870
-8199,-4545
-7010,2813
-7965,102
6333,-12684
973,-8712
756,5096
2381,-13178
198,-515
-1089,-10565
-1818,4540
-17753,13516
-753,7185
-1376,-7458
-3723,-1778
-755,-9297
-12904,6551
-5146,-3307
10733,2569
-3615,3221
5338,16987
97,7647
-3377,4258
8526,-6025
-7676,2828
-11233,1734
4165,11767
4168,-9070
17647,1473
11383,-1692
-3311,1928
6095,2039
2724,-329
-201,-6731
-1771,14798
-5842,-7480
4295,-2558
11273,-13951
1946,-15429
-4081,-1454
-6298,4062
4058,-8009
3616,11462
1328,-6248
-10486,5237
-9648,-2116
-1292,-12143
-4634,-6588
-10955,4647
-2275,-2536
-4421,12477
15704,-4971
5177,3973
-11003,5382
-7808,6675
-6671,2910
-3307,7362
8928,-238
-11749,7750
7646,-3224
12543,-1181
6827,-6499
5141,7204
-4705,5313
-6038,9672
19109,4347
462,-1170
2410,-6370
-4925,-2277
-1756,-16457
8775,-806
8217,-4755
-6869,-453
7431,6140
2221,-3992
9586,-6676
-7713,2634
-14910,-12938
-15409,3323
3380,-2606
2020,-6849
2432,3144
-7180,-5245
3570,-5160
-2612,9001
3597,-2118
-17794,11827
-10152,9102
76,500
6240,4992
203,-3754
242,-6953
-13938,3865
15364,1558
5307,10713
4043,10529
1894,4261
-350,3112
4058,-481
11915,-3109
-17153,-4981
2838,-3031
2013,-1037
14838,-397
16304,882
889,-6655
-8146,-6092
8153,2717
-8879,-3733
1068,3464
-12401,-4123
-3592,-10716
7145,-1208
8743,-8477
-8108,-10434
-4687,3752
-10868,-4147
6143,14478
-2414,10188
-4275,-4683
-14040,550
-729,-3409
-2057,-5098
-1500,10048
-6964,-6647
2302,7757
4757,11510
19219,5704
-5034,5505
-4878,302
-5924,-4774
-1921,13276
6351,354
5724,698
-4312,-7092
19796,-3957
6157,-1157
7600,3377
-405,-5461
-10565,2650
3287,2087
10434,7252
-6771,-10383
4296,-10057
-9084,-18261
1148,-2285
6918,2291
-5104,-445
-3613,-3448
3778,7292
-4150,-3856
1940,9570
-15066,-11885
-14988,-7603
-4931,4588
1928,5853
3385,1836
3226,5248
-947,-13362
2781,15652
-1121,7716
-4493,5744
-10703,5373
-44,2094
5986,2296
6227,11241
7872,-17509
-1113,-2466
2378,-2158
11466,10853
535,11306
5720,1973
3625,-10019
-3534,4209
8620,-7717
-5547,-3000
-6700,-15955
6149,-4747
400,67
10134,9079
8579,-6935
-10478,-7839
687,-6811
-10405,7795
-11624,-690
-2764,3007
-7812,-14791
444,1473
8691,2875
-5988,-2121
1135,-4061
-7338,4138
-5336,5083
-865,27121
-1309,-1120
-3583,-3347
2380,-3151
-3403,-2135
2672,5935
-422,4940
7935,-10186
4255,16912
11801,6704
3975,6814
902,-2685
-1792,-12682
-2329,-1099
-5923,10397
11199,-8503
586,-3271
14012,-13351
6877,-1034
-1896,3803
-158,-3354
-2867,-8117
-13096,2798
5649,2693
-11499,3671
3447,-13563
1605,-14228
-7147,-8787
-3626,8442
-17,5876
-9240,1467
10745,3779
-10011,6737
-3514,5944
-5368,3670
-6928,-14374
-4985,1148
2704,9517
-4552,6606
16123,8491
5628,-5192
7639,-1215
-4784,16639
-2667,843
-4801,2584
6559,107
270,-5824
7269,8867
4101,-6795
14549,-16446
-380,-1402
5591,-864
-7222,10170
2129,7161
5712,-12711
1122,-2960
-9252,-4969
654,-8248
-12582,-7626
9268,-10760
-2935,-489
-4050,11697
3641,2141
1749,-1715
-7074,-6493
-1826,2983
-26334,4589
-1490,4900
904,-3798
2196,-1658
4896,5005
610,5697
-2970,-2494
12483,6663
-10379,1438
-2541,17749
-3680,10676
5009,-4776
9824,-4817
5315,-4044
-6962,-6878
6799,9743
5716,-9127
13409,5272
1571,8804
1759,-111
-1190,-1776
5704,-7993
-3586,-17490
-9276,7332
-6103,-8218
8863,-2322
6996,-4658
11375,-6535
-10554,22
-7949,4696
-1207,-9096
-8348,7406
-8442,-1550
-6570,5569
-9499,-3381
14751,-6217
-302,-8266
-8498,6438
-2999,4481
-5878,13143
7413,4853
7233,11506
-14091,-486
531,5726
92,-8363
1894,-2015
6775,2058
-5094,6525
6790,2097
20005,9651
7619,-9646
1688,7724
-9392,-3456
-6765,-2778
7693,591
3697,-3737
240,-9379
1815,3292
8520,-19217
8608,986
-1044,-3427
-11235,-243
-10057,7061
1362,2311
5676,-8886
-9515,3114
-6899,-17653
-9159,-1119
1245,-2428
6391,2437
-7772,7704
-5587,9915
6851,93
-3762,9678
3263,-4542
-16658,3572
-14002,-726
8464,6292
8655,1834
6295,5727
9444,-2225
-6532,2388
14417,2181
2586,9058
-8105,-559
-3038,8540
2059,-5402
8761,-1648
17030,-5935
-8223,-13117
1640,-7271
2463,4339
8441,-3028
3168,12534
-3063,-6597
-8993,-6294
4639,-1057
-4563,-10771
-5398,-7498
-14912,-666
1813,-9990
4103,12254
11463,858
-5214,-3561
-10634,2925
-8833,-903
-613,6534
-12349,11335
259,-6111
-10465,3007
10864,-20
11769,474
-444,3585
-5117,-22
1508,5867
-4538,15701
18027,9366
-6594,1582
-1013,-8185
4212,-6287
3557,-2953
5034,443
7378,-1933
-7584,-3958
19658,6812
5645,3378
3530,-4088
-6674,-5919
-11086,-13028
-5834,-434
8035,5257
-6751,-11600
6091,-4236
-1516,-8700
6675,-2716
-2698,9484
-7578,-4545
-16644,-1266
-3100,12014
-2760,-726
2581,6839
-8289,-10370
138,-13013
-6486,7727
8130,9316
-1584,6984
-1482,11517
2605,-2480
4726,13129
-2949,4804
4260,-5866
-15040,-6393
6068,486
8790,4871
8208,10633
12774,-7726
6125,-4174
-2676,-2194
10928,8887
-12399,-1156
-1478,-3208
140,-8824
223,-1401
10138,-2937
5096,-7814
-7829,-19897
5451,2596
-7911,1824
-41,13367
-2212,1252
-7411,-10351
-4068,-3913
-2822,4461
-10327,-11091
-2720,3397
-5438,-10330
3413,10761
3891,17194
4155,2569
-3355,-3535
-4941,4620
-6223,-2063
-6645,20630
-1126,-4192
6423,-4172
3934,1022
14075,3881
5149,1597
886,3433
5785,-10754
-5061,14580
1505,7808
7010,4328
-2790,-12790
9103,-12746
1301,-10045
-5105,4350
9136,-6970
-1951,-2153
3868,-4086
6554,11461
-8523,-2452
-1251,-3408
-5504,-16773
-15572,-4657
-1018,4953
-6664,4535
3391,-9820
8724,2426
-2372,-6483
-4715,15037
-4780,4331
-11081,-2824
-1639,5940
-6924,10824
-213,1137
3162,7086
8124,-19639
1483,2258
820,10714
-515,8576
5633,8681
5520,3527
8048,-3894
-7054,13372
4351,-11197
-345,-9026
2308,-8001
5329,-684
2700,6992
5656,2979
18692,-13335
-5844,-857
-68,-3126
-12538,3760
-9503,-5639
3825,-6999
-446,-6519
-7122,1768
9956,-4472
-6862,-8448
6629,-6987
-7894,8394
-14611,8280
-4034,13620
2546,-3499
-5799,-4756
2786,3102
-15793,-2324
2614,-1648
3916,3961
4747,-1003
-473,20098
5187,9764
1300,-2358
9996,2960
-7899,-4831
-5494,3448
-6625,8453
14571,-10972
9560,637
11895,31
1095,-4617
4003,4165
3385,-7846
4518,-2007
-15662,9188
2336,-2786
-2995,-4899
10095,-11314
4044,-15436
-9496,-1209
-7601,-2633
8695,-165
-6212,3254
7270,5235
-14940,3734
-7538,-535
1804,-7608
-6603,-5322
-13071,-167
-907,8099
-6996,417
20905,6876
3755,1826
-5628,4212
-6398,8890
-2981,2440
-1728,1541
5382,11420
-10274,-4705
9260,5239
11401,-6082
13935,-8485
179,4919
-2813,3548
-2059,1584
12157,13106
4953,-9429
-514,1377
-9243,-8461
5630,-14542
869,-5291
5223,-3119
-4567,-5525
-2526,10435
9805,-7582
7613,2126
-12146,-3851
-9134,-4660
-20197,-2387
923,2416
5091,-4888
-7590,4781
-36,-6227
4101,2657
-1176,-771
7037,9294
-18422,3941
-10485,11978
5483,5354
2225,4605
5535,-3955
-2196,-923
-7933,-10212
14362,11051
6987,1667
2753,9754
3241,6615
783,317
9845,-1577
4779,2535
-10115,-17660
-5754,3533
3527,-8014
13335,369
11073,1590
974,-8536
-2385,-8405
-889,6763
1353,-9216
-11421,9009
-11872,-7606
-2992,-4883
2406,-705
8052,-5324
-2944,-11273
-14833,2785
2409,-3845
-2855,18185
226,7822
-2770,4136
-13364,-2713
721,1660
4996,-2644
-10979,3970
2900,-4392
-4114,7169
10952,6799
18299,14600
-722,-2705
-4725,918
1010,-1797
-7037,4849
10260,4691
-3196,-1616
2449,-13392
13127,3685
12234,-8465
3679,914
412,-3874
-11858,-5926
4701,8251
641,7840
1167,-12477
-7816,-4751
-1357,-20371
-2625,-2480
2676,4612
-5283,-5888
-2624,1290
-3529,8036
8882,979
-9684,11035
-6093,-10895
-15365,-6492
-7757,6121
3033,6102
4530,5159
-3175,317
13775,-5812
-4348,10953
7730,8674
-4675,5366
-10576,1067
1101,4357
8283,7031
239,2243
16186,-9253
-6530,-13115
8743,-2157
6946,11044
1637,3926
2849,1956
5584,-4305
-5398,-4406
9739,3918
-10815,-13315
-3019,-15408
-3275,-3011
3680,-2264
3856,9079
7731,-1113
-6447,-15818
-409,5166
-12198,1974
-6667,3404
-13818,2717
-464,-11182
-3530,2659
6214,9310
1450,-8263
-664,1440
-5713,-2339
2569,12310
-10141,21684
7303,4525
-3412,-5099
878,339
4140,-3733
-975,6465
-441,-5758
13399,-2580
-2449,5943
16618,13915
4198,2685
279,-5354
3176,-11771
-6279,170
-8102,614
9099,1717
-3299,-16500
14109,-4379
4752,-2343
-1699,24
413,-2950
-5110,-5959
-11511,-3704
-1564,17406
-10265,-5826
2482,-4464
-610,-13844
-3270,-8421
-6183,8500
-2240,7741
-1587,-5139
2880,15603
-2395,1789
-2828,14091
-6472,191
1038,-11811
-6866,-1071
-1788,11716
4301,1616
6820,11250
15473,-10284
8635,5139
-6289,7904
3312,4472
-4944,-4050
723,828
6714,-4349
-4234,7650
10501,-11430
12640,-10986
-1167,-13188
4631,6323
-7677,3538
-3298,5241
10499,-6345
-7060,-2925
-4869,-5106
-5292,-265
-8681,-19242
3891,-1499
-2931,-2723
-7669,10138
6097,8665
550,-2609
1357,-5502
-9680,11771
-16391,-3791
-7831,11437
3483,-4633
2705,-1334
3760,9337
1081,3087
8617,-5011
3639,8612
2822,-3508
-10419,19966
-1313,7666
8631,-3407
7913,-4214
2711,-5393
1576,-8267
-5378,3615
17259,-10949
4144,5104
1254,4884
2773,4204
-940,-4628
2589,-8310
2181,-12169
-22599,-419
442,-4532
152,-1941
8606,-7859
7868,2028
-8009,-2890
-9513,2512
4890,-417
-14683,-35
-4397,6836
-14383,7628
-1648,-6019
9809,1987
5389,-9395
-9494,1899
-557,10753
-4479,3388
12600,11541
-184,12148
-2207,-1814
-6140,8115
8010,-9039
2351,-7047
2133,5286
-4301,-2737
10269,5143
11882,5452
20029,-7317
-8033,4399
-4191,-3871
-5010,-6010
1168,2016
1801,-6926
-280,-3934
-7870,-4245
19115,-11219
130,-4762
837,-2276
-11350,49
-13297,6216
1499,3492
6441,1825
-16077,-5045
-309,-4936
-12789,-7845
4869,-712
3750,5397
-7741,5047
-4382,9000
10203,10676
-1138,-344
6129,8206
-17745,-4449
-7999,-554
3772,7970
11504,355
5227,1774
7764,4311
1660,-9924
14163,10436
1397,269
-3039,14
-11661,5879
6190,-3313
8166,-4424
8806,-779
-1533,-21928
-3188,-2931
520,-4196
12574,2688
-7258,6614
-761,-996
-6296,-6598
-2238,3341
2193,-11397
-12089,-3021
-17075,-9106
5030,1436
-1331,4869
12349,8499
-1299,-3132
-12698,2004
94,1522
-3569,11580
-11232,2145
-617,6938
-9344,-6347
12106,6808
14343,1226
-417,-2390
159,-1543
-500,7984
2017,5509
11528,20837
-2685,-8243
-950,-4190
3896,-5986
5000,-6885
4048,-2718
-650,-1914
837,-12796
8772,15240
10963,-2539
2240,-209
-10036,-8278
-7869,-11691
-6682,-849
-3427,7524
1412,-13694
-6755,156
5464,-10556
6830,4308
-5317,3894
-4791,-667
-13362,-1817
-10864,13648
7434,5377
-7664,7902
-649,-12238
576,-5184
-4427,-944
7877,13744
2300,4273
-5976,6197
12384,5166
-361,11569
5187,1809
104,-75
-9199,-17578
1616,4269
9801,4275
3882,2378
15571,-2808
2466,-8325
6490,-4770
909,13522
-4771,-9952
-9144,-1303
-983,-6094
-1401,-4003
7303,2909
-355,-11312
2050,-20634
-7352,4536
1778,191
-7481,14708
-3310,3077
-3828,-8089
-4455,2536
-7124,3835
251,-7453
-14985,-1145
5120,-7590
-1546,12244
4054,15907
8562,5151
606,-2626
-5993,1164
4051,6079
-16159,10739
6531,-1057
1724,-4225
6041,-2715
13389,7357
8376,-1107
-253,-6646
11324,-2360
-10750,3152
4972,12688
-575,4099
2265,-16755
3611,-8433
2400,-8644
-7307,-5348
6552,628
-4309,-12833
6174,2914
-2996,12822
370,-2213
-7232,-1764
-3101,-12096
-13697,-8809
-8034,13458
-6802,-2586
7050,-2844
404,721
9446,-684
-9033,12373
-1470,6265
-3903,-5646
-6769,11016
-5349,7499
3613,9185
-3085,-1797
18851,-11793
-1535,-4030
1249,9396
4290,5691
2403,6457
7601,-706
9818,6687
-11063,913
9213,-2222
-2713,-16842
1043,-9752
2784,583
-1696,4105
6167,-2997
17006,-2143
-4579,-12622
-961,8066
-14666,-2104
-7753,-6091
-1546,-3001
-3208,-3499
-6455,-1305
3966,5925
1229,-18691
4531,2699
-9276,4054
-9328,10388
-8257,13793
4686,1542
116,-5266
-5669,11046
-4863,-9422
438,3015
3433,-3640
10116,3983
-5031,14505
6893,12236
11064,-4100
2635,4166
1775,-7820
-10309,6266
-7780,-2793
16314,-2989
5525,-7165
8271,2241
6916,-4907
-2035,-1230
10924,-8909
-2082,2504
-15983,-1142
-1769,8902
-2735,-11059
6293,-7373
5017,-10361
-14384,-6456
-2857,-3056
2141,4690
-160,-4660
-865,17871
-10164,160
-6434,2671
3259,-1934
-6551,-7278
-9849,247
-9813,11008
5368,-5767
12080,14385
10502,-1090
-2706,5346
-5488,7965
1297,584
3388,1344
-6584,11288
1747,-6489
-829,6225
17680,-9625
14943,-6468
-2638,-1742
-2549,1350
3403,722
1011,8947
14174,-4127
-11674,481
-4636,-11213
4165,-8705
-667,-12048
-351,-2203
-2827,-3076
-10667,3067
17617,2145
380,1848
-6019,-5083
-13742,3091
-15047,-7501
-3494,5257
5317,2350
-11644,-2574
4578,2978
1309,626
10263,-2229
-807,13646
-9448,-742
-12320,11284
6519,11913
4432,-655
6485,2835
-6578,-5860
5195,-11614
3747,8838
14887,-983
-916,5836
883,7865
6088,-2986
10760,3333
-1964,-3301
-606,-14353
-18605,-3649
8782,-5911
8411,-454
5334,522
2880,-8892
-669,-4703
-5113,-117
8475,1314
-22008,313
-8498,-1921
-6296,-1227
1405,-564
7314,-1769
-1799,-7205
-15383,-7540
7489,8911
-6144,8884
4067,13557
-6173,7002
-6738,-3551
1241,4690
6450,2713
-8725,-8087
1212,4837
-3395,-3505
15717,11152
11936,13586
7886,-4592
-5164,-2030
1406,2141
-1240,-4147
1965,11197
-4354,-11028
5405,-8232
4235,-468
19019,-5468
441,-4975
-3738,-3308
-4545,-10346
-3783,13715
-432,3183
2430,-2625
-15384,-11875
4102,-10938
-4173,-5410
-3243,4320
-311,-6185
-8340,3660
-673,4743
10868,15202
-10832,882
-2131,-985
-12991,-8577
-9255,5353
5215,9384
221,5265
1643,-6654
13253,6695
1666,-1206
8554,15271
-3043,265
-8081,-2750
932,7069
4667,8917
5350,-4862
8006,-1335
1851,-24799
5684,2349
4212,5455
3653,1037
-572,468
1936,-1059
2589,-6108
-2987,9996
-2739,-19883
-8110,-11091
-7603,-7580
4753,2678
-407,6549
2968,996
4728,-13711
-10258,7822
-2597,1644
-10748,8781
-14860,-4278
791,-985
-3454,1566
1698,10533
11331,-4535
-6331,-3662
4568,-2730
-1055,17669
-6413,11495
5783,13018
1238,-7818
-982,-499
9212,2367
-5505,-2128
6242,-9270
5574,173
4493,-3687
8930,20133
8337,-927
734,-9263
3895,-6049
-9593,-4699
-4560,-264
-4599,3030
5844,-21322
2964,935
6639,-2207
-463,-1944
-1316,-1311
-5819,-8245
-5670,260
-16017,18462
1088,-3105
-6353,-1726
2726,-12102
-852,-4891
-8023,7078
-2893,4537
6930,-881
-7070,11247
9540,9826
-8139,13520
-263,-2003
3600,-7202
-5902,-4422
-5169,8261
9069,6495
439,-640
23965,-2530
3853,2388
290,2974
777,6805
-1065,-9096
-3300,-2868
5149,4792
-8809,-3669
13010,-4208
6487,-14534
6175,-15894
-5012,7979
-4025,959
-5227,760
6683,3814
-6461,-8056
-4804,4516
-12013,-3338
1993,-17354
-6955,-1840
-11,26
-7826,7378
2002,14159
7303,-5542
4544,3307
-14685,6806
-4509,2616
-15188,5393
7384,-651
3865,-1092
-1212,10073
6869,-285
12951,-653
1421,-2833
10613,5682
-16051,9432
1358,9434
9594,-1987
5116,-5624
3360,-6768
840,-3732
-6226,-11964
18058,-744
-525,-5094
898,7045
-403,6325
1146,-6003
3057,-8294
-2246,-3533
-20933,-12382
-5085,6494
-1464,-9110
9835,-2746
985,4367
-3306,-1781
-6168,287
1430,6978
-6218,-6813
-12114,16696
-13510,2445
3788,1097
4607,494
10524,-5199
-5987,-2536
-5733,11282
7859,-1802
6391,16133
1367,6018
2352,6662
-8473,-55
12261,-3958
5410,-10481
-6948,1344
2573,-5229
3513,5434
14086,-2584
19541,3583
-8942,-7013
-3998,674
-1976,-6951
-5495,-1891
2646,-3522
-9328,-1678
-4220,-11417
14158,1560
3707,-14094
-2419,2235
-10731,383
-13470,2855
3215,9020
-342,7395
-8163,-8823
-8796,5784
-3189,-14188
3152,3192
1778,4770
-5445,2437
-1872,10073
6584,13560
12922,-1631
-4239,12533
-7134,-9595
-8463,1366
1588,4088
12711,1325
5051,-386
955,1660
16002,-9337
4195,7726
9336,-3420
-6733,1775
-13621,-1679
5380,2108
8481,-3785
-656,-4528
6366,-16582
-12360,-9182
6897,-5434
5737,7617
-6962,-1352
-4825,5703
-2401,-2911
-5756,557
6394,-718
-18755,-8695
-10638,-9034
-3278,7615
5432,-29
6222,13525
2942,-314
-9066,-3357
4217,10511
-5236,6772
-3349,2603
-11810,8765
2239,-8247
6508,8915
16074,2716
3877,-9132
393,-63
-1155,1286
11081,7620
-2139,16922
7576,-6861
-6376,-5180
4154,-5166
7527,-8224
-255,-4061
-5827,-9683
7271,-7063
-3422,7841
18224,4463
-3193,-1639
-9009,-9614
-6107,-7571
-8390,720
-9243,2422
3381,-2792
-14101,-9456
11438,11
3307,4680
-860,869
-5391,2235
-10005,-418
-10792,9025
7276,19424
-8557,-2210
3952,-3638
-2168,-6280
4325,-3169
3075,12853
4805,3259
-2401,-2282
9533,15524
3984,3166
8013,8068
-5312,-5789
603,-17514
-5924,763
7971,5613
6014,-4724
7315,1134
7453,-14712
8342,2305
-6183,5241
2524,-5089
-16003,-7207
-3995,-1510
880,-2498
-2269,5626
2821,-14934
3126,-12283
-11230,-5622
5998,11051
-11026,7897
-4302,5783
559,-2382
-7699,5427
-2995,3030
-265,1683
-13097,-14886
5828,4061
-1929,6173
4720,15946
10616,7729
3103,-3901
667,-1629
530,14786
-9753,-3328
2021,6648
1780,-10433
7529,-1622
9353,7696
9599,-3695
5848,-13361
3146,2264
-1901,-5937
-3890,18685
-1909,-1621
4930,-12233
-2158,-8886
945,-5618
-2910,-8970
-5572,532
5268,-16270
-2610,8906
-3709,8882
3454,6794
-8421,-5834
-3058,-6529
-7436,-5987
-19065,11439
1554,-1519
717,1093
3713,-4655
10357,11113
-5474,4605
-499,7182
3875,-2792
-11981,5982
599,11313
-2804,11770
4296,-10332
14980,-2055
3907,-11970
-1007,6999
6475,5863
1052,-2248
11308,2003
1094,9709
-1459,-5305
-269,3687
3679,-22299
-2648,-10494
-2480,2054
-3795,-1266
8015,-1636
7211,-697
7806,-12294
-12935,11338
-7766,-4096
-8434,-4463
-6339,-1477
-4810,-1151
-4604,2777
-5294,3820
15866,-13772
-4585,1430
-2437,3604
-9108,13163
-7972,10076
5810,5315
5008,991
-12634,5419
6654,-1922
-5245,-4004
10199,-6012
6169,7233
-3053,7072
5770,12186
16737,483
510,-5224
6718,1408
-16201,-1912
-1821,-5834
7147,72
8567,-11586
1782,1674
7128,-416
30,-11807
11711,-630
-7865,-3188
-10123,-55
-14235,10751
4309,-9448
1259,-5934
1231,-3569
-10633,-12520
-3923,2438
-1246,-912
8429,1255
-13026,15909
-1050,5545
-5618,2999
2509,2323
-677,-8035
-11705,3711
-12926,2735
14379,2573
3848,6139
17296,4968
-1613,3090
-3800,4883
7389,165
2800,3449
-10310,1221
4274,4474
-5473,-5823
21234,-3530
12238,-8060
-2253,-7702
-2658,-515
2717,2359
741,-974
9837,9818
-13582,-9457
-2970,-4124
-96,-8287
2295,-13554
-5905,-3013
-6998,430
-6133,-5066
11352,14958
3792,-4137
-3604,2760
-18006,1283
-6572,-4419
-6252,4378
-43,7625
-4669,-6817
-2849,9919
8828,-4708
14828,4969
-4812,5470
-1748,3329
-11470,6187
3012,14385
12690,-115
-2033,4583
-1118,-12161
7562,-4758
1417,-4364
16079,4668
-2038,-1452
-3531,5381
12678,494
4912,3648
1501,-8290
-4711,-5520
-17887,-17201
4901,2864
6068,-3399
355,-1870
3846,-4414
-3068,-4409
1888,-3406
741,11676
-16236,-9997
-14147,6747
-6070,-437
2183,1379
5482,2763
-3654,-6872
-4956,-11453
-1284,14989
5224,2399
-1584,18547
-5075,4834
-577,-51
1848,6049
4543,3371
1260,-11026
-10851,2682
8064,-7256
9849,13605
11507,7373
11281,-961
-3397,-6541
-877,1256
7340,-1921
-11568,4860
1943,-11200
-2309,-5207
4808,-6635
16491,2211
1524,-10646
-7891,-7193
1492,-4033
-12232,7732
3798,7853
-6415,2424
-9587,-16678
-941,-544
-300,-6517
-6687,283
843,127
-10714,-3012
5723,10359
3028,20017
1409,-2630
-8000,4264
-5512,-8419
-8108,2747
2464,14193
-662,-1439
7894,-4179
4648,6137
16713,-1670
819,13299
2649,-2702
-5093,-5806
-2850,8655
3034,6110
9144,-1230
-3319,-8098
14009,-20672
-3196,-2206
5656,2789
2905,25
-4041,-2190
95,-1201
6266,3408
-12144,1756
4853,-10698
-15145,-15715
-5777,-7544
223,7613
-1643,4093
1140,-550
8758,-2560
-11134,-1161
2699,13466
-14479,3762
-8568,-4824
-4836,4658
15,2685
684,8002
11734,3651
-850,-15750
7609,5558
-3970,11356
2227,10647
-1908,12025
7518,-5916
308,-3033
4455,8603
278,-12606
4804,-5957
238,-8530
11441,80
-1832,14433
12115,1526
3687,-12142
-2076,-2618
-4721,-7826
-8782,4332
-11145,-6642
10140,-11032
-6026,-5197
7193,4143
1850,-2295
-4680,-2923
-297,-8105
-7976,7826
-18533,9544
2877,11421
-8185,-9035
4630,-4651
344,-1697
-8224,3239
1049,2225
5754,4326
-2764,727
7354,23946
-4729,4800
3966,1493
3628,-6155
-3161,-6969
-5130,4845
3001,9211
8255,-12222
16623,6756
7503,-5261
3032,5239
-2671,2404
3103,-9792
-3838,-5487
-6016,8843
-1157,-8666
2215,1169
9744,-19897
7127,-9614
-11142,1185
-2180,3689
-3082,-1634
-2790,6498
2452,-3930
-14272,9290
-7126,-7182
3366,-7645
-8975,-10054
-1454,6469
-5031,6400
-3284,11194
17498,419
112,5618
-7184,2152
-5646,12031
-10109,-5748
4936,4858
5303,153
-4794,4455
12271,3237
10358,-2828
11181,-9915
2607,12259
-8782,-1539
-2867,11346
9673,-658
4330,-8588
2446,-3026
-5438,-5873
4038,-17610
4626,2070
6245,-10573
-6182,8879
-2625,6381
4503,-5028
3315,-4343
-9716,-3013
-10747,-10932
-19288,5686
6689,-8612
4055,1587
-1578,3122
-32,2164
-1515,1058
-1976,4568
5103,221
-23192,11839
-5126,5106
892,5716
7015,-3340
10354,97
-1674,-4093
-7825,2267
16639,5169
13,6966
7400,8114
-3280,9620
-979,-6242
9297,24
7856,-10220
-10551,-8914
2185,1249
-866,-4504
18808,-64
8840,5562
-64,-10849
-9702,1602
454,-4383
-5454,-7635
-3891,4529
-13877,-7272
1011,-5886
2869,1808
14465,-11388
-9207,710
-9561,2041
-8094,519
-531,15263
-1980,5438
-1696,229
-17473,805
9268,-6887
-587,-94
1435,3792
-1749,1272
-2943,10194
8153,9406
19808,8927
-9456,1136
1393,-2062
-10215,-3992
2538,1313
10805,2734
2195,-2423
472,-5930
18419,1178
3586,-6229
11423,3888
-11089,-4208
-10749,-4438
244,5610
6597,-1040
-1902,-10107
1120,-5720
-8838,-20806
6313,2673
-282,3268
-2452,-921
-11254,6669
-464,3167
-480,-998
-1141,9226
-12166,-16046
-11240,-1902
-7687,2542
12251,5930
231,9893
4546,3468
1066,-5110
-624,14226
3643,2260
-4397,7783
-15089,-1356
8010,1337
3403,2819
14540,4615
10340,-10976
-4617,-4548
5983,-3185
8223,13053
-3997,3697
6965,3962
-6689,-11817
2464,-2604
8875,-5255
-6099,-9452
-3640,-13908
541,-212
-487,-3026
11970,16701
-1656,-6947
-7964,-7610
-5953,-2446
-9589,353
-7366,1116
-7020,4157
-5168,-16442
4007,11019
7235,1783
2787,2407
-6116,1471
-6727,-7
-4277,8907
-3532,23802
3793,-5304
-3359,1445
3049,-9922
8347,634
455,5997
5006,1347
4702,-4439
-589,13742
15823,4971
310,8826
-1033,-12517
1470,-11256
-7745,-6994
2640,6081
8473,-4333
-2725,-5982
15498,-9338
1180,3503
-1257,-1198
-1869,2442
-13497,-14220
-9463,1857
1119,5092
-8622,-120
7155,-8249
-2774,-11064
-1841,-9668
-2536,18372
-4393,2351
-6665,6389
1735,5563
-6209,3072
970,9735
-5988,544
439,-17979
-4963,6514
5595,3717
2891,14085
9786,8752
8528,-7055
5681,2214
-6257,10740
3283,-3141
-10208,1825
7510,-10569
4277,-722
4997,5539
11203,-5998
9531,-12586
-4156,-5725
7225,1003
-15640,11314
1876,-62
1334,-7856
-3815,-9926
-1377,-2447
-1437,-5356
-10950,-10472
10162,-5287
-10221,2476
342,12719
-822,11882
-2252,-7738
-3805,-2882
-5501,1699
-19532,1230
2105,8959
-2067,-6130
10229,-535
3377,13907
4611,2210
-19,4218
5852,1726
-6913,-2696
-3050,19535
-4798,4144
12024,-6576
5643,-4629
12307,-10675
-3557,893
3454,5167
7356,-9602
5742,6870
-2186,3879
4343,2637
-9178,-4025
10067,-16308
-5966,-13579
-9683,1569
-1227,-3045
2847,1105
5614,-6324
11454,1425
-17836,1517
-2856,3989
-8221,-5681
-9097,-1457
-4672,3369
-8366,7058
-3116,-3453
17491,470
-2639,-9910
4,10628
-8845,10379
-3978,6969
6521,8347
3426,6327
-7179,-2007
2866,8771
1530,-16386
10447,-1710
1688,2604
856,4151
4057,9507
15182,3531
9305,-10938
-3015,8398
-9827,-11183
-3295,-2007
391,-5757
10090,-7638
-3480,-1611
1683,1511
10475,-13995
1711,2093
-2261,-7375
-13065,6743
-18527,3230
6462,954
-254,-6573
-5167,-721
-2158,-9371
-10715,606
6044,-3854
5195,9956
-12534,5993
-414,16292
-495,1507
1765,2660
5333,-1981
-16383,-422
-6029,-1867
8816,9576
9852,-4873
12471,12612
2793,-712
-939,466
10797,3463
-101,-511
-5330,-2767
-7817,9135
3922,-13602
12993,2077
12609,-10518
-1283,-11047
-4515,-1332
275,-490
7291,-1362
-5875,12653
-3481,-10140
-10630,578
1253,-8697
3679,-10043
-10076,-4716
-11702,-1020
2379,-1674
-734,13607
15011,969
-9084,5692
-13278,-1809
-3145,2475
-5101,2214
-5105,6577
1528,-380
-10458,2534
19634,1236
10899,5454
1746,-2015
-2997,7373
-6049,1339
549,11062
15043,8610
-7074,-5042
4784,-7464
1703,-5916
9843,-11224
6637,6299
745,-6084
-5723,-239
11428,8960
4235,-2776
4152,-2609
-14290,-7384
-7250,-18562
-7088,4144
7055,-2196
-2140,-4679
-1069,1117
192,-7476
7078,3690
-8229,7868
-4448,-5580
-23469,4590
-2511,4221
3375,4142
999,5288
-767,-9194
1546,-5659
-6401,5676
15672,10480
-8195,11084
-928,6033
2294,3641
2451,5682
5828,1272
3889,-5767
-14224,-12368
12548,2129
4404,5023
13546,6390
8456,535
179,-9565
48,-1502
5828,5976
-12664,-9332
-1265,-1405
-7320,-11252
7717,-3637
8035,4276
4877,-11648
-7263,-11836
-2498,3904
-7222,-636
-1777,18049
-9940,-1933
-2757,-9512
-8171,449
4514,-1662
-4963,-3876
-5722,3092
-1722,-8117
2273,18167
2280,14580
9764,6164
-11332,-2286
558,-2604
-3825,824
-5003,12765
5678,-4801
4083,-824
5402,-2755
21121,9252
-619,692
5010,-707
-1671,-7749
-7935,5253
5041,7036
2719,2477
-1700,-18790
11476,-7889
-2582,-13097
3288,4997
1209,-1531
-5798,-6400
881,1839
-46,11111
-5928,-5446
-2507,1164
-10216,-22940
-7439,-2409
-4643,8420
-867,2896
2434,-235
3811,3518
2004,-4168
-5602,21140
-6215,-2452
-6998,-651
-8323,2961
2480,6761
2494,6837
5219,3577
14032,-17639
-678,6085
3357,5317
2294,13750
-3760,3162
9005,-451
3277,-2792
-3765,5782
10108,-11010
-4273,-10800
4834,-14053
5849,6530
-2862,3910
9061,6416
7568,-11069
-6933,-6227
212,-144
-16970,793
-6362,-10476
630,-1959
-2493,-11027
754,10547
4642,-37
-3525,-8559
3414,-712
-12511,6610
-10194,8618
-8122,17880
2483,-11553
61,746
1706,1451
-4297,-1618
2866,3506
2855,58
8402,1438
-5331,24301
7754,4011
1862,1943
5062,-6629
258,-7713
-6710,3607
-3349,2226
17574,-9327
3432,953
15918,-2341
-1003,4271
-1276,-2965
4656,-7838
-4887,-5186
-14363,3771
3111,829
-7762,-7152
15630,-13357
1125,-7486
-8815,-4088
-4652,6413
-636,-725
-6015,1673
3779,10791
-18045,2219
-445,31
-1441,-5436
-1364,-12759
-7820,8639
-2801,7730
-813,3534
17506,11644
2333,-1216
-195,7801
-11342,9268
2323,-7121
-1693,3295
4578,2794
-2116,-1844
7852,7914
13952,-10711
17009,-5388
-6650,4057
968,383
-8967,5475
8037,1871
6678,-8590
-5288,21
-4849,-11472
7656,-10786
-3896,-9277
10335,-2348
-12709,3112
-3988,7607
8062,-681
330,-1240
-9005,-5393
-9954,182
-21817,-7013
8554,3270
80,-1655
-1487,4016
1001,6209
1708,1530
3505,80
3623,11445
-19557,-1212
-5500,14961
324,2190
11486,-1856
6728,1619
547,-4957
-1224,-6181
11219,11097
7287,-4617
2745,14464
-5517,3759
6069,-3097
4820,-1787
7090,-8222
-6660,-14997
-9573,2636
6426,-11314
12393,5871
4422,-977
4350,-3429
-12359,-3812
181,-307
-229,-7054
-16567,4706
-8621,-7692
-4305,1669
2575,-4783
15998,998
-9235,-6715
-9896,3666
-871,3559
-6070,13132
3498,8005
-6576,7928
-11262,-7832
8775,5704
3648,-7359
-265,2422
315,2336
-3866,4216
14325,9854
13666,14546
650,-8483
-4405,5431
-3859,-10664
1650,333
6100,3239
-576,-7067
3727,-7276
8999,3946
16038,-11501
516,6921
-6993,-9834
-10594,-3093
-4878,5981
3969,1278
208,-8019
-10977,-5618
4450,-19080
-3768,3880
2883,-99
-3413,3300
-13138,3276
-191,8427
6192,5267
-9864,6177
-505,-9970
-17939,-3602
-1914,-414
9259,12946
1473,3059
3404,4833
9149,31
-2522,6323
12124,8967
-10245,2811
-7804,-6543
1158,7946
8053,-2208
9784,3815
12032,-7794
-4025,-15825
9635,1861
1250,8080
3410,-76
-5429,6898
468,-12719
-1400,-1521
5682,-28
-5419,-16880
-4640,-10281
-7593,-4264
8600,116
-2197,16538
5992,-4476
-8164,-6565
-7235,1878
-5770,112
-8040,5438
-14736,-1521
4960,-7581
-6174,7454
14677,6876
3622,2082
-4729,-1639
-1592,323
-1635,13094
-8281,15212
10763,5750
-8791,-7361
9626,-4953
6804,1276
2186,-1158
4500,-1831
5906,-2506
-1892,2737
16628,17583
-2504,-1615
3786,-9378
-3607,-10437
-4133,-10189
-3502,4149
4258,-1049
-1574,-16425
10948,2898
813,-3297
3234,3473
-9408,304
-6130,-12840
-13918,1824
-4573,12547
-3916,-4680
787,547
-271,-16000
4367,-1736
-9929,12161
3545,6032
-6886,2728
-1338,10367
2466,4370
-3767,14820
-2237,-6255
6282,-9602
-9712,-4732
9264,10021
2327,8122
6995,6118
16102,-5578
3079,3982
-2802,2755
3759,5761
-11439,-13231
6190,-2733
1316,-2978
1242,2446
12218,-4639
6996,-12747
302,-13661
893,11926
-13180,-1424
-1903,7425
-1111,-7360
-3259,-7845
-4068,1635
-4737,-3263
-3389,-17328
224,3565
-3483,-4678
-3637,19931
-2008,10208
4776,-3803
-3329,-1032
-7884,5653
-9197,-1970
-9021,11318
7333,-10663
6961,5719
1791,8475
10862,6532
3156,-1264
4082,1088
3519,-2156
-14600,16707
2644,1237
8070,-1396
5430,-12981
11936,-3026
-2346,-6146
-1001,-311
13923,-7104
-3736,1792
2063,4346
-2716,9540
-4487,-12823
5844,-6562
-4545,-15725
-15260,-2075
-934,2247
-2590,-3828
10893,-4100
2119,9537
-7497,-4415
-7951,10788
-2709,-6093
-9096,-2448
-7491,10064
-11107,4684
4924,-1609
8039,3968
11750,-12321
-6818,12024
-3603,7098
600,4973
4991,10161
1747,5622
888,1160
-7635,5075
15897,-15760
2573,-4273
2394,-2146
1090,3717
2450,5450
13143,1612
16203,-4522
-13575,552
-305,-6216
-10549,-5229
1232,-9294
4415,-2034
-5843,-4382
-2348,-857
15617,-4851
-3217,-7429
3049,1112
-19858,4699
-12721,811
275,8832
2343,-4698
-8162,-1821
-1014,688
-8659,-9775
10703,3437
-1184,7113
-3253,4539
-7567,18843
7658,3786
4478,598
3122,5630
-12215,-9509
-3310,2050
1900,3223
19691,-2946
1788,8820
8133,217
3841,-3621
7722,5333
3575,-6187
-6114,1150
-16797,-67
11716,-5441
3102,-3549
13120,-7240
-540,-12465
-8392,-4032
3051,-3375
6347,5530
-12940,2752
141,3624
-14911,-4928
3839,-2871
2798,-6145
-12323,-7392
-11277,-3223
1730,6540
14,3053
15274,15759
-8727,-1002
-6894,1640
-3097,5534
-1298,1157
-5484,3718
-3053,6564
-3887,-8475
17035,12265
12904,-2221
7637,-1142
-6898,3317
146,354
2065,7005
6450,13867
261,-12402
-1997,-854
3080,-13037
13965,-6809
-1932,-2039
1849,-5152
-4228,-4379
2442,11721
12415,-2790
-3672,2673
-13347,-13967
-4370,-8403
-12419,-4001
4631,4051
-1907,-5377
-8503,137
8880,-3260
3330,8642
-3907,544
-4489,5983
-21436,-5181
-3354,11963
5041,7554
-2513,2387
4704,-6082
-477,-3524
2743,-3402
10438,19551
-2582,-699
-2239,8937
3899,5721
4491,3617
7927,2826
-1755,-5952
-3938,-21300
1179,7427
9936,-3085
8904,7584
5343,-1662
3976,-9981
2107,-692
-2217,6459
-2724,-12478
-16163,45
-1896,-13160
3024,2408
3198,1507
6327,-8538
-4097,-12637
-9158,2677
3917,4010
-14084,16611
-3483,-1409
-5013,-859
-6976,-2663
4668,5604
-897,-4652
-10705,-3767
7609,-1276
-4753,13796
9773,14559
6208,12341
-3373,-9749
-103,2897
819,1867
-8290,3568
7908,697
-1384,-7789
12605,-3093
12037,13315
9087,-7384
547,-1174
1008,-7226
-8030,-1238
1480,13425
-3652,-2540
5205,-17011
-1541,-5755
7300,-13885
-4327,3432
-11,-2294
-3375,-9698
-2463,7741
-4671,10224
2788,1618
-13971,-1533
1230,-17593
-12735,-2063
-6574,8225
1010,3323
1609,1324
2264,811
12048,6766
-12213,12489
4513,3021
-8925,-2712
-6565,849
1732,10876
2571,6883
4076,-4186
20048,-7474
-3186,-6850
8977,9980
-2014,8893
938,-2503
4953,2759
3845,121
-4683,-1497
8260,-1341
-4243,-23900
5886,-8668
-3397,3261
2102,1561
1671,6228
9003,-6634
-3461,-10000
-5926,10161
-14335,-7463
-5416,-4040
-8700,-5085
4040,-4877
-7097,9352
5461,4107
4715,-11356
-1271,4657
-7166,2186
-7964,16063
-13853,9802
10993,-1319
-3441,-2128
1467,5049
2770,-2806
-526,829
8088,-6102
8979,8972
-8528,11358
12242,14159
2410,-4739
5929,-5694
2569,-5518
-10957,-532
-1779,-4985
13146,-1658
3342,-12345
12518,8854
-1213,-2355
1177,-4271
3815,-5476
-7129,-5543
-14006,218
-6517,10339
-2071,-16388
9444,-1794
397,-10515
-5554,-2698
-7707,5370
780,376
-911,243
-7140,19333
-7245,-1408
-4601,8316
1143,-8983
3815,-7161
-12028,3976
-2885,8438
7373,1155
8322,12803
14371,-1626
-4130,11742
-7204,845
7169,-376
-3316,-4600
217,4281
2216,-1610
-1046,2503
23066,-9942
11373,-3250
-3529,-6726
-1267,7684
-7187,-3806
3389,3667
7334,-2625
-12762,-4518
-222,-8225
937,-7736
2421,-17726
637,6309
-9872,-3298
-6777,8516
8893,6394
-46,-2672
-4831,-380
-17504,3343
-9272,-11745
-2182,9737
4805,-3750
-3319,5164
189,8661
6806,-145
11009,2396
-4310,10355
-5181,-2637
-15727,14730
7131,1141
11106,1130
3481,-395
2274,-6587
5538,-6822
2983,3464
18388,-1879
-8855,9163
-831,1869
5203,1782
4488,-5435
4333,-6719
-4396,-12738
-18164,-8022
12391,-3512
2255,1006
7341,-1324
-1056,2792
-7176,-7799
-1492,2189
1616,33
-21150,-4483
-7370,2976
-10232,-1271
9716,-2245
7366,6837
-917,-9618
-10589,2053
1705,9314
-2611,5410
2928,16954
-10573,4058
209,-4300
297,6762
13443,-7106
-2556,-2444
-2098,2573
1907,-2959
13355,14546
9314,8443
10826,-3305
-13407,-1206
4979,-7572
-535,-2830
-591,1604
239,-10113
597,-4359
4652,-3274
22630,-940
-7760,-3862
-2262,-5524
-12055,-3863
-7798,5193
2563,4839
-3207,-2332
-13050,-13287
7668,-4213
-6181,-6309
5282,5304
-6696,2529
-10083,998
92,12424
6525,13231
-5937,-1751
-1534,2970
-14301,-13773
1467,4956
3483,11154
6415,720
2016,2815
9698,4959
7224,-1394
6870,16533
-5769,-7913
-5103,-2781
-6145,3373
12655,1139
5551,-363
7021,-6355
5551,-21401
1648,4776
4091,73
3096,5377
-12859,-1994
4048,-3562
-3036,-2561
-941,2316
1041,-16497
-12850,-10207
-4857,-9281
6367,10856
-5771,5949
7040,5913
-5052,-7399
-8207,3305
108,5729
-12987,4903
-10329,-7041
722,4425
-2432,-2325
12756,16368
7034,-1112
-1343,-5668
2708,3191
-3246,12256
-1703,9091
1812,13752
180,-16447
5657,2370
7323,-1561
4862,-5424
2981,-4959
2586,-4787
5824,-1128
2924,21980
7278,-7040
-1254,-4999
-4144,-13257
-2105,-7144
-8206,1108
-3068,-2318
5862,-15827
-3010,4079
10257,-1851
-1608,7688
-7947,-5746
-3542,-5475
-14139,557
-11237,13953
2983,1793
-8754,-2898
9487,-11764
427,3393
-5076,3579
2918,11798
-2068,-1547
-3823,9000
8043,13994
-7950,8591
6528,-4130
1196,-7070
-1238,-13242
1756,14109
5682,2950
5633,-166
17363,1166
2156,-2011
3635,4431
-5551,4918
-326,-19164
-5306,-199
1567,-2889
-1121,-615
8040,-1110
6928,-17182
6250,-10085
-11374,9407
-1661,-898
-12264,6776
638,-4344
-2943,-3538
-8387,5196
-4873,-4890
3776,-12207
-9735,-3090
6683,2519
-11565,16814
2204,10418
8123,1512
-1585,-262
-7377,4954
-3122,4901
-14371,-1296
14456,-1942
608,1453
5746,6634
9762,9268
8796,-5652
5104,-3630
5243,5656
-16803,2741
4179,9202
2281,-6178
10511,-12977
3367,-340
1348,-8876
-1401,-7797
10429,-770
-2586,-8554
-1002,13198
-9058,5658
4388,-8857
-3225,-5296
-1246,-11759
-15877,-5940
-8312,6732
2166,-9646
8581,4577
-3329,5446
2804,3995
-12859,5959
3544,-927
-5766,-2916
-14622,12179
-6135,2698
4706,4987
6248,-4310
19301,-973
-9802,1432
853,8334
5058,3198
1905,7490
4361,5457
-1173,7484
-6331,-7099
18068,-3794
1120,-15725
1382,-1682
-1357,1907
1565,332
14036,809
11459,3272
-9462,-10249
-4678,5253
-8749,-14059
510,-5807
-3570,-908
-6678,-4716
-2361,-1876
10027,2500
6662,-13923
-4837,10245
-16141,-1930
-9432,6092
-5078,8481
4627,1181
-6707,-1705
-7834,4617
5325,-12862
3901,7193
2769,233
-821,10195
-9911,11302
12081,10006
9949,528
-3849,4703
-1195,-9602
-9842,734
5818,-4886
17124,4916
-558,-2749
7142,4382
9364,-4562
3739,230
9410,-3090
-14275,-657
-13030,-7522
4340,5350
4672,-11699
6896,-1657
144,-11450
-9366,-10093
6220,702
-643,5879
-6616,-1620
-11016,13563
-6197,-8432
624,3978
2326,-2789
-10823,-10459
-10122,-1383
-3589,6345
11516,2126
2675,20201
2720,-3073
-6481,4838
-881,5190
3236,1621
-5152,3038
-10550,3072
8279,-6323
5308,10097
22360,-2852
5484,-1035
-5555,-4316
3095,1662
3830,5804
-2377,8512
7308,-5537
-12380,-6957
10227,-10737
8364,-3884
-1579,-10943
-2461,-3348
-2486,-4474
-2866,6105
15580,9250
-10359,-3329
-6587,-10244
-10800,-3204
-6299,-8195
-3360,7751
-1772,-2918
-9213,-6020
10324,8591
2785,3882
4753,3857
-12288,6614
-8930,-6976
-8939,13907
5570,11984
72,-2338
2934,137
1176,-9422
12583,-57
154,13309
8707,-1420
-7341,4750
4484,7761
9049,3099
4207,5240
-2924,-12897
2966,-16028
-9665,-2935
15783,1907
1414,2063
3597,-3301
6880,-7376
785,1356
-3881,1180
-125,-2870
-23418,-12231
739,-2438
-3332,1809
2660,1202
4962,-4733
-2266,-11449
-7083,-2813
3976,16582
-14423,4317
-1815,8601
-7861,-692
-707,-128
1351,9216
1661,-3679
-5959,-12455
3905,7688
299,3086
9885,21467
2994,7475
7067,-7728
-3090,1846
2468,4408
-3346,-4025
-1620,3506
3731,-16080
10370,3489
5993,5769
16426,-3070
-3030,-8708
712,-5216
-2895,-2919
-9919,14419
-600,-6167
1873,-8598
-5856,-13497
10077,-2174
-7398,-4475
-2307,-2198
1142,-7877
-9264,7923
-954,11103
-133,12116
-11050,-11359
2214,-3423
-11364,-7058
-8162,8642
2057,5594
-191,-1578
7899,356
8146,16546
-2660,1241
2582,11682
-3868,-9254
-4978,1220
-1487,12868
1438,4515
9202,-7827
12021,-2486
8690,-15522
1391,13796
698,380
3361,-2715
47,1653
1925,2645
-422,-2101
-3662,-422
7456,-26992
-4248,-5951
-4050,-2518
1481,5891
-2198,1110
7596,-2219
3143,-5481
-16242,9176
-3439,-4459
-12803,-2377
-6485,-9319
932,5916
-7675,4095
3724,6747
12973,-6604
-5222,-955
1959,7430
-13345,15899
-6248,2968
6487,8808
1422,-6133
-1381,6376
6715,829
-380,-9503
13686,-3781
1439,7108
490,4541
2801,18772
10736,-8653
4255,-5549
825,-1508
-11006,-8037
-535,-4179
2562,-4629
12461,-13212
-2272,10490
5461,-3478
1284,-4663
1607,-3835
-6219,-6515
-13853,3971
-17548,6967
8768,-9706
-3002,-2100
5753,-7041
-5974,-687
-7733,2001
3441,824
2499,5250
-14844,13619
2779,9833
-10252,3660
9153,-5609
2343,-3137
-10347,-1972
-3637,6817
11119,4301
5708,2246
19244,9948
-7257,3546
1517,782
3547,1354
1601,-9583
-5575,2446
46,2569
-813,-8965
22127,-8
7963,-10815
2655,-6130
-10434,5676
429,-5679
-1569,2242
1591,4625
-10500,-9845
-4402,706
-846,-12966
9305,-11979
-11518,1776
-3601,-400
-8519,6123
5648,11718
6756,-2006
-7773,6800
-17223,-2335
-400,-2246
-9710,1358
9012,3142
-4888,2612
-1673,7966
14873,926
11535,5513
-2708,1036
-555,7340
-17887,1207
10072,8301
9019,238
1496,-3458
3918,-6339
5304,-6250
6111,-8334
14827,8203
-9569,-5120
-1484,7570
2488,1751
6741,-5558
1193,-5079
-8452,-9893
-13363,-17580
3315,6509
4212,-7941
4144,5397
-5999,1312
5,-4585
-1696,2917
-1983,5112
-13221,-8873
-18227,9758
-4029,-5317
9117,6767
2750,2510
5651,-4278
-8083,-2398
80,10494
8479,4713
-6870,17818
-3896,296
963,4443
202,-1566
16340,722
-1388,-9488
-6540,-2193
9700,-2148
5680,11281
13957,4419
6891,4565
-9597,-13024
4006,1184
719,-6623
-6578,-3041
-116,-6754
-6240,-7271
9392,-5115
13712,8254
-753,-14118
-7382,901
-9303,-5250
-8323,4410
-573,10887
-8421,-1930
-5690,-12884
-2580,3679
5947,-10648
-1504,8981
-4958,-752
-6026,1067
-370,15404
4822,15161
4629,152
-11920,3455
426,-14495
-4019,6508
3696,5996
7815,1795
1550,-974
8015,3907
18216,2617
-3017,9618
5243,-7610
-10956,-3720
-4939,-2407
9152,7411
4045,-4495
1678,-9970
11950,-14795
-5548,-4527
10029,3417
-5353,4382
-8740,-8179
-2196,5401
-613,-1249
-5098,725
2146,-7403
-15522,-19007
-425,-3505
-3105,11931
2430,2431
-1143,10766
2051,-4985
-5626,2495
-157,14374
-11198,-2329
-5483,-2957
-8495,3080
9353,-403
3168,16153
13001,-1121
3938,-9564
1818,5318
-64,6747
2358,12168
-8161,6010
11467,-10399
-3081,-761
9704,-465
6285,-7810
-460,-9374
2753,-9750
7580,4778
-6469,11372
13826,2862
-7153,-10318
-1313,-10598
-3873,-3008
-11041,-1964
-6074,-5987
5062,-6806
-7100,-6004
12303,12081
-4517,2243
-1612,-4919
-5703,-1136
-10990,1068
-12738,12237
-2,11903
-5247,-12870
9645,951
-476,-1341
3108,4022
-1902,9234
4576,-2233
-1741,5441
2777,22081
-149,625
5069,3045
683,-14117
6356,-9416
-7319,7019
8133,2774
7564,-6033
9736,3807
9775,-5177
-30,9393
-6903,-4848
5223,-11249
-13288,-8469
-659,2662
-1635,-1653
27,-2172
12869,-16523
2599,-4084
-11518,-314
-271,10577
-13952,-3149
-212,3246
-2667,1631
-12095,4951
-332,-2673
1677,-6827
-4520,-13249
2710,14920
-8834,6553
3306,14103
9761,4468
1702,-636
-3585,6165
-6701,8389
-4151,-12174
6013,6298
4247,-6486
4690,9062
7300,6589
14333,-7432
8692,-6089
-2254,7086
-6212,-4003
-7747,12255
6275,-11256
8358,-6766
-2994,-4199
2771,-6791
1427,-11572
1270,-2487
6739,-7845
-13785,14338
-4761,3022
3849,769
-4510,-9819
-2140,-3846
-13190,-5996
-15957,2191
10470,-4266
-293,4468
2144,3801
587,13898
-5872,-2318
4089,5349
-1088,-830
-18600,6183
-1663,8853
-286,2661
14753,-6946
11737,6625
-459,-8095
-1197,8377
8919,2450
2376,724
3840,10423
-7165,4916
3953,-8991
6530,-196
10311,-20446
-5886,-2927
-3746,-453
3178,-4190
12088,3895
4223,2134
610,-7008
-17241,4220
1915,-12752
-5554,-4228
-8328,-1706
-7254,-2782
-3091,311
5112,538
17412,-5119
-14861,4404
-6066,1519
-11581,7619
-3647,6303
3649,7623
-5441,977
-10428,-762
14587,-2428
-601,-3050
9635,2863
-5598,9109
-3710,4893
10458,14013
13639,3357
-4525,-3119
989,-228
-11024,-11127
10338,-2399
6740,3304
4923,-7682
199,4074
12203,-2008
6841,-6847
5362,4922
-15400,-9864
-9667,-3157
-7404,3759
11642,-8073
-2747,-2160
-848,-7922
-3680,-13967
1819,5907
-175,397
-3229,5588
-20675,8054
3975,1506
-3269,3685
1841,1227
-5606,-10455
-13213,-908
-1291,973
15209,11505
-3361,8927
10147,6817
-5567,587
2833,5596
6941,3727
-7464,703
-9974,-4547
8058,3755
4097,-3301
23134,6563
3922,-7954
-1535,-8196
2800,2317
3150,4764
-2544,1541
-37,4816
-9191,-17824
7555,-99
4682,-7842
1357,-12061
-8618,-5372
-2929,-3093
727,2377
5298,19070
-3143,-9325
-8855,-892
-11925,-6162
-125,-2072
-9968,4504
-3921,-62
-2543,-7680
1642,13702
13301,1963
3582,9939
-11126,-2184
-1466,1330
-10296,8113
3078,15256
5885,-1713
-4675,-1938
10594,-10505
10500,4631
1858,-235
9205,5490
-6300,-5152
2217,9084
12330,7479
-1697,978
2137,-14023
-2717,-11111
-5450,-14722
7741,10757
1272,-6318
385,-3826
6933,-2054
-407,-39
408,1988
-8952,1994
-14018,-19918
-9736,7205
-1638,37
892,3633
2225,-2239
185,-11541
333,-1660
-5273,18999
-952,631
-11092,12398
-2439,-1348
1672,6199
-717,8453
3326,-3807
2132,-13541
-5473,3552
12847,3921
461,19508
8104,2592
9260,-1940
-1736,-2820
1458,5569
1748,-3485
-11469,-6398
10899,-11396
281,1550
9136,1277
12115,2722
934,-16345
-1930,-4640
-436,2592
-16658,5359
1724,1462
-6632,-8806
448,-13693
613,6247
-1371,-9063
-5275,-4120
1879,-2146
-9251,1854
373,19845
-6154,11582
1647,-9868
-6836,1615
-2154,-6392
-10172,6591
-171,7313
3625,-7177
9750,5923
2545,13307
11593,4252
-5626,6955
6293,-8607
-5565,-96
-6063,11991
2853,1631
9828,-5370
5639,-9885
18507,-7719
-7928,3721
6503,3
1655,-4222
-2716,-1049
35,5135
-1154,3353
-8378,-9741
12329,-14606
-11140,-14981
-2238,517
-4355,6581
-562,-2608
5696,879
3735,3603
-15167,973
-2039,8646
-13251,-10786
-2353,-4106
-7384,8528
-2611,3418
2068,6010
14248,-115
2553,-9153
-117,16698
-11017,6485
812,6414
-1244,6624
8516,-2289
-3843,3799
4090,3336
9081,-17287
8473,-586
1343,-2179
4307,9256
-5344,9458
17228,-2526
3308,-7863
-4869,72
-5067,-10145
-7220,-3646
1320,-12585
11607,-2470
-9896,-269
7521,4974
2774,-6736
-443,-4062
-2555,-2786
-19168,6218
-16166,250
6296,4826
-3389,-11118
4658,3627
-5075,-1870
-4731,-1375
6683,2962
426,7567
-9475,6948
-2749,22056
-2043,-5330
9372,2853
1845,-4582
-6357,-4775
-4247,4017
8660,4074
14066,-4336
8258,16682
2046,-4419
1460,4955
2788,-3710
5510,-7901
-9992,-1479
-7437,2526
7457,-11387
9015,2220
14916,-14069
-1016,-1742
-12054,-3205
3505,121
-2980,-646
-6945,6535
-3954,-4628
-14622,498
7053,-11955
5036,-4294
-11286,-7928
-5104,7262
-5394,2804
2376,11523
13038,7050
-12736,4458
-7908,-1750
-3930,4876
-2350,-7991
2760,10299
-2396,-651
-2098,3702
18913,7076
10892,940
5857,-847
-8745,9524
-5728,-7410
2070,12372
9838,-790
373,-6327
1596,-3901
4414,-10674
14020,-9381
868,6317
849,-9154
-11127,8104
3791,2018
7816,-2282
-3000,-3205
-11821,-11401
-5717,-14200
-10033,2162
12916,-3875
-5916,5279
-4257,99
3044,1953
285,3361
-3825,4673
-6257,-1628
-26632,1342
4635,3213
2489,7521
6554,-103
4566,1056
-1930,-5953
947,6082
13322,12490
-10559,5567
1384,7128
-3943,3541
8691,-3688
9667,4478
2907,-13322
-7495,-10410
8477,3772
5222,135
14509,9981
-1262,1062
1435,-13053
-4478,2497
4287,-5280
-8553,-8344
-7938,-2269
-5395,-13267
9253,2655
4246,4391
9726,-9126
-15298,-2962
-4340,-1469
-6107,4504
-7670,14325
-6765,-3321
-3908,-3885
-7853,-2172
15690,519
-7149,957
-1277,34
-2488,1460
-1865,14955
7645,14906
6720,8363
-12255,-8214
7056,-2089
-6082,-2484
5127,5450
5246,942
1751,-5524
9512,1472
17442,10756
53,-4509
4701,1781
-11504,-13014
-2902,-725
1007,8667
3617,-5726
489,-13460
6514,-6889
1230,-14221
3907,11565
-6629,-4081
-4902,-4377
-9959,5910
1850,5020
-4146,125
-5570,-1630
-5262,-23379
-6537,3498
-3672,5534
6321,9291
-6243,4617
6906,2229
709,3341
-5738,15930
-414,-3828
-9905,-377
-6776,-4649
10749,10639
384,5753
14272,2665
10174,-11201
-1035,856
7227,6945
-2991,12197
-4998,-4931
7806,1670
-2130,-9633
6449,4188
6837,-8676
-2530,-16713
4909,-9280
-54,6817
-1500,2681
4303,13247
-1317,-16711
-3409,-4180
-5986,-77
-11013,-4620
-6354,-5756
-3432,-3826
2203,-8595
-55,20312
4185,-1737
-301,-890
-5698,-1430
-6979,3642
-11232,12670
-8227,12341
7698,-11573
-1215,3909
8306,-2865
3564,6757
-1204,603
8107,-594
1959,4362
-5204,18884
10817,5186
-3345,-679
8683,-15683
2864,-4345
-7371,-3635
4622,3908
9786,-7987
3024,-2550
15006,3564
-7116,4313
564,-6898
-1436,-5354
-9317,-15250
-9191,7358
-2341,812
-3152,-8440
14298,-6688
-1941,-6883
-3227,-125
-9866,13855
-3311,-7196
-6344,7345
-2848,7791
-10219,2659
59,4364
400,-10170
6367,-10901
-9517,13388
2711,5049
-408,12493
11368,6240
7243,-308
-3413,9356
-8249,2546
6964,-8585
-5891,-1508
11585,-3367
-1653,6123
6991,2932
18051,-6832
9446,-6070
-5908,-53
-234,3430
-16811,341
10763,-4320
903,-5774
-3894,-6333
380,-3598
2937,-11605
-772,-10416
6995,3874
-18791,3213
-1433,11142
-944,2919
1656,-8776
-6956,1299
-11360,-2950
-13820,-5961
7781,6588
277,-4357
4531,11454
-4478,12297
6934,-1323
1728,5241
1428,2792
-13756,-493
-7728,14743
3665,-4942
17267,10
3943,470
9702,-5228
-4110,866
10106,2558
7859,-3251
-5105,12145
-5113,-501
5669,-866
326,-9458
15038,-11395
-11359,-10871
-6852,-1854
6330,-4368
5191,3936
4851,-293
-509,4228
-17790,-7022
4845,114
-7535,-8591
-11350,-956
-8564,970
-5678,482
8763,-1409
14355,7164
-9349,-7564
-5843,11558
-8651,2653
-224,7459
482,11337
-5850,2293
-4324,-4385
9348,6094
9872,-13537
4985,8082
-5151,849
1891,4850
7330,12424
13817,5809
1733,-6307
-8853,2567
464,-17609
3443,1150
3226,-4782
5518,-3830
-4709,-2087
11063,979
14122,-6291
-5817,3792
-6654,-11148
-16266,774
-8118,-2580
9454,3625
-6217,-7362
-4415,-4647
3531,-9902
-4221,1989
7062,2524
-9667,9277
-15662,246
1691,14996
1076,600
-242,4019
-1682,-5701
-14346,-7661
5332,2382
8000,14026
5273,20
3193,14362
3285,-3926
4665,5892
7503,6660
-7526,-5935
-6416,-5379
-2140,4220
14841,-7523
10314,9520
9385,-12605
-323,-9662
1015,1464
3301,2269
-821,2105
-13257,2827
2284,-14434
-4589,1993
8322,-7855
-268,-9883
-11640,-9897
-3481,-2390
4565,6725
-5489,14848
7304,-593
-15976,-1771
-4490,-4408
-1339,5058
-9622,-781
-6819,369
1798,-2231
-2851,6178
21215,12487
-419,4795
-1294,-4860
-3986,6138
-3813,3269
-968,14561
6382,3486
-5181,-12229
13837,-1499
6393,-1204
10482,-3895
-417,4025
1454,-9672
-1500,7142
9126,13677
-29,-6259
895,-7370
-7818,-16057
3056,-11997
-6763,7419
5931,-6367
-3357,-6361
2833,2720
4330,-653
-590,8242
-13232,-4064
-4262,-11505
-20586,2430
2509,6973
-1831,3810
-606,-1942
5870,-9995
2457,3544
-6669,10113
6620,10659
-15648,1596
2953,5961
850,8918
-126,6411
5570,-3764
3950,-11257
-4331,-8698
13357,14660
-1783,5695
11096,5717
6794,-1679
3092,-4447
-53,5397
-257,-869
-8626,-18941
4029,-1047
-1203,-7706
8742,6129
4824,190
7783,-16233
-3676,-6006
-4626,7818
-10862,-1538
-7986,9454
-5025,-13440
1677,-3504
-7325,3523
4973,-4100
-5214,-8574
-1960,490
-287,898
-7816,24492
-1645,7145
5942,891
-8969,-5234
3017,2968
-8886,1651
-4244,4309
11235,-6815
3724,6410
6889,7680
12486,13635
-2466,-6933
8689,-1080
-4003,-3731
-10197,7846
4173,3379
4242,-6762
9719,-15623
11764,2745
-3204,-9853
3336,4296
2042,-8013
-3659,-3062
-3057,9642
-6607,5286
-1498,-13246
1863,-4878
-3230,-21638
-8957,5853
-6440,3104
2290,-2347
3910,3403
214,8001
-4184,1377
-12006,12688
-452,-13503
-6723,1281
-9597,5097
-103,7640
2433,3372
12073,499
15066,-6573
-9481,13280
871,4000
-1911,8195
-11,-607
7815,5710
-3299,287
-59,19
17977,-13502
318,-8909
7392,-3134
-3269,10352
-1451,-711
12928,5448
5807,-8724
-9385,-2480
-2676,-3110
-12296,-11741
5261,-10816
-533,1578
-4055,-6218
-893,11108
8212,-6212
483,-5806
-3256,5244
-20713,1390
-10057,3374
-4859,7852
7758,-10180
-5193,7717
-238,-1227
424,-4010
6544,5223
1120,3642
-2546,10192
-13033,18378
12689,-1093
2752,2688
5132,-4506
-3809,-5592
-5767,-33
7922,-1254
19127,150
-2771,7081
11861,2023
-3247,463
7190,-5545
4146,-4678
-12584,-5356
-12156,-1854
8961,-3037
1683,-8310
18086,-3625
-7217,-6034
-6311,-6027
-84,4163
-1002,-1273
-11047,4427
-6107,7238
-14328,-8127
9550,136
102,-6514
-3861,-8425
-12376,7739
624,3140
3871,8481
9487,17062
-6890,-2559
-4916,6635
-5901,157
8401,-4819
-7074,6156
718,269
847,-1048
14301,10661
18029,-4413
6389,3509
-12156,-946
4118,-1390
-5722,4549
9394,2912
140,-7700
-5204,-4669
9191,-13013
12680,-4229
-3773,-6408
3391,418
-15926,-1725
4020,7452
7451,2099
-7214,-3480
-9778,-10962
-7479,-6443
-9179,-9103
9714,9451
-8220,-3503
-3014,4147
3479,6316
4034,3863
-650,4615
-9389,5325
-18689,-9345
-328,15184
4133,1379
8291,3522
1288,28
4766,-6656
6038,2324
7521,15522
-357,-3807
-6698,12569
-430,-2246
11800,2636
3602,-250
5191,-12309
-4536,-15981
-733,2794
14060,-3248
3387,11808
304,-5457
3555,-3875
-7018,-3935
3943,908
-7150,-10009
-18203,-5521
1055,-9735
50,5911
6602,-361
7744,1977
-12148,-12285
-3979,5204
-2220,7050
-12900,10432
-2550,2449
-9278,-754
192,-5617
10159,12042
-22,-9124
-2738,1462
802,1853
-648,10238
10198,18862
1815,8763
-69,-12897
-1556,4867
3437,-8964
574,5008
2382,-2296
3263,-9830
9961,2776
10328,10113
12143,-6683
-7482,1231
-1999,-15990
-7381,1702
-4498,6285
2238,-4268
-275,-12674
-1563,-8108
12290,-8717
-8377,7295
870,-5006
-8358,-881
-10542,3203
674,12958
-2096,3399
-10928,-5545
4477,-13390
-13798,-2133
2873,6793
878,12227
-1196,-2262
5814,8256
6491,7498
-6049,9047
5301,4771
-12531,-9180
230,-3347
1278,13550
7459,-465
8913,2804
14163,-9729
2002,-7373
6847,13097
-5538,2676
1498,-4390
-4655,1880
6333,-8558
-2006,4120
5783,-7375
876,-22798
645,-5393
-3942,981
3734,7389
-8449,8493
8850,-10056
-8344,-2954
-7146,3418
-7602,-4503
-9778,-4244
-6178,-8213
7168,2269
-9508,12237
13010,6718
-683,-3069
-2117,-1456
-3572,7314
-11495,13071
-8876,5458
11166,553
-4424,-6779
12893,6469
1858,2091
4433,-5241
7921,-476
2988,4155
-4949,10691
8473,15933
-1134,-12883
10288,-7168
-2344,-7589
-2852,-6834
-2209,805
8848,-7689
4793,-9076
6426,13646
-2664,-4299
1360,124
-6401,-9437
-3052,-10620
-17958,5356
-5600,4693
1565,-11073
5175,347
4179,-9980
-2707,7425
-12821,5104
5156,741
-9632,3501
-5183,13376
-3801,4810
-5700,5800
8308,-12420
6680,-3011
-10849,605
6191,13190
275,3609
11142,7335
12237,3682
-6660,7148
-1784,-1477
4938,-2061
-3485,-15527
6485,6248
-3043,-2016
5838,996
18623,-4271
8152,-8420
-2023,-3708
-8011,9406
-9450,-11296
2309,5441
-633,-8339
-5235,-3713
-3640,-1721
3463,-11686
4744,-12549
-4697,8812
-8626,-2617
-9397,17712
1863,1416
5244,-1233
-10176,1768
-10723,-469
-5347,-7000
-2822,6389
11348,-4708
-3637,14395
-420,6903
12517,5873
3910,-18
1239,4608
-6455,130
-16771,8152
13059,-2582
9317,1461
6743,-6714
7904,1645
61,-8941
8352,1005
11447,-409
-12903,3553
-829,3712
-1904,1030
6731,-14368
5995,-2366
-8043,-17408
-11142,-4215
6082,-71
2037,-2170
6184,5632
-9021,6468
-5244,-8825
-4126,7290
-686,-9307
-14723,-911
-12131,4698
-4148,-2365
12306,4067
6087,7114
5392,-6450
-14143,10653
1635,2066
834,8237
-3041,11603
-4508,1715
401,-760
2633,926
22824,-8390
-4886,484
957,-2202
1781,4586
6554,8101
12794,6785
4353,-2079
-14796,-7060
8868,-8323
-4846,-6821
4937,-5736
-1910,-1964
-3971,-7352
8326,2449
15772,1035
-8354,-6390
-4146,-240
-20456,-5732
-3215,446
-836,8878
-2754,-8075
-8033,-4068
4615,-1891
415,-6374
6323,11695
-11964,2074
-6739,3564
-6534,16707
10088,4664
-1838,3136
-3289,-1161
-6067,-14568
3659,7393
5415,5751
12582,4036
-5853,7060
12824,657
6189,3448
4304,7084
-1805,-10113
-10137,-3912
-5431,-4422
18195,2351
598,-1490
12539,-7428
71,-12637
-811,-901
5816,2682
-5443,4253
-15641,-6067
2197,756
-8067,-6502
8448,1172
-2729,-10549
-10921,-13449
-2934,-617
2025,11485
-3078,6675
3555,13635
-11169,-9859
-1250,4982
-3158,5809
-5261,-2447
-8501,-1141
-681,1667
5145,-477
13806,22092
7061,-4408
2516,-581
-5454,1599
3170,5030
-3491,10501
279,4929
3878,-16428
3880,3156
12304,-7470
10218,-329
-4832,-7417
5429,-5673
-2768,3003
1330,15036
7079,-4697
-8766,-6514
-2473,-18692
230,-2856
-10446,-4021
3695,715
-3379,-9875
-2222,3188
10299,6780
-6118,7955
-6061,-6943
-7598,-982
-16375,-6654
-2339,17088
-892,2433
-1684,-4269
9970,-3495
1311,2633
2505,5887
-267,16147
-4702,-8574
-1824,12872
2639,9125
1694,4774
5663,-2178
2731,-14044
5105,-12384
335,15611
8522,-2132
3968,6672
7631,-3958
6293,-1973
-2070,5115
-4347,-3238
-114,-19339
-11235,-3203
6272,-6839
-889,7992
4195,-4331
9898,-10773
-2977,-7149
-9041,7283
-3288,3850
-19203,3533
2750,-7063
-5678,2150
-4958,428
3696,3226
-615,-11990
-3894,-2816
5344,9525
-13220,15890
6081,12270
1511,4076
596,-8511
-1621,9894
-3445,-1389
-5025,-3214
11970,-607
1700,-2556
11340,11426
4924,12096
10952,-11531
1690,310
288,-4156
-11222,2205
-1218,7077
3122,-13316
12175,-10295
-292,69
8163,-9105
-5751,91
5224,-7895
-3137,-3733
-9931,13140
-7416,3639
2648,-5255
-7527,-9564
6491,-12111
-17582,1169
-4458,2959
3847,-731
1694,4123
614,8504
930,11256
-14556,2395
9011,-2003
-10685,-3846
-7266,5303
-2284,10223
4260,434
13309,-2390
17368,2776
-8016,-889
5031,12044
-3204,-249
5050,-1161
541,8380
-1461,-589
-62,-5085
15097,-6064
4235,-21320
3684,3604
-7993,1514
4597,-94
4124,4984
8396,-4344
-9020,-4703
-9716,3154
-5229,-18585
169,-3531
-6928,-4438
306,867
-8823,6379
12622,-24
5371,-5748
-9599,8480
-12430,-676
-12167,9238
-6389,827
11666,3038
-10118,534
2353,3825
6947,-4809
4262,2000
7517,2330
-5325,13719
-10551,6719
14518,12132
3701,-6041
5009,-354
-2620,-6075
-6605,-6823
10537,-3762
12713,3573
468,-4985
5810,12703
1383,-8510
8025,-1965
928,-3740
-13359,-8355
-12972,-3543
15,1968
8737,-14406
6099,6024
-3027,-11987
-4298,-2379
-2706,2688
1491,1124
-10693,4395
-15766,11522
-1888,-7822
110,7056
5739,-9135
-2758,-2945
-14362,430
4195,6495
8470,7747
1312,16533
5510,712
-10735,7159
2796,-3640
8339,2590
-8031,-4619
-1586,2899
4727,-2536
8493,5015
25637,571
-83,-209
-4423,-7786
31,5506
-2026,-5202
2285,6938
-660,-6031
-9271,-10689
11992,-6212
6214,-6264
2918,-11451
-7973,5312
-8054,-8371
-1616,11941
6386,7318
-7122,-5407
-9084,-4565
-11763,-6676
1620,-8751
-4668,11926
425,-5949
-6980,5901
4645,8783
9776,5146
1557,7599
-13047,1952
-5138,-6176
-11964,12352
12821,3421
3544,4033
1313,-3730
9478,-5372
9875,1648
2974,7761
8742,974
-16382,2828
6946,1615
6724,5424
3927,-5220
2813,-10166
-2515,-17025
-5181,-6384
16220,5937
-5007,845
4314,-1550
-2478,-343
-621,-5920
-1342,5318
-6432,-7552
-19929,-13719
-1129,2104
-3533,-560
10156,5686
-701,2879
-283,-12822
-7192,6751
309,11525
-9459,4380
-6734,10609
-8027,-5442
6906,2536
1237,9228
11684,-7494
-6196,-4165
2453,2480
5505,6508
5152,21559
3020,2477
6798,-5284
-8373,-3352
11962,-2067
-4719,-2352
-514,-5381
5619,-11022
4891,3198
9516,4713
14468,2565
-11417,-12252
2731,-6160
-11187,-2068
-7320,5497
-676,-1198
-3731,-11403
-1158,-11639
10457,4757
-7574,-5898
1647,3598
-9792,-4543
-7121,4692
-2965,18254
-1978,7062
-6120,-9808
528,-1336
-6608,-11770
1061,14041
-1682,5743
5801,-1849
2848,8182
8690,11769
2251,4438
-1420,9365
-2274,-17474
-2475,2349
-3501,6209
11603,3266
4220,-3935
13747,-7710
10157,-9612
-2660,12232
2117,-3397
-2490,-368
-8094,-6622
6799,3048
-6221,-1570
1981,-5593
6511,-21327
-7595,-8242
409,-114
-2473,13222
-7204,-2045
7566,3958
-6384,-5593
-8995,6986
-4288,276
-12871,-8355
-1510,-7790
-490,10322
-2937,2937
8363,16786
6398,-7816
1009,-387
-2174,11035
-10892,9161
-3177,3388
2153,5299
6704,-12296
3635,12817
7054,-3930
7945,-7464
6355,-3101
2957,1839
-512,8886
-3598,15431
11757,-14218
261,-3731
-10,-10559
-3209,-4638
-6418,-5737
6013,-8120
8388,-6932
-6715,10845
8007,226
-5942,549
-1345,-11757
-4827,-1942
-19709,541
-10196,6605
5830,-5259
-2625,-4586
11993,-839
-8252,6525
-3882,-163
2770,7956
-4249,-966
-8883,15245
-864,12163
-6304,-1952
14673,-4589
1470,-4883
-1189,-4840
-2341,14802
8610,-2426
9032,5358
11455,9524
-4466,35
1780,2745
-854,-6341
6955,-16683
-8511,5175
1391,-4115
2794,-1903
14959,-1860
10715,-11324
-1302,138
-15616,3106
1851,-6674
-10713,2231
2291,-3434
-9031,-1382
-7198,-1310
6482,-10832
6896,-7576
-11503,820
-287,6949
-16530,10258
8133,7210
4184,4291
-9259,1023
-9020,1125
-1375,-2396
-4398,-4783
14341,6925
-8308,4303
5623,9127
11294,7896
11009,-3111
670,3692
-5794,4006
-14322,-4863
10963,7721
6003,-7091
9548,-3866
-121,-76
8262,-11662
6657,-3137
7521,3357
-9405,-5932
-7660,11674
-2940,-4618
11057,-6434
-5015,-4869
-2661,-13979
-13299,-8697
701,2700
7663,-5005
-1718,11836
-8900,1650
1899,2366
-8838,1327
4997,-433
-15412,-3545
-17047,4649
2429,-983
8075,8196
7740,886
9258,4899
-13045,-2277
7297,9192
2834,5645
-5635,8519
-2037,3721
-2010,1303
7227,-6922
20108,3022
-2674,-14627
300,1014
1477,319
7457,4520
10777,8466
-73,398
-8095,-14369
1163,2205
221,-16534
-617,-1186
-8006,-5837
-1885,-7371
5810,3406
11030,5575
819,-9866
-14535,5824
-11175,-10423
-5838,7868
-6313,6061
-715,-2030
-8884,-5071
1282,1464
12788,-5201
-3463,11517
-2756,-2252
-7345,9211
-6015,10064
12661,14383
58,550
-6875,-2570
4716,-11330
-3431,2532
11675,1724
6963,7821
-2875,-5076
11937,8832
10564,972
1280,2912
2226,-6094
-15855,-10411
-680,-6244
7076,8787
4783,-11096
4597,-1546
3573,-14190
-591,-4200
5183,7755
-10045,-183
-10027,-6094
-10214,7534
2029,-7616
-934,7417
-937,-10681
-7989,-14974
-4094,2219
-251,9888
4788,8637
-8456,13874
3810,-7091
-5920,8889
363,5634
-1961,-1395
-9520,-3798
-2956,-915
13541,4418
2633,15495
19104,-1369
-923,-2931
2,-2819
4213,8736
-3841,5823
-4730,100
8521,-8890
-4431,-5860
18304,-899
3258,-3917
-48,-15051
921,-2132
-1014,883
-3635,11378
6738,5544
-11708,-15232
1527,-9157
-7550,-2539
-3958,-7194
-6214,2627
-71,-9607
-3024,887
7764,17771
-3230,1301
-933,193
-13001,-2676
-4518,-3649
-12543,17171
2282,4519
822,-7200
6809,2329
6885,-1804
7233,10295
-5822,6615
8037,-4327
-9180,7863
4964,12598
3891,4013
1674,-2902
6458,-18028
7209,-7148
-6846,2394
14066,4632
-2474,-3278
8972,-1678
6436,1606
-4608,3653
-3530,-6227
-583,-11962
-14991,-15485
4601,6197
-6832,488
5394,-2614
7773,-6716
-548,-6826
-7918,5717
-5831,12450
-15150,-7995
-344,6662
-7579,-897
-1163,5272
-809,4277
5537,-11838
-210,-6633
125,15977
-4471,6223
2272,19736
3437,-1282
8044,-1590
-7024,6954
1147,58
-1003,-9591
3635,97
9630,-7693
4057,15204
5270,3039
17239,-4428
-1769,-8048
1313,261
-9176,-807
-10986,4120
8518,-13209
3981,-5200
-1259,-7379
7951,1751
-6072,-11470
4694,-3475
-1592,-2017
-16573,10695
-3828,7611
-2348,885
-2336,-15226
1737,2410
-14279,-8062
-5790,5584
5036,540
1522,1562
3416,12319
-3042,15915
-1843,-4554
3247,7831
-2866,-10438
-9264,7597
-4883,8764
7035,-2281
15817,-2339
10595,4426
5391,-6440
-4321,13138
5895,-7096
3573,1342
-5005,5178
-1372,1196
1600,-6147
6370,-7336
15246,-20395
-9601,1040
-2897,-3557
1966,3671
1602,-472
6615,2827
-6820,-2311
-16954,34
4722,-11464
-9688,-6139
-3356,-5349
-6247,7998
-6051,-770
11263,6769
10712,-1640
-12065,3081
-5317,7524
-15870,4699
1659,548
2715,10990
-3359,-5011
-1249,6692
12264,-2946
6968,-6103
9408,7294
-9149,6842
-576,4747
4110,14939
14099,-7864
-1151,435
-2649,-5618
-3109,-13639
8538,-1905
5858,-2399
7360,-3617
-8140,9383
12532,-6451
3843,-1505
-1141,-3124
-11883,-8975
-15857,-2066
-6350,-1949
14868,-5095
-7388,298
4836,-5964
-6313,-2532
-426,895
2941,4839
-11136,6315
-19365,6499
4742,5815
-5074,-338
12020,-803
-6164,-3652
-8891,-5174
3980,8209
11050,8878
638,8366
7271,12488
-9094,-3460
9671,2989
3256,1076
-1961,-9354
-8158,926
5342,-1555
10432,-3262
20389,9598
1684,-10789
-95,-3729
-6608,1030
6049,-4003
-7173,4472
-4433,-2515
-5887,-14411
4403,1247
8281,-11645
4399,-5386
-16471,-3346
332,-1881
-6624,9154
3605,12695
-2169,-3457
-14340,-464
-6860,-9069
4284,1365
-10460,538
4499,3138
-8434,236
5567,10952
15700,9288
155,7225
-7561,-3471
-3440,3377
-10753,-986
12097,13916
1391,-2378
2158,-5649
11198,-3186
10563,-375
7010,-33
3209,7432
-11068,-11360
2871,11202
4597,2120
4958,-4525
-1895,-9928
-2942,-17140
-838,-11751
4361,11877
1208,-8645
-2605,5360
-3194,-2961
4548,891
-5719,4886
-7651,-4695
-13342,-15617
-13069,6115
4923,-1797
3210,12053
-540,-3033
6229,-4260
-6042,2383
371,14507
-1416,4759
-15783,7961
1610,-3601
2362,9132
3741,1175
12756,738
-2976,-14111
1493,1323
11025,8583
-1518,14324
9213,2856
1633,-980
-1374,-11627
6504,7577
-2206,-11002
-4801,-8915
4851,-8088
440,-2152
11972,6564
5351,5556
-454,-19453
-5854,1687
-6652,-4710
-10692,5706
-5605,2084
-5251,-12655
2392,-7112
-149,8115
5870,-7980
-7878,5115
-2813,-6449
-5915,8033
-6200,19921
-1086,8528
794,-6000
-7712,-2542
7720,-7518
-8308,11012
3704,1141
6660,206
2878,4294
8993,13573
9242,7760
-7387,183
9123,-11377
-10399,-2385
-442,2772
5844,6704
5267,-11155
10743,-7654
13615,-3968
-6916,733
6824,2968
-9109,-6289
-3030,-7435
-3719,10402
-3044,-3726
-2586,-5852
6711,-14160
-7434,-16701
117,7981
-9093,8100
1804,-1467
-2611,8333
2041,-1874
-10446,7906
-5325,5976
-7296,-14391
-1727,-1176
-6794,5982
6942,7255
-1360,12791
16977,-4731
3390,-1503
-3531,12219
-4841,5030
-2683,5666
-2799,-2396
14408,-2556
-6222,4476
12887,-1316
8884,-10983
4996,-7561
4543,222
-2301,10989
-7604,4397
15634,-1328
-5417,-12250
1799,-4262
-7002,-4860
-6553,-11096
3777,-8344
4976,-1297
-8202,1379
6463,14238
-4897,-8078
3050,-4615
-9641,556
-16045,-189
-13198,6250
3072,1538
2427,-11163
6408,11757
-4276,-1499
2873,3972
-736,4633
3658,1219
-10748,13041
-4750,16761
3854,-6750
8670,2398
5297,-11689
2413,-346
-8156,3792
14849,99
8424,342
5062,10927
3956,-1005
-4176,4215
3223,-13102
7083,-7892
-15395,-7029
287,2194
1720,-6139
9301,-2769
15298,-7311
-7261,834
-11203,-3754
-32,4519
-10487,-8334
-2128,7388
-10508,-923
-8820,-2208
9675,-5285
3972,-5885
-5370,-5367
-6902,16381
-8334,-266
6007,15779
4942,5805
-6135,1461
-7399,3577
-1968,-1928
5589,-10260
2343,12021
440,-4295
2274,12343
12520,4546
16948,-1612
470,1718
-9399,2535
-3487,-8122
-2616,7778
12937,-9788
2054,-309
-2278,-6765
11615,-7653
7223,-7367
950,1281
-2050,-3795
-20013,7852
4450,-2194
4632,1206
-5402,-10285
-4770,-5672
-10772,-12090
-3966,-121
12407,2427
-10447,6466
-1757,4777
-2122,9655
161,-3827
1208,8517
-11215,-5204
-18697,-82
4882,6764
4920,2867
14068,3001
1603,7424
1249,-9124
2967,12100
8038,4020
-5558,3308
-4646,7781
-2956,-3334
14171,-4037
7911,1983
9177,-18060
-8544,-2231
4191,-2330
8522,2439
5216,9858
-2910,-2258
-1122,-8915
-9988,-1599
10557,-11208
-11330,-4253
-8914,-7842
-2228,-4654
3180,4023
8426,5231
6848,-1204
-21203,-2994
-741,-734
-11344,6421
-4573,5623
-4023,3756
-7200,-5500
1296,55
17612,5305
-5085,-1413
3450,4726
-10115,4501
1727,8653
7407,19240
4112,142
-6138,-7576
5329,-2658
-717,-9795
11841,6865
-218,84
5269,-7057
3950,8857
15305,3050
2504,-2163
-3161,-1053
-11486,-19110
-2632,340
-2663,3032
10366,-6512
-6056,-5788
6910,-9872
2977,-5608
-1477,10325
-5792,-4621
-11083,725
-15978,1698
8374,6048
-8079,2568
956,-5869
-3630,-14343
-7098,1414
3870,8293
3894,14836
-9190,2533
9343,7506
-5391,2659
3514,9659
-270,-766
-9622,-8717
-555,-3507
10220,11258
4979,2012
17346,9038
2152,-12759
4284,-1218
1885,8838
-3020,1920
-5158,-4232
958,-2126
1446,-14424
9699,9004
4051,-12496
2720,-13944
-4720,-4943
636,2466
-3724,9133
-3388,10809
-1546,-17922
-6566,116
-5704,-6087
-1923,-887
-12219,-4222
1394,-5121
289,1074
-969,20277
8638,2541
-5370,3761
-6833,-7669
-1835,7025
-14530,8226
1389,9007
5230,-7330
1298,-328
15992,1817
2973,9506
1417,-4026
6819,3876
-5963,-2627
1331,17129
5341,5165
-1225,-8972
10774,-14422
844,-7092
-685,-6975
3834,10217
2802,-13447
4269,1847
4999,5343
-4549,871
-1932,-3386
-7286,-11030
-5852,-18323
-10761,12336
-1272,-3551
1240,281
6254,-4976
3253,-4850
-5378,8044
-11853,11279
-1493,-6943
-12799,8658
72,1167
-3981,10250
-1055,1099
10013,-9358
4461,-6792
-6111,10779
7229,9768
-6734,13341
12461,-312
5813,4185
-5020,1174
994,2464
3113,-11535
-2270,-9081
14003,-256
-5201,6503
11294,2224
12067,-748
4492,-14236
-3588,3605
-7858,386
-14419,-5157
7649,-3311
-3254,-9865
2829,-4076
-2481,4727
4137,-15583
-461,-2305
-1193,2089
-15729,5364
-6327,16350
-4149,-1824
6240,-8068
-9666,3846
-2885,-6753
-9920,2804
5714,1766
6062,-862
586,17103
-3205,11341
9967,2224
-4148,1660
7955,-5066
-13755,3533
-6227,6120
10294,-3154
13534,-1443
8217,-1913
11950,1541
-9557,-830
13606,-1668
-704,-2254
-6988,2537
-3877,3925
177,-4984
4814,-13655
15045,-8089
-13641,-12693
-1234,2446
-2623,428
4466,-1511
1276,7833
-6932,2390
-13988,-5428
2377,1624
-7347,-15553
-4400,2738
-13034,5030
1399,189
7465,7976
12793,3799
-4811,-1913
-9718,14895
-7503,-3517
3197,7754
-4131,6123
3580,78
-5043,2200
13753,-506
15798,-10217
1684,7577
-3159,-1341
167,9543
-71,5204
18668,2089
-5175,-5418
-5138,-4765
2979,-14335
844,-4629
7347,-7419
2258,3213
-10383,-3288
13773,5882
3993,-5823
-3364,-1534
-10270,-5352
-20155,-4127
-3758,-3607
7316,6117
-5297,-9905
1008,5873
-2409,-6690
2957,1704
2968,8333
-11935,5160
-13887,4226
-2394,15583
5449,-6542
5862,8538
-3241,-8741
-3657,-5843
2829,6115
11426,7896
6601,4817
-3153,15084
5146,-7574
4526,8014
5236,-4424
11,-7215
-12628,-5983
2708,-1603
15777,-3641
7008,7371
11745,-11357
-6193,-2416
-3254,-5603
5746,3842
-10677,-1993
-10584,-506
-1587,-9199
-5067,-1756
15261,-6200
-3149,-3792
-11440,-11541
-2581,7421
-3236,4510
-625,15372
894,4438
-16595,-5029
977,-2093
-1457,4176
-1901,-6521
-4146,8813
-1512,-4805
5004,10939
17187,15296
2320,1029
-881,-1147
-9080,2459
2245,-4540
-679,15855
5938,-5855
717,-7552
9212,-1520
13091,-4323
10547,178
-6701,994
1485,-11006
-9614,9824
8062,3646
2081,-2325
-6022,-11187
-2354,-17064
2137,-8072
-6658,4180
9164,-2370
-13022,334
2051,320
3483,8112
-5187,3260
-8147,-3124
-9264,-9638
-18398,-2289
9692,10366
-4087,6180
5673,-2156
4378,959
1651,-546
292,14033
1346,9661
-14982,-3897
3699,7714
-1342,4345
10633,2508
5128,896
5923,-18395
238,-3104
9168,12256
1299,3059
6411,9209
-1233,-6800
7173,-6469
-4566,5585
3898,-10737
-8217,-14450
-1491,-5655
3464,-6349
6117,12339
1318,-1103
8294,-11081
-13932,-3811
-929,2293
-12800,3936
-11753,2708
-1643,-11055
-962,170
-2260,2423
11828,3758
-10929,-6639
3000,51
-5103,8181
-7642,18637
1839,10919
932,-838
-4496,-10302
9192,6338
-7972,-2681
5783,3676
5307,-2741
5338,1026
8764,14463
8146,11083
-433,-10852
5275,-766
-7393,-13116
-2258,6683
-1469,2762
8074,-12753
7724,-8669
8858,677
1068,-6971
-2162,8499
-4058,-14471
-4028,-255
-12092,8035
-337,2253
-4517,-7426
1365,-9871
2261,-17217
-10299,10998
-4044,2019
2397,5944
-5538,2135
5878,9356
-8208,6955
-8479,6432
3488,-11912
-8684,-1470
-2271,1705
4240,15383
375,422
18877,3753
8276,-3865
-4894,8600
1635,7274
-6788,1250
2613,-7376
6178,7204
-2430,-6630
8319,4335
11770,-14831
5011,-12756
4040,2517
-7708,7371
-1361,-344
4098,6674
2901,-16949
-6084,2841
-7401,-6275
-4775,-13286
823,-7040
-1208,-1072
-1187,1444
-6634,17650
8446,-8719
-1023,1174
-8703,4
-12952,3167
-14143,5026
-1150,1790
11705,-6123
-5922,10198
8053,-57
1100,4760
4031,-1695
5862,6357
-9618,9553
-8823,13781
12777,81
807,-4134
13348,-8100
-3526,-805
-3183,-6843
11648,3347
10532,-3572
-169,6286
6680,7309
-7584,-4604
9739,-8670
-2003,-6209
-10099,-13388
-10246,5449
3720,-7131
6655,-6247
12650,2267
-8307,-5531
-4842,404
-8298,4604
571,-8096
-13784,10672
-8755,2330
-6961,-3116
7344,1597
5933,-9152
588,-933
-15819,10419
5914,2750
-989,13975
8124,9096
-2663,2843
-8422,4567
1509,-5471
11595,-4951
-7357,788
8556,1349
-3864,5031
16217,4088
18640,965
-112,-1086
-9103,-2484
-137,-1459
-8384,-5294
14041,801
-6217,-6207
-375,-7669
8845,-4345
9245,-9328
-806,-3435
-4496,4678
-19953,-4388
4020,10498
-459,-510
-1186,-6836
-11678,-2690
-5892,-11123
-2514,-4236
6648,10869
-6161,-2884
-3179,14094
-2731,6304
10937,2564
-4831,7448
-6250,-2551
-14598,-4816
-1524,10895
11834,-2346
10547,8883
-396,-1254
11762,-2637
-124,3787
11290,6555
-2646,-601
-12587,6159
2941,-5049
10459,2280
4932,-8078
11524,-8624
-11642,-14661
4315,-315
9338,2237
-1817,6624
-792,-1621
-4634,-1236
-7215,-10184
7822,3180
-12607,-13906
-11332,-5267
-3855,-2215
1763,2952
9888,7205
2239,6038
-11431,-11933
-4402,11680
-6213,319
-4843,9474
-8175,4686
-4338,-4961
5050,700
11835,10359
7592,-9404
-3900,8532
-2816,-3134
4430,12494
2942,16122
6409,2302
-2103,-9561
-2084,-1925
11592,-12188
453,5991
2441,-8553
4606,-2841
739,1677
15198,8471
5901,-2888
-11516,-4861
-1743,-15811
-12591,284
-1264,-1303
3969,2246
-6821,-14241
4629,-3042
7377,-2420
-6288,4949
332,712
-17160,-204
-9167,-182
626,18488
-2805,-2999
-2396,-1068
544,-11116
-5871,-4268
6993,12911
-1419,11585
1532,-1543
585,14578
6247,-72
999,11999
884,-701
-6078,-14650
-50,-1754
2790,8033
14696,322
4037,7424
13560,-14879
2298,-724
643,6785
-1300,-381
-6461,-4716
-7789,-5408
9765,-7496
-4876,5233
11113,-11133
-810,-13777
-5089,-9176
181,5808
-3968,10456
-10258,5741
6318,-5640
-14427,-3939
1018,421
-6690,1752
-8958,-10488
-1066,-1404
2592,4563
-3456,13730
13397,14313
-5823,-4636
2537,-2689
-6872,9667
-6876,3384
-4085,9112
7133,-4813
2926,-7660
14844,11448
3515,-679
9502,-3491
-936,224
3943,-3940
-6364,15372
3734,7732
2401,-14591
5814,-7729
-112,-13368
3502,-3238
-8118,1369
10938,-10726
-2487,-788
1885,9479
-350,1227
-5946,161
-6611,-15125
-1968,-7880
-21172,3259
3158,5080
-2856,-3132
5879,-2917
7463,-123
-6041,9709
-8825,4877
2705,4086
-14893,-2673
2373,13250
-6486,7852
1876,-276
11967,-6642
6095,-6847
-3021,2054
5277,18050
-2920,-1763
13044,8419
3472,1900
-310,942
-2011,1906
4005,-12060
1224,-17370
3623,7127
-1654,-4985
7912,7912
8783,-5563
11040,-10382
-8986,1742
-9455,2621
-8842,-9778
-4509,2247
1217,-12799
-2656,4493
-6415,-1595
11070,-8006
-2401,-7095
-3246,5640
-8950,5718
-15147,17165
4013,-1403
4036,2327
-9931,-3452
433,3877
-8032,-5563
4737,1587
11412,1663
-5545,13538
4115,9968
8797,9285
2706,-9223
6244,5584
-11579,-4566
-8251,3076
10995,-1011
9469,-5668
11481,-3469
4338,6319
797,-12904
7633,5045
1697,-7751
-9546,2027
-8659,6345
-1776,-5786
8856,-12690
2699,-2919
-3160,-18356
-11079,5687
601,-3805
5179,1832
-3743,9294
-7713,5504
-5918,-2537
-7108,3400
5733,-13472
-14486,4560
-10530,782
3173,5476
7199,4791
12576,6813
3996,1345
-16002,8653
6274,246
-3130,6911
-887,1291
208,7004
-2674,-4517
12377,-486
21662,-6279
-3933,-3698
3521,1483
-6092,5669
6529,-145
10096,10062
-1880,-9654
-9066,-5734
4403,-8763
-1506,-13943
7350,-2686
-8234,143
-1896,-6260
3194,11506
11218,-5155
-5800,-1199
-12250,149
-17637,-9111
-2641,2796
-2921,5070
4406,-6540
-10604,6198
7360,-4429
5367,1873
1369,9665
-8062,2181
-10571,8204
-8568,11135
17286,2676
-3997,3994
3667,-7140
-1787,-7007
2856,1544
12764,5566
7762,6940
-8602,4206
14087,3377
-534,394
9849,-2177
-3783,-7018
-12595,-12480
-167,-2821
14146,1690
2519,-4160
12223,211
-8551,-11223
2712,-2493
-750,6235
-8131,-4507
-15713,-950
-4386,-481
-2828,-8556
11394,6655
-4557,-11036
-4534,-8449
-9345,6502
4495,6608
-3155,14132
-2623,11339
-7700,-9152
-1254,7723
-8,-1410
4698,-1453
-12604,602
5867,-1517
5489,7572
13086,17483
11286,-1981
-3108,1405
-6168,-5699
7575,4258
-8511,3955
7094,-837
-368,-11297
4848,-2742
17977,-3467
6188,298
-5565,-10313
1747,-425
-12145,-1826
6011,12703
-761,-2273
-8313,-12744
-778,-13102
-1491,-4489
-4179,-4910
2381,8485
-10101,-10685
1168,9551
2514,10725
-1573,3957
-7287,-1146
-10844,-5699
-9850,-7937
-570,20194
1806,-2129
4715,3234
3921,-1097
9612,1835
1718,11590
-1527,9636
-3309,-9045
-7090,11753
5856,545
8016,7933
2222,-7087
10901,-15161
1270,-8549
2737,9984
9685,1340
-5162,6341
5365,-8745
3907,2383
-6007,-2604
2889,-3816
-7607,-19392
-8692,-8339
7385,-620
-4221,9173
6602,-2386
3932,-2042
-7968,-11373
-4123,12199
-10293,2445
-15114,-744
265,-2715
-6053,-343
4356,3437
4179,10352
1229,-15537
-698,5233
-815,7521
-6379,15322
1825,15273
-27,-2647
5476,-8737
-1662,9615
4807,-8481
-1157,2168
7150,-6797
7423,-573
5886,14994
5664,8019
10077,-9622
-6223,-3710
3771,-11832
-11820,5505
-3313,-1918
7328,-10500
4745,-9285
3769,-290
8548,-1258
-11915,-349
5632,-9514
-11388,858
-11790,6203
-3868,9866
-3340,-7591
-1530,-10786
7355,-6176
-15889,948
2644,7256
-2716,4828
1683,-419
1148,17440
-2726,7970
-7212,2173
6726,-2436
-8335,-11318
930,7087
-3873,11882
10750,-3428
12018,5151
14362,-2791
-2336,2798
-191,11547
-3455,-8650
4669,-2613
-5247,3367
6003,-4243
-1891,781
15225,-13757
7397,-16324
-2548,3957
-6562,933
189,4708
-5221,327
10794,-5737
-15083,-124
-5932,-2998
-2270,-12784
-3811,-7380
-1677,-2893
-1259,9770
-11347,7257
16255,4826
-2930,-3077
-5086,3649
-11833,6225
-13493,2483
48,-324
10511,4303
-6128,-1654
10376,11413
2919,-3738
10891,-2028
3532,7164
-7122,6688
-7686,8741
9260,8511
6161,-14472
9109,1949
-4885,-9399
2394,-7920
5001,-668
12125,-3736
-645,1729
-1980,13070
1558,-11100
4860,-316
-4169,-11817
-7061,-7791
-19296,-743
4179,-3060
8206,-7179
2319,6125
544,-6558
-8008,5805
-6000,-2302
4640,3286
-18977,3642
-9491,9003
-2495,-1260
2049,1772
13902,-6702
-2938,2330
-11227,-1057
7837,13113
1148,3913
7070,14267
230,5175
-9049,509
8227,-3955
7264,-2328
-2392,-11272
890,9197
194,-6195
14756,6371
17744,2534
470,-5078
-6209,-3181
-6257,507
348,-12643
-214,8463
-3935,-12131
-3442,-4369
5685,-4100
11603,-8738
448,-4091
-13701,5036
-7674,-6216
-8072,15641
4768,-377
-3217,588
-14228,-5019
-2354,-6871
2006,-4150
-2422,8390
4788,-357
-12420,12740
6300,5729
11831,11128
-2785,1165
-5360,1355
-8761,-5454
-7344,4309
18880,3876
1432,3860
6478,-5064
9074,3129
7029,-5452
8299,8451
-320,-1011
-16490,-3059
5294,2825
3130,-626
10347,-9401
449,-4323
-3334,-22160
-1148,170
8612,4269
-3504,75
-2663,5264
-9236,-2297
2978,-6161
-5059,6961
-3508,-14904
-17375,-5589
-5366,63
4276,2026
7972,12388
-1554,3235
2125,-6326
-12995,9173
5616,4174
-8809,8753
-9668,3256
-992,-3155
5974,3785
8489,5137
17582,-2761
-10941,-3429
7027,-282
1671,11057
3146,11737
5354,4622
-616,-8310
-4046,-9106
15499,-1434
-6100,-7803
5199,-6396
-2029,-4920
3995,-2016
10084,12010
6533,22
-11004,-13120
-2488,-3569
-14160,-8709
-780,5030
-6671,1391
-700,-14344
-1094,-556
8747,3545
-1459,-1406
-3573,8669
-13464,-7691
-4919,8171
-8239,17201
6043,2404
-6678,-3008
2090,-6899
2398,-7588
1472,15557
1948,2983
5968,4130
-5000,6467
15387,9309
-1130,7097
574,-865
481,-16373
-5612,-2667
3100,1438
13502,7553
-768,-6921
17549,-5132
1693,-5838
-150,5622
67,416
-10764,-6845
-7537,-9697
4234,5667
-6095,-6274
8762,-603
-1209,-18450
-3025,-9576
-1975,8850
-5973,10605
-6802,1302
-151,7166
-6870,-10296
-2242,12044
-6742,-2057
-3606,-10343
-4198,-1803
2159,6958
2894,10035
4904,20141
7372,-10805
1331,4516
-5851,4499
-1298,6533
-7809,2847
5279,-3454
9850,-8666
3447,11936
13866,-5137
6479,-1956
282,-9985
6150,3269
-9626,7957
-1176,8758
7907,-12004
-3964,-9710
5991,-11759
-3508,169
-6665,-10782
7724,-1802
-2361,-6430
-3075,12092
2833,7849
-9586,-3470
292,-11401
-8985,-970
-15397,-4805
-5081,14196
1162,-7614
4719,-1341
8624,6848
-4847,6013
-606,5181
-3268,6697
-2083,-7761
-8039,19968
-1660,5244
3229,-404
11332,-5020
8139,-9576
2983,724
-4783,13836
11241,-5533
2600,8823
7385,853
-72,3665
-4289,-1161
4277,-13435
5548,-16184
-10156,798
6767,-2202
-3014,4448
12772,-7049
9849,-3506
-9522,-1789
-11486,3275
-4135,-5095
-13588,-4938
5919,-2009
-12497,3233
-1124,-2681
8280,-847
3165,-10958
-5537,5962
-5803,12065
-16430,7457
9012,9446
-1046,1916
-1289,-2735
-6474,8203
1370,-9940
3625,-1980
10519,6466
-4009,3642
5946,15859
5808,4771
15318,-7648
-4049,5204
-4114,-5998
-10251,-2124
6261,822
11065,-11050
8411,1315
-2419,-651
12457,-8733
-2038,-1195
7006,-4854
-12724,326
-14834,6688
264,-5276
7199,-5491
-4134,-8911
3506,-7652
-18315,-4252
5635,389
3593,3248
-6409,8619
-6376,8544
-3556,4983
-6271,-4289
9761,1239
-17891,-5778
-7207,4101
986,5998
10689,2323
12410,7801
5079,6794
-9609,-3287
7430,11262
-1534,-3432
1061,4580
-7318,5459
2684,-6047
10995,-2589
18542,-1887
2465,-14735
-2830,6776
-3721,-4606
9317,4717
146,6899
1906,-5397
-11042,-8236
-760,-4635
6060,-17722
-3240,1193
-8804,-7560
-70,1665
-3049,5148
15541,4590
-5237,-2383
-16647,1721
-8300,-7318
-8910,6144
-1931,283
3148,5178
-12222,-4241
11151,5153
9826,369
97,6714
-1776,3785
-13186,7846
-2718,5033
13628,15680
-1059,-7277
2476,-593
1101,-10228
4457,-3825
13248,5586
2618,4666
-2149,-4100
6064,12981
7666,-7820
5585,3627
-5837,-10221
-10810,-15315
-3188,-3055
6677,2810
8468,-8047
-1570,5221
1795,-15610
174,3400
-2653,3451
-6034,-1463
-18193,-2023
-10691,2623
6695,-4358
-1793,8890
4883,-11893
-6433,-4303
-7458,-60
7268,13358
-2029,11424
-7449,10621
3416,-2166
-7954,5689
9526,50
428,1851
-9038,-10904
4212,3968
8840,4207
9034,12936
16967,4006
-6390,-6190
2940,-5398
477,8103
-2911,-5904
-2138,3010
1127,-13128
2286,-6625
17091,3650
2729,-6836
972,-11314
-8748,1099
-1958,-5250
-5133,17089
-499,-529
-7825,-13447
-3171,-6238
-2984,-6321
2123,-2368
-10757,5403
2304,-9598
-6537,11492
5240,13770
2320,6527
-7390,461
-9671,-7367
-1129,-1502
-11995,13281
11532,2574
-1566,0
8198,-2238
13020,5790
3725,8413
-1613,3508
3575,-3062
-13855,577
11339,9398
692,4469
5704,-11181
8387,-12032
3859,-11779
-105,3081
9243,7970
-8357,-7302
7482,872
-2762,1993
-202,-2552
-4956,-1084
-4413,-19732
-10311,-13053
1445,9048
-4258,-115
6635,5703
-1076,-4115
3455,-6663
-11463,13147
-5761,5172
-12454,-4691
-5822,4483
-1867,-3515
4428,11826
-645,3565
13872,-10008
-5226,-882
3438,10263
-2278,12361
-3370,15160
5741,-5179
6671,-501
-5630,33
11617,-37
-5384,-9910
8145,-6806
8159,-1020
593,11851
7938,5135
9892,-2716
-5922,-15484
4160,1235
-15542,-4152
-4924,-1413
3651,-8558
2047,-10089
3290,-416
4386,7015
-6052,-12771
2924,2369
-10940,-4936
-11116,10594
-9477,12532
-865,-5545
1053,-10388
1161,2739
-6007,-7617
-2859,13687
789,-2703
6440,4696
-3819,16450
1739,11837
-882,-224
904,653
3670,-15169
-7418,10094
-2752,2707
13861,1496
8345,-2720
16022,1801
2952,326
-7078,7559
7020,-9986
-3419,-1160
-5666,-3685
2552,5783
-4012,-9241
13392,-8952
10421,-15391
-9538,-1567
-1562,2605
-6537,5435
-882,-5549
3912,8722
-12467,-6066
-8687,2486
306,-9687
-5359,-11677
-190,1137
-8739,11332
-1679,1386
8779,15086
6904,-6851
-5884,7967
-10630,7584
-9553,-1294
2436,1462
2328,5486
4852,-4240
-799,13933
14560,-8484
11609,-1263
2313,3722
-4538,4691
-5672,7166
1077,6287
17331,-11059
-4659,614
1984,-11689
268,-7290
3316,-8091
10380,-1921
-771,1494
-10848,7991
11482,-2619
-4164,-3331
1489,-9636
-13015,-2681
-18437,-7935
185,1471
9391,-3423
-3874,705
5866,4418
-11059,248
3891,-475
-1470,9167
-12600,-1188
-14759,12477
596,3656
3145,-3797
15252,3333
-4967,-4682
-858,-2093
63,12580
12361,582
1080,13969
647,8189
-3889,-4904
8034,1969
4944,-8542
4659,-10014
-12786,2518
9519,-6383
8928,3686
15145,3900
3960,-6984
-8101,-1130
-8099,-5306
6902,-4850
-14193,445
201,-5626
-9239,-5622
4516,-3445
13739,-5307
-1046,-2664
-15508,-2207
-2006,5103
-13586,6201
8661,10708
-7560,1719
-11296,-5571
-972,-2367
4278,-2049
-2208,-328
4499,10142
-11620,-94
11145,14351
9706,10963
4587,-157
-7420,1586
-5862,-4263
-3390,-4595
12156,12800
2658,-7922
7082,-44
4719,-1468
16606,-4744
3302,4542
-1622,-295
-11481,-10053
-4261,9337
5635,-5772
8007,-1633
-7526,-11469
3929,-16511
-5331,-5191
5056,6492
832,-1735
-12071,7685
-4106,-3555
3662,5885
-8812,-704
402,-4134
-18823,-11762
-7466,1753
8605,5547
1771,12003
3672,464
3342,3987
-7903,-1987
7700,15760
-7572,2068
-10330,1607
745,571
3942,2986
13017,1486
12530,4111
-2437,-18220
4566,6659
3488,4626
3465,9921
1696,5501
-1638,-8529
1595,-11272
4885,5160
2309,-17804
-3766,-3058
-2777,-10997
5415,665
4414,11745
4597,2174
-3403,-13655
-13169,193
-3094,-9482
-10273,9691
-8394,-3759
556,-7036
-3384,-2525
7348,7977
7423,641
-11822,4866
-946,-5970
-10067,12335
-5704,12167
5336,12401
-4449,-8520
1239,-4957
10126,-3083
-4365,6845
9767,2903
397,3628
2099,-1336
10773,19167
3856,1306
-1274,-2952
3561,-12303
-8715,-10900
5198,3305
2483,6573
7302,-14574
7582,1051
7903,-8210
-1860,4258
-1911,3211
-11066,-12524
-5776,-5354
-8465,7854
3571,-5632
-3938,1970
5419,-18484
-2257,-8428
-5066,10239
-4918,8351
-2488,4727
-9269,5922
6555,-1796
-11797,12271
76,-1488
-1799,-8931
-4890,-5024
2198,6858
6996,13519
-1691,10985
19804,-2127
-3324,-184
1192,4431
-2901,8580
-6279,-4439
2555,-4712
11001,-2600
-2043,805
18212,3397
2478,-10886
7273,-11898
-828,6033
-6606,3323
-6200,6784
6382,-4170
-4457,-17510
4253,-131
-8854,-6117
320,-11188
-2676,-1726
3192,-5578
-7119,11522
-366,15421
-3109,-8515
-26,-1354
-11882,-4427
-7100,762
-15972,9776
8211,-4093
4272,-2368
4977,11224
3355,3216
777,8785
-2773,-1608
7031,1231
-16625,11391
2769,10379
3867,-2564
8875,-6121
12894,-9954
1519,1956
-5553,352
15400,3377
-1866,-3465
8198,7588
-2221,3867
-4688,-4416
5605,-12616
2324,-12315
-11432,-10579
1576,9082
-4195,-7516
13038,-334
6053,-1225
-6468,-2063
-11753,3763
-6178,106
-8255,-12294
-3598,11068
-10932,-3509
36,4139
5102,-1711
10666,-8440
-5447,4020
-9016,14984
-5121,1477
1208,16863
4456,-1853
390,5435
-9963,1858
8876,-6349
5153,-7496
4105,5673
4783,522
-2573,15509
12493,-751
16708,1128
-6439,-4885
-2523,31
-9094,-7915
-688,-2339
14812,-8119
-2079,117
1137,-5988
10027,485
952,-12760
4102,3313
-12655,-1859
-19168,3696
2146,1635
892,-3441
392,-10545
-4744,2558
-9906,-14508
2181,6648
4823,2784
-6361,6938
-5979,13624
-4560,6762
5232,-4651
-240,8701
-6821,-12177
-12216,6476
2056,2952
14137,2119
11112,8214
2514,5592
4016,-4664
-2102,10416
10571,-6071
-5948,5521
-9433,-125
4186,-3050
10105,-4535
12652,-3775
11095,-12722
-14202,-1104
5888,-4750
2694,6671
-990,1537
-1451,2288
-9898,-9110
-5136,-5979
11617,-8881
-13051,-7052
-3976,-5043
-7366,4334
2557,485
10605,13796
-928,-1506
-17048,-1593
-3654,2794
-10880,-540
2541,4895
-6868,7114
-1870,-8181
5562,9823
16574,1268
2705,981
-1679,8237
-11051,-192
4087,8774
2699,14913
10058,-7139
-6229,-1825
5647,-10403
7833,-8147
8357,5531
1168,-3044
2404,-1163
-4558,7229
18676,-936
-3227,744
-4877,-10185
-9409,-15172
-7773,-3626
2938,-92
9314,-543
-11156,-4630
10413,-4621
-3865,586
362,4284
-6934,2148
-18630,-3150
-11887,1683
7763,8681
-5367,-1179
8872,-561
-7883,-9454
87,-950
4565,16132
1121,9607
-6674,5876
3379,8991
-2929,-3722
10724,10189
-2547,-5138
-1295,-13094
-2642,1753
12057,4140
9632,6769
10929,9548
1465,-15438
2788,1816
-3366,1363
3099,-2984
-12801,-3168
1404,-9922
3467,-8487
7460,7521
8511,-11686
-1263,-6694
-11527,-7587
3657,5102
-12827,10635
-1577,5395
-4870,-11154
-9006,-3713
2724,-4826
-651,3577
-11314,-6762
5011,2421
-7313,3793
5964,19721
5661,9765
-7197,-1833
-2985,-6562
-3028,5499
-8260,942
7330,12851
479,-10166
9576,526
13258,7654
6332,4183
2622,-685
-1005,292
-5401,-9546
1434,18838
1994,-2977
5531,-9041
4133,-13138
5977,-12042
1142,-758
-1022,8443
1736,-13810
-3635,7389
-125,-188
100,4898
-9614,-4766
-2625,-15779
-7526,-13359
-10225,9612
4882,548
-3133,7674
4558,-6791
5689,4292
-10930,7124
-4434,10013
-6595,-4669
-12893,1529
6099,3121
-3407,12383
6077,-2173
13249,-1724
773,-10866
2224,13024
1819,11931
-6371,6748
11070,499
712,-76
1878,-4416
3244,6122
2031,-20595
3356,-7000
6927,-114
-1571,4930
8297,8508
4141,-3762
4943,-16622
-8743,6706
-8008,-8204
-10980,-1333
-178,-7257
1842,-10326
1516,4276
-2638,5706
7553,-10890
-8124,2090
-1315,-3191
-15082,13288
-11666,11899
1854,-1952
3157,-5898
-4775,633
5885,-1203
-11408,5492
10637,-2143
4066,6707
-2847,12382
2721,15561
4376,1251
-1219,-6400
11206,-5390
-14953,-528
2431,2366
7849,1437
12261,-9027
11698,4681
5590,1974
-7056,-3176
9378,-950
-7796,-10171
-3367,-262
-9321,7281
2319,-11996
6786,-7223
10371,-10677
-8131,-9284
-4856,9731
-7366,-2209
4683,599
-8109,10150
-3407,-1291
-13377,2732
1255,-5038
258,-14574
-5571,6253
-9631,4864
5678,7893
1068,9360
18043,1410
-7654,5654
-9341,8106
-2136,-2554
-307,2554
790,-537
7867,4846
-6780,1214
22425,-1090
11072,-6452
2662,338
-2781,4254
-7351,5352
945,-788
15732,1904
-8412,-11597
2493,-3078
-2130,-12191
5205,-11513
5916,-718
-4034,1970
-9624,1067
7120,10591
-58,-11796
6,1093
-17161,-5178
-13336,-7631
-4948,2087
7296,950
-36,-3332
-2081,13636
-796,-6704
5840,7578
-3518,4674
-5599,3142
-18631,8959
160,7819
11386,-4744
5797,7139
3768,-10353
-219,1624
-305,1426
17843,7080
-1953,6564
-2382,9433
4222,-3777
1151,1027
10968,-11105
-186,-5270
-14351,-11791
8451,2100
7717,-3414
10319,4451
6711,-3085
-12226,-4474
-1831,-6119
520,3491
-12176,-10319
-7760,5232
-8450,-9358
3179,-1484
13542,740
-2629,-4998
-9077,-4171
-8764,11545
-2584,-598
138,20541
-4881,159
-8517,-3100
-913,719
5973,-2384
4463,-2759
-6507,10133
2278,-5350
4099,18142
14086,8286
8123,2961
-8284,-2019
-4646,-4852
4053,-4959
-1520,8591
11601,-8547
-2578,-937
8271,-6428
17768,1177
2611,-2283
-4824,-1644
-5913,-7564
-14706,3347
11478,1361
-2549,-484
-4469,-16008
410,-8048
-2041,-10444
544,6092
2746,3674
-17118,-293
1829,5783
-2313,9441
-140,-2386
-6982,3338
-11508,-15429
-9336,773
8265,12208
1217,4395
7637,5772
-912,3173
7349,-2591
-747,18082
586,-646
-11090,-1965
-1940,3835
5938,-947
14425,5326
4273,-1967
11406,-17839
-5117,1718
9725,3982
1527,7546
-3484,4089
-399,-9196
3372,-5086
-4134,-1168
10570,-10805
-14502,-11950
547,-9837
2338,3116
1097,9833
3741,3535
-309,-6547
-16154,-7424
2888,4461
-17047,2248
-5595,-1537
-4015,-2898
-629,-3391
6287,10020
9747,7481
-8572,-7322
2744,5513
-10724,5173
-179,15305
-1747,14039
2585,-9494
855,-5920
9509,3253
1246,-5128
6909,7893
-78,-6650
8823,1999
1400,16998
10706,3194
-1891,-7236
-378,-8847
-2383,-16760
-2635,7622
-1775,-2736
11151,-8596
-1867,-5588
12804,-969
-1996,1660
-6945,3214
-4471,-13488
-11613,-80
-11424,2827
4568,7459
-9476,-7539
8883,-9538
-434,-8482
-7445,8458
-297,9180
-4671,7234
-6012,-718
6444,14640
-10228,2831
2187,5662
111,-10519
-3007,-8792
2863,7509
3535,14639
4743,363
15675,8898
3870,-9770
1703,9865
-4582,4930
-2567,-8251
241,-6332
4104,508
4184,-5868
6924,9225
10163,-19688
6635,-7622
-5487,1349
-3977,5070
-8820,3817
-990,-717
4172,-15942
-8846,5017
-2657,-9691
-1155,-5987
-5614,-9483
4575,1953
-7504,9728
-6189,16387
8317,-3279
-6908,75
-3991,-4416
-9721,8716
-14523,-1211
7583,3614
6954,-3943
954,9123
11172,8613
-1515,3656
7336,-5090
2101,8288
-11041,571
-2735,16099
6723,-4588
7624,-10082
13898,-4532
-2480,-3774
2281,-5356
5289,5775
7165,-11322
-1197,12396
-2116,3911
-3211,-6374
4181,-8464
-2142,-13822
-5540,-10857
-14034,8936
6140,-9883
4747,2944
6037,107
-3514,983
-11701,4845
-7663,-780
1072,-6942
-17878,8921
-1651,900
-5891,5710
8427,-3567
13825,-2938
-3399,1770
-10582,10369
4893,7285
-6172,8634
12712,5348
-5428,6543
-4569,-3344
8537,-2111
8933,-11380
197,-1563
6865,6715
-6820,2754
18532,4739
10265,1507
733,-8926
-9473,2878
-5338,-9919
-3253,-8664
9671,668
-6059,-8817
2973,-322
2223,-871
12309,-12642
-5306,4338
-10103,-213
-18141,62
-3071,9785
1634,-5882
2136,-1750
-13769,-1071
3280,-9963
-4249,3021
7737,5153
-3624,5655
-9837,16025
423,5048
11200,4597
-6153,860
2867,-3855
-17084,-1928
4681,2746
15648,2652
7567,5895
4327,1453
8453,2397
-2656,-3029
15285,4240
-11008,-3419
-9208,-1266
1148,-706
8954,-5890
11107,-7015
8007,-4776
-12303,-16084
5464,5013
-347,52
334,3342
-8952,5319
-7637,-6701
-3443,-7039
5560,1382
-8059,-16968
-9151,3016
-8896,-1669
8618,5713
3783,14038
3181,3054
-11080,-3791
-8243,8969
-197,-4966
-2991,11208
-9104,-425
4292,-940
1718,4018
20260,5828
8873,-2472
-7570,5571
-415,-3696
398,12579
1733,6029
10958,3298
-8930,-11814
6076,-6561
11647,-8877
1252,-661
4738,-5500
-3595,1011
-1989,-2327
15122,13057
-2709,-7547
-7110,-6397
-8514,-12800
-10754,-7080
2991,1643
13,3839
-5151,-13028
3609,7954
2907,-4359
428,8390
-7979,3497
-16297,-4793
-9204,4072
-451,14802
5227,-4859
-1118,6119
1243,-14502
2977,1915
2963,12987
4127,8547
-2857,3927
-3894,10040
11302,-2306
420,11909
4094,-10384
-1154,-11061
-4922,-6334
11364,5956
11387,4673
1416,4173
12957,-11398
-5227,147
2390,-1476
-1507,2480
-14084,-12669
-3392,-5269
4581,-5030
-766,2361
13783,-4341
-7532,-10719
-3637,-9791
-3153,13494
-8448,4319
-7349,9952
-2590,-5181
-9694,-6918
5600,5283
-5351,144
-1559,-9896
-4368,6312
2937,388
1680,21987
7382,13190
-1833,-6449
144,-553
-6051,2409
2215,742
-6243,9711
10292,-12141
5462,-74
12277,8103
10838,840
3716,-1167
-4837,-6431
4429,-4523
-12849,12814
7743,-67
80,-9577
2339,-14708
6852,-9673
253,-639
-6883,-672
8071,-5218
-12976,-614
4592,8291
-4933,8086
-7347,-7147
-3299,-11074
-6166,-9615
-13814,2107
5810,12126
-6573,-2780
10543,673
2053,7632
-2444,5350
-6072,11286
-2829,-2045
-10262,-6254
2851,15071
-3697,3340
11030,2247
7760,-4456
12070,-11807
-1904,9704
2371,12349
-875,-2153
5250,7209
1946,-5759
4794,2467
-5872,-1019
10958,-18315
-2270,-12976
2592,1058
1600,1234
462,10475
6169,-8450
8217,-5858
-16056,-1377
-2857,791
-14853,-6860
-3999,-5879
3530,-6450
-5116,6773
-627,1565
10367,332
-7621,-9565
1929,8611
-15943,9384
-11324,11476
3664,2976
2002,-3129
-1152,-2961
3712,9338
-5272,-9677
11151,5074
4013,1577
-59,11124
1144,16698
6141,1903
5964,-11563
3514,3210
-7956,-12263
-2684,6283
5113,-5736
15379,-7861
5784,3096
4082,3433
1259,-8094
-466,2515
572,-15178
-11166,5771
-14270,1325
4803,-4886
2566,-10018
6772,-6341
-1035,-8944
-14832,7993
2341,-3845
-13,7374
-9094,4571
-2494,11235
-11890,-1335
400,-1894
7582,-9875
-13111,1728
-2770,4074
1513,12066
7142,-22
16341,13174
-2599,319
-8811,6790
3436,976
-2821,-3688
4418,-610
-1864,8221
1824,-8960
15784,5789
16655,-11751
1998,-2600
-4074,5034
-7929,-548
4940,-374
2734,5800
887,-14675
-9185,1262
2422,-15121
5421,-11423
495,-1050
-6597,82
-5003,2741
-3966,11299
13269,-6999
-10143,4220
-12842,-5866
-11763,-3637
-6873,-229
4810,2745
4406,1242
-11196,8261
13294,244
1539,6219
3359,2293
-6258,8191
-16290,3063
-1352,8436
16085,2213
-487,-1929
11014,-3533
-4371,-4339
8334,-4291
12087,10540
1527,64
-6405,6983
6075,3299
629,-7701
12633,-2934
-8123,-10403
-7054,-15767
-2990,3481
12307,-5261
5151,2558
3162,3247
-8516,-10727
153,1760
-6112,648
-3733,-7151
-21650,4268
-2732,-5827
1939,-642
9312,5707
2064,-7789
-6660,254
-12053,5058
9164,7789
-9815,15462
526,5335
-7029,-1880
-1360,1374
10671,-2476
5590,-117
-10398,-2581
10003,3606
-794,7972
18494,12516
7328,3558
-6612,-6320
-2386,-5476
4188,-648
-4668,-4569
9279,1904
-6789,-12347
10996,-2527
13312,2642
5776,-5772
-6741,-4147
-7968,-2261
-11930,-5983
4508,14711
-5226,-7192
-2308,-10144
-6120,-7474
4560,-8519
-1549,3490
-2348,7902
-9274,-7051
-3944,16096
534,6319
5018,6555
-12883,-1070
-3552,-10644
-8139,-2483
2308,14336
9233,900
1422,8555
4037,-3083
13862,7189
-3363,7764
5089,4247
-9365,-7306
-7310,2141
11286,866
6956,6125
6406,-10951
11823,-8678
-4454,-11997
9140,9886
829,3591
-7862,-259
1465,-4787
-1995,-1234
-754,-6606
3367,208
-11012,-24435
-3231,-3559
327,2957
160,8206
3069,6894
-2881,-2747
-5900,-10113
-6039,15493
-8962,-5025
-9612,3343
-5981,-3935
2959,-734
5764,11495
6755,8714
5317,-11070
-5897,8232
762,1149
-3192,19269
-3808,8461
6513,-5247
1999,-7357
4506,3011
12116,-5841
-4110,1620
8643,-11077
4516,5736
261,9155
10125,9732
342,-10535
-5375,-11243
4287,-10555
-13717,1295
1971,-4574
2932,-4027
824,-13117
7952,8442
1245,946
-9210,-1412
-295,-5443
-16793,-3883
-6974,5987
-6249,14119
-891,-12870
2900,-2320
4382,-6772
-5993,4213
552,13668
-5006,1573
2719,1977
-4228,18981
2905,2000
-3889,7311
4890,-11152
734,-11726
-110,8419
1109,8450
12973,1096
4673,4733
17249,-6633
-4818,8375
-2328,1873
-179,-9198
-3222,-7922
-1582,-2369
7882,351
-4835,-181
19596,-13770
721,-10000
-3881,-1324
-5820,8351
-9480,1638
-4886,-2610
6521,-2746
-16005,-2923
2523,-93
-5806,-8603
-16,-12307
-603,7022
-5288,9537
-6696,12250
10629,8874
-4433,-7957
404,5876
-14355,5879
-4973,-3807
546,4239
10533,-2559
1770,4137
8497,15570
5504,-6578
11802,311
-3431,2434
-1602,1933
-12203,11541
9090,-2559
9652,-13028
6128,-505
1263,-10700
3248,-2354
-1153,-4904
14310,-4264
-10804,6344
-2509,7967
-184,-5429
-1199,-6552
183,-14641
-7669,-3513
-19750,-3198
9742,1559
78,-3525
6051,5293
-1656,5141
-11357,3776
-2547,-1530
403,2872
-17884,-2313
-3112,14229
-5878,-1362
11937,-483
13444,205
-446,-831
-6187,5268
2992,13074
1541,-3149
7415,16422
-4962,165
-175,-1232
5317,-3414
12156,-12350
1385,-7590
-2766,8781
2313,-7090
11157,11091
10771,-3817
3873,-3180
-15188,-2046
-3174,-7330
-933,-11281
-3575,2483
184,-10574
-6158,4105
4222,-6324
15618,-2357
-8434,-2800
-10142,4649
-13238,356
-10973,9422
8710,-472
-5436,3623
-9828,-7320
4450,1400
-639,-6694
6592,8748
-235,6436
-12739,10614
8126,9650
7779,8662
1904,-6078
-2556,5457
-10407,-12673
2579,3435
15087,3311
5559,-387
6677,2403
3793,2899
9861,-9467
4676,10061
-5052,-10777
-13591,-879
-2782,-253
8664,-6522
10069,-5102
-1801,-5236
326,-18538
-6411,6149
6557,-2229
-3870,6719
-13387,4145
-5862,-2006
-238,-2807
-3014,1151
3036,-12394
-20434,-603
-1242,-2316
6606,11249
3607,9832
3914,8141
-4256,-1327
-10886,4061
10418,3844
-11148,4844
-3317,-1961
-405,3681
6773,-2551
17903,9059
13289,-1768
-8399,-5666
5386,3230
-4066,5238
7141,5575
-46,6823
-1913,-16919
868,-4877
12464,-5850
632,-10444
2062,-954
-8429,-6184
5313,242
2038,15634
6077,-6517
-12646,-5976
-8825,-8686
-7488,-9842
-1945,7082
-6096,-1170
2639,-7142
-7244,5610
14393,2118
-1876,7730
-7648,3708
-10451,-4762
-9892,7991
-3800,11065
11966,5320
-9233,-3230
11015,-7921
2730,-429
4583,8776
6089,7809
-2238,3096
-4434,2708
15480,10905
-3553,196
8296,-4695
-4465,-14858
-2145,-11430
6966,6432
9197,4583
745,-5890
11216,665
-3749,-9869
4204,6047
-8243,-342
-9474,-14625
-10519,-4247
1779,647
896,-3028
6346,5441
-2622,-19019
-490,-2186
-9116,10281
-907,8061
-12712,7882
-3517,1088
-2038,-6851
-1718,12750
547,-5742
1339,-4442
-8537,-3125
10523,7930
-921,16596
6283,14873
7617,-6261
-3807,827
-28,-1664
2005,7402
-9712,-5244
12053,-3904
3772,-6370
9451,7805
14817,1994
682,-5336
211,-12048
451,4773
-12916,-232
2680,10052
-1410,-14066
980,-13796
5461,-4861
-2743,-2425
-2931,-6740
181,2733
-6176,-9556
-2152,19814
-4693,6689
-3837,-4623
-4692,-7775
-6348,-7075
-8073,-487
-5719,16603
4646,-9305
5239,7795
4479,5461
3878,9832
-6009,7732
-1293,-1401
-1287,-6955
-9635,15596
6270,1426
4873,4461
10356,-11604
15733,-5599
-2137,1845
43,10056
6702,-2601
-4980,2206
9058,-2271
-3275,6137
-3312,-9487
8729,-10491
-1287,-20275
-3606,21
3170,5053
-6708,2896
11968,-3675
1151,-147
-9008,-6366
-9793,9958
-10029,-11458
-7601,-5933
1811,1465
-8521,2539
4161,5698
4299,2763
6619,-13000
-6450,14364
-8832,6957
-10722,10114
2406,7449
3397,-4359
3470,1351
-4982,7186
10480,-11995
2159,2560
9824,-949
-160,10213
-1526,14810
8515,422
11933,-7627
-6495,-2236
2777,-8414
-13444,-587
8154,-8382
12131,-5254
2028,-368
2078,3239
6447,-3508
-6445,-6705
7475,-4970
-20827,893
-11939,1340
-646,1282
3966,-11556
3072,-4227
889,-1272
-15677,-3628
7228,6170
-4384,2969
-3068,6745
-9978,17037
-3850,-1470
474,-1744
8038,-1714
-10219,-8562
-2794,10508
-1210,4629
17133,1758
7117,13308
6250,1314
-7244,2730
2541,4273
3178,-10866
253,4108
-8474,64
9736,-4489
5866,-529
22699,-8249
1409,-6679
-8826,3521
-2605,-4366
1735,4150
-3678,-780
4301,-2524
-17564,-7119
6366,-8588
4954,-11749
-4206,-3431
-5652,-50
-6978,7284
-4105,3553
15694,9689
-12143,-3839
-9580,1317
-11388,-2553
-5083,-2495
3992,4164
1139,6437
-6931,-2015
13029,13434
6972,-3268
7259,6951
-8748,6134
-10528,314
-1661,7144
11802,7693
5788,-10272
3265,4182
1443,-14606
11674,-1525
5950,4366
5125,-8
-8481,2600
225,7029
10045,-9956
1827,2628
-5522,-17132
-7026,-10393
-9479,-5112
13446,995
2760,-353
-4572,4474
1680,-8106
-6137,5014
-1239,-2545
-5595,2930
-24417,-5824
-2934,4078
3591,-313
4422,5384
8909,-3204
-9654,-1105
-3222,-370
6715,18208
-5806,4357
-2297,13184
-3546,-1900
-336,-699
14096,2100
1821,-3265
-2681,-11080
1727,9198
7960,-2199
12981,17278
7688,1771
-3463,-9260
-1526,-3554
-74,-1542
2057,-8980
-6798,3880
1311,-17880
4259,1645
11653,1222
8223,-4716
-7710,-5702
-12355,-2850
-2230,-3198
-10968,15567
2163,-5456
-8519,-5228
-5520,-9771
7123,-1675
-693,1189
-7421,4490
691,-1650
-12698,12331
10095,11876
841,11729
-7940,-7135
-2868,-3774
-3559,-4642
-1898,8952
13552,7052
-4101,-1227
12677,-99
9357,10469
5727,201
276,7050
-4853,-10357
-9342,-3997
9507,9147
2010,-2012
10620,-9240
2438,-8822
6919,-16265
-73,10535
2336,2252
-8269,-5462
-2910,2486
-3692,-3155
3506,-53
-8978,-1890
715,-22928
-12291,-4679
960,4897
1194,7716
-920,9633
-1288,-3972
2596,-645
-14317,10546
2342,2101
-15900,-1148
-3985,-3363
4465,3120
4086,11456
7540,4647
12988,-3965
-8615,-4077
9306,10104
-7744,13038
-1026,5636
4858,-1801
3250,-7925
3486,-1149
12622,1720
-4995,-15072
10662,-4195
-797,-118
3754,7940
3100,11852
3372,-10224
-4683,-14910
-439,-40
-12343,-9883
-1625,2347
-3754,-9431
6747,-9398
-1069,9812
4722,4677
-4889,-5440
-5299,1617
-9982,-8552
-10084,14928
-12025,8825
7160,-4945
-3035,-5406
7959,-984
-182,1709
-4554,12952
3738,-3200
2312,8502
-6676,11178
9068,13516
-6033,-1407
7625,-8029
5087,-12141
-5948,4050
4537,3913
10038,4473
5402,-7728
17775,6536
-4933,-966
-1797,2909
650,-8896
-6467,-11642
-2562,-2898
-497,7062
-1491,-11889
14313,-1855
3106,-16874
-3692,1361
-9058,8956
-8388,-28
-3402,-2076
-2421,6913
-7587,-7566
-5735,9712
-623,-14204
3044,-8423
-5228,5420
-3154,10847
-2170,10366
3867,12913
9966,-8339
-7015,11725
-8737,271
-1404,381
-2379,-3170
10573,826
5155,2567
125,12233
18943,-6480
6141,-135
1575,-4351
-3010,8542
-13397,728
6227,1276
11861,-10999
-2826,-5124
7138,-6938
-3475,-5219
4678,-12710
7324,4584
-9275,-2002
-7848,12380
2106,-627
-3414,-9822
2772,-6779
-15297,-3300
-11865,-8602
-638,8851
7081,-7999
1327,9482
-863,9460
-6661,479
2443,3385
-4485,3121
-6737,-3290
-16191,16847
4065,-3424
10045,1559
12687,816
3981,-3162
-2311,4208
-1394,7513
14585,-1222
-6026,13357
2410,752
-2460,138
5052,-7040
13312,-11280
1590,-8892
-11365,-391
10789,-1700
587,3818
16035,-413
-1211,742
-13389,-7083
-4323,-3692
463,-8507
-11228,-5033
1275,526
-13456,-3376
10560,-1783
10012,2805
-1852,-6568
-13489,6927
-9647,4304
-10200,2711
7750,12669
-8841,-1636
-2577,-2813
-2008,2743
11279,-8670
2139,6936
378,8081
-7597,2623
6924,17339
8571,3682
9747,-725
-12233,606
917,-12014
-1880,-1480
11686,3618
8050,-5255
1405,4303
4131,-3655
17646,-1760
-4722,726
1253,-5444
-18593,-5684
-6403,75
9485,-3801
3896,-2364
-4139,-11273
4368,-7774
-10405,-5870
10298,6987
-8024,4021
-14055,3629
-5026,3923
-289,2361
-1684,-3198
2109,433
-19082,-14048
1032,5997
4343,8970
7407,8828
2244,10270
-930,1634
-2913,-2047
6805,14613
-6040,-7119
-4690,3238
-4478,-1224
13195,-1343
13304,7081
12875,-835
-16,-13778
-1867,7319
3127,-2961
3599,11060
-7193,-267
2837,-10884
-3414,-8181
9005,-2603
6403,-13506
-9241,-2142
-2771,-11136
2266,8157
-2228,8208
8259,5016
-13450,-10155
-10637,-5105
-1130,-5486
-10732,5616
-2589,-3472
-1512,1320
-4537,-3685
15006,15499
1722,2807
-6932,2770
-4849,-719
-11847,5754
1032,10270
4664,13313
-1700,-14304
7644,1364
7852,-5602
6124,5476
5618,7105
-2755,-1843
1762,482
5318,17433
6831,-6759
-167,90
-1706,-20073
-808,-11755
1325,4654
5174,2192
5469,-7958
-1138,2557
8960,-9602
-4527,10070
-6655,-4514
-8446,-10478
-14570,-6376
-2808,4215
5547,987
-5566,2534
9729,-15064
-5804,43
-4492,6146
-1037,15224
-11478,2592
-5715,3908
4735,1835
-8323,7597
9635,-553
-3310,-6284
-721,-10490
6226,14675
3376,10161
3930,12525
12407,31
-4051,-6823
5787,4047
-5372,4782
-1249,-12977
1251,-740
8073,-9589
5404,5481
12879,6055
2555,-13777
4030,-8227
-8650,2891
-3406,-858
-11680,10649
2849,-12936
-1198,-12363
546,-13
-1262,-5566
-176,-4083
-8345,-2669
5376,-3047
-13796,18523
641,10685
-2279,-1599
-5344,-6305
-3741,-5527
-5068,4394
-12865,6499
14271,-740
-1409,1611
10456,8843
4715,12724
-2218,2856
1316,-2740
1939,-1355
-13881,3876
8749,11795
-4,-4978
15666,-10723
11366,-3376
2132,-3521
-1652,5145
6459,1318
-4346,-9399
5656,10006
-7973,32
1684,-6851
319,-10094
3937,-20491
-8082,-3255
-2849,9794
-2326,-5823
7650,6169
-525,-3324
-1827,1664
-18087,7213
-2426,-7418
-8331,-7895
-5345,6603
-2938,293
212,11492
5842,-3531
15812,-3027
-11448,6060
-2494,12081
-8156,6478
-1222,7392
9199,-2416
-412,5811
-3762,-2360
15374,-2551
814,-11652
11275,3447
-831,6722
-3773,9961
11990,1808
9315,-3417
-4247,-11109
-1144,3047
-12704,-14582
5987,-4078
7431,-5980
248,-2635
612,4376
3837,464
1580,-14066
-819,6838
-17236,-7349
-14516,7319
-5333,1287
6918,-8096
985,-2445
-3869,2974
-3512,-9109
-852,11675
3547,-2339
-3964,13524
-13431,13392
2586,4600
3259,-2512
3258,482
953,-9941
-12481,8594
6632,-1692
16319,7504
5178,4424
8598,7905
-2802,-1462
-721,1292
11779,-7970
-10289,105
-5276,-4827
4008,2294
7336,-11135
19119,-454
3274,-9609
-12298,-2459
1954,259
-4754,1268
-194,-1683
-6712,7284
-11263,-14232
1099,-497
7156,-10947
-5602,-7350
-6464,4108
-10318,4754
4977,4010
4746,17714
-321,-6231
-14293,6272
-7376,-2326
-1042,-3464
1682,6195
-3455,3932
3372,-1564
2720,13200
21810,-3284
2999,7270
-6457,1687
-6239,383
-2050,5553
6351,5574
12827,-5760
-9056,-2876
12466,-12696
6831,-3069
6788,-2567
2955,2229
-8784,-925
-4457,4115
15431,690
-7497,-4928
-98,-11461
-13899,-10507
-5643,-10531
6674,6718
2928,-1013
-8220,252
4958,3830
-6519,-1857
4738,5219
-13146,3532
-15762,-8874
-10474,8718
7179,2890
4392,1777
7475,5125
-5540,-9604
4645,4340
-69,15075
5824,4027
-10878,11580
738,822
3955,-2710
10006,6591
3966,-10852
1517,-9042
-7042,-333
18151,2010
3837,11621
8429,2775
204,-9755
-4635,-2583
911,-4872
2499,-2850
-17017,-8533
5868,-8238
-2784,-3325
11600,3686
8295,-1914
-8627,-7634
-10548,-5469
-1444,7799
-14869,4620
2355,7975
-12064,-9155
-1589,-6374
5556,3416
1605,-228
-5636,-1251
-531,7086
-7500,1420
9411,24435
123,7244
-430,-5266
-5840,-3045
1284,-3970
74,2693
5811,11327
3240,-12357
9714,7212
8943,4465
13370,3575
-5419,733
-1721,-9252
-6290,-7977
-1953,12301
7146,-6746
3910,-4457
569,-16706
12095,-7528
-5653,1926
1522,4686
-5142,-7059
-11784,3354
1976,232
-2305,7837
-8896,-10173
2323,-10598
-13010,-13261
-947,9474
2973,9334
-5076,6238
5412,-725
599,7577
-7315,2417
22,13936
-11511,-10990
-4633,-599
4116,6251
3258,7931
11544,3926
9481,-1044
3733,-13700
2356,17872
-2192,4049
-1887,5771
1564,-1873
4314,-7835
4933,-1210
3264,2284
6961,-22642
-820,-2243
3270,-5646
1433,11124
-2175,8420
4807,-7057
-1100,-13020
-10788,1165
-1963,-8446
-14143,1450
-130,-12702
4132,-1322
-3771,5681
4753,10185
1784,-4014
-10532,-1875
669,-937
-18764,13918
-6728,6296
3700,3892
851,-11255
6277,4557
5360,3435
-6156,2909
11459,1746
-2569,4787
895,8693
1291,20504
2626,-8401
4820,-6250
7052,-9533
-6998,-5258
4453,6408
3660,-1777
14220,-9755
5048,10530
4316,-3749
-5728,2165
153,-7552
-5178,-15476
-6636,1740
-9945,3805
7304,-8996
876,-2574
12551,-13835
-7369,1908
-10419,8027
-4659,-246
-3575,2163
-9316,5543
1327,3111
-15624,4509
9338,-9349
1503,-7595
-4991,1884
-2124,12120
538,11189
2124,6218
18246,4701
-11663,3113
-940,4394
-3717,-706
1589,-9303
6470,2287
4942,3890
-852,1402
21592,3704
5831,-11221
6430,-723
-10500,6656
-7212,-3915
-381,1446
9661,-5848
-3016,-11947
1650,2471
-2599,-14884
9138,-8530
-3083,1628
-2598,-201
-14445,11075
1129,5510
2615,-10983
-3734,2167
-14064,-8479
-7239,-2045
-8995,1659
14653,-633
-3136,6828
-1900,12611
2929,735
1054,6503
-598,-1601
-3446,5854
-21643,4603
9547,5554
8732,-2605
11385,560
8448,-2449
-3046,1234
3228,-1300
14600,8172
-7961,-827
1487,10171
-3666,-3916
6230,-8118
11973,-8712
-1843,-10507
-9701,-9705
4227,6953
3986,-8174
11387,9565
-4085,-1420
-9122,-5958
-6517,-1647
-978,-5431
-8109,-9446
-11223,8722
-6265,-10388
7151,7147
8709,424
4558,-2013
-15113,4147
-8660,6978
-808,1566
-3767,17421
-379,-3739
-5449,3829
-761,-3905
17694,-1610
1311,-629
-2049,6842
1475,1556
-993,14897
17302,3749
5568,5040
-10323,-10106
2108,-3800
-841,-9712
5919,1653
9723,-3361
-6460,-2100
10471,-3453
12233,4572
536,-9441
-4803,3236
-16218,-11513
-10092,-54
7482,3193
-1950,-5103
-568,-9842
-3567,-2225
1349,-12611
1781,14194
-4532,700
-14118,3899
-6203,9683
529,3888
4611,230
-8133,2606
-4378,-17498
-7156,8022
8934,6221
8629,9782
337,8878
1830,1622
7280,791
-2409,11332
6713,-6372
-14288,-77
-1265,-5293
12553,2874
10935,2265
10557,-2501
7193,-11824
-9216,-2040
12261,2555
-6223,7465
-5316,-4235
-2160,-3522
-2101,-10903
4450,-1607
8264,-7618
-14865,-13861
1742,-3785
-5119,6516
3459,7195
-95,12564
-6822,-11027
-11513,-3957
-63,3932
-11050,-2926
-1778,3114
-8096,-1601
6499,-2370
5968,19238
11011,2839
-5042,-633
-4377,3648
-6431,42
1527,15882
-3193,7843
9592,-11005
-1944,-1908
15712,-3837
6862,1134
1951,4052
1254,-7426
2343,4515
-2119,10589
14754,2388
-9505,-7987
2841,-16924
-2017,-11853
-3708,1173
3549,-89
3919,-3892
-5551,-6505
13782,5391
-9311,2416
-3012,-532
-10681,-8357
-14209,-7832
-5598,6633
2851,8968
-5174,-7829
10928,-1038
-4425,-7463
1203,10203
-4981,15233
-5396,420
-6025,3899
2790,11121
-2074,-255
6203,8949
-251,-15984
5596,-7837
-899,10422
9130,9670
3310,7200
8701,4004
5953,-11530
-322,10413
-4293,-4080
2290,-8986
-7750,-9554
10066,-4359
2974,1884
5413,6202
11288,-15640
-1472,-5104
-7433,-3481
-2986,9269
-17808,-48
2823,-3790
-1565,-11107
-5444,1076
3886,-2467
-4112,-3356
-3991,-10569
3588,10106
-13058,8429
58,19626
564,-340
-3926,-6724
-41,-443
-8236,5785
-6095,-3203
7950,8396
5072,-8541
8466,15272
5723,11339
3482,-626
4127,-2926
-1437,-260
-5881,-2698
-4235,16826
7334,-13141
12046,-6406
8384,-6384
5577,-3757
-2005,538
923,-279
5204,-10924
-9479,13060
-1835,-1486
-2344,-1025
-1782,-14815
5317,-14024
-9312,-5901
-10984,7534
6734,-2763
-3044,5067
7052,-572
-5109,10336
-14869,171
-1253,694
-4950,-8906
-11530,4335
2207,7734
-6035,6318
15152,-2992
12160,3816
-3024,-2892
-5044,16737
-2431,3589
-2148,2077
10431,5835
-5109,1106
3754,-3176
7258,-434
12140,-19951
3046,4533
323,3916
-3328,3793
10361,6498
6539,-5868
2435,-8329
-14520,2778
-1251,-17147
-3618,-4455
5361,-5983
-708,-2868
-3404,6469
2480,-1350
11325,-7785
-12663,3587
-6727,-2474
-21800,6621
-4539,1519
7466,-2140
-993,-629
-5966,741
6150,-1702
-6409,1582
13173,4687
-9368,11594
-9481,10567
3080,10442
7238,-2193
2111,-3343
4593,-1381
-15200,-6101
12157,3223
10390,3690
10365,489
2867,10525
2600,-2511
985,-4996
10058,1012
-11714,-11778
-6050,508
-4927,-1603
14651,-10779
8837,476
5463,-7983
-9874,-8548
-2447,6427
-1734,-5245
-1566,6478
-16787,3928
-1971,-6952
-6366,-1530
9554,-5759
-2524,-9477
-12757,5607
-5209,294
7333,12205
-795,11158
8570,5420
-17206,680
-2841,1235
3925,-2548
-3139,4253
-1714,-262
3860,4982
2186,819
27130,8767
2166,-1961
-3624,827
-4328,545
-2852,2189
5986,2676
7265,2428
-7822,-16389
10868,-1632
6864,-11435
7983,-3270
-2498,1261
-8465,-3178
-3354,1977
7926,11226
-1778,-12694
-6847,-1090
-13353,-16267
-2071,-6855
-1080,5600
2795,1031
-5679,-2073
-2183,10795
6309,-4211
-358,13213
-11282,-2340
-10536,-2388
-14758,4086
8189,8662
8452,1094
-802,4953
7480,-11046
1982,6992
3824,6173
7967,11567
-12515,1105
635,5447
9075,-732
2986,2967
10663,-10659
-4223,-9817
-2883,-11667
13861,11310
3938,808
4338,5273
2667,-6911
-6695,-6275
4431,-992
-5977,-1105
-12023,-17656
-4783,1548
976,-8807
7188,7851
6990,1083
-6548,-10925
-6102,-2446
-8082,11246
-4519,1427
-10644,14782
-4697,-11057
-2123,-968
4266,5262
5167,-1111
-1453,-2743
-7009,4927
6966,2082
-1894,25646
8312,5849
386,-1696
-5179,-6708
3981,-1802
2982,1029
-3907,3413
13436,-9642
-401,2721
15618,3740
10891,7590
-3566,-8047
-2697,-7180
-3605,-6313
-10892,5009
10070,1555
-5711,-10180
6192,-16321
5568,-829
-906,-4934
-3428,5742
-3134,-4138
-14125,-2787
2707,13021
-8087,5602
-1026,-8110
-6369,-5721
-3102,-15608
-6358,10294
2780,12218
-2099,-665
6283,7652
-394,5573
4451,6625
-9578,12312
723,-11655
-8316,-2471
1902,8264
6396,4272
9904,5917
8033,-7825
15395,-8387
-7508,9789
6640,5777
-5814,1312
-1026,-3161
5544,-5583
1798,1572
-1175,-5601
13187,-14743
-8998,-14479
7216,223
-4345,9309
-3110,5384
4367,-2715
-772,-7699
-12447,-4104
-1099,4665
-17611,-10949
2073,-5458
-1858,-214
-522,5130
2183,13171
5277,-153
-4873,-8933
-740,12048
-16459,4097
-4382,12479
-1923,2245
8998,-9283
2241,4790
6488,6002
2197,-6752
6938,6624
2398,-4229
2360,14621
-5947,14275
11446,-4218
1633,-10058
4668,-6718
-1287,-10111
-5077,5853
6403,-10100
13760,-2587
-2301,1778
8888,5496
-7200,-3522
-1917,-6301
-523,-13255
-16039,2449
-9659,-122
4519,1351
-1018,-12948
13533,-730
-7021,-2156
-10420,6905
-380,3036
-6313,2596
-6194,4234
-3772,16050
-9996,-6140
8855,1560
4159,-11369
-3067,40
-2640,12545
787,8795
9491,1829
10944,14297
-1318,-5431
-4419,10709
-1246,-6719
5339,-10018
1062,326
1104,3034
5493,-3368
10841,6344
17642,-16237
58,3246
-11064,-330
-4319,-829
-4836,-2336
3952,-2381
1514,-9703
-11465,1770
7879,-15155
3448,-5105
-3047,-5397
-3390,8042
-15076,6025
-1749,8947
9871,-3066
-12069,273
-5772,-4637
-12047,1041
-3505,-6862
10693,9123
-611,1837
-3881,12267
9956,7172
1112,656
7364,1613
-10220,7699
-12409,-4387
1832,11935
13584,-6256
8889,-1287
8148,942
-1453,-7007
10048,-1612
5077,7181
2236,-5757
-11235,12626
1003,-5133
5868,-7522
7429,-5962
-3227,-14293
-6471,-9427
-7603,2774
15212,-5967
-1678,9889
-753,-142
-7653,-2170
-7370,-1045
-865,-3971
-4990,-4449
-22835,2138
3739,-2256
-928,5255
13898,1983
4751,3126
-11799,-205
-6725,6593
5182,8250
-9703,8107
5250,6807
-10597,-709
7193,-4375
14685,2651
6094,-6932
-4119,1729
3740,5890
-714,3016
18916,13694
164,-73
-2317,-10827
-5642,-2377
5274,-12244
933,-3024
3634,843
-5152,-12006
8981,4643
7596,504
9344,-5758
-15779,786
-9664,-9344
-11861,-1548
10,9087
183,-7589
-3666,-2733
-6824,-7419
12128,-3622
-6534,7545
812,4770
-12996,2508
-9105,11938
6179,6554
4036,7296
-9785,-6060
3535,-6684
-10494,-3228
12496,10200
7888,7941
-647,4650
6262,2210
9058,6398
-260,167
7238,4580
-15681,-13656
-381,-1954
8014,3007
10582,-1225
8793,-4223
5314,-8058
-3120,-13316
6885,13361
-6133,-2954
-6175,-35
-9222,-3006
1262,-7734
1712,-1104
2109,-2672
-6749,-22015
-6581,3718
-1898,526
4380,14502
-6596,9563
-254,-4445
-8949,-3699
-4728,8890
-933,-5005
-10882,5339
-3811,-7613
8667,6845
2869,11529
15751,9473
-40,-4934
-6736,1912
3844,1752
-5998,15297
-167,761
7584,-1788
-1331,-13033
15388,3562
9165,-3296
-1526,-3531
5900,-6301
-3599,3169
1678,5519
6655,13124
-5136,-18421
-1057,-9596
-1745,-11902
-6269,-3136
1416,1712
-2437,-4866
1667,-9363
2974,16133
198,-2797
-6802,4865
-9716,-8511
-11405,-6927
-8056,10003
-3567,10289
5002,-8576
-141,3102
8774,-8882
-1097,13470
-3795,10246
-342,1663
-4934,3342
-2173,12259
8756,3656
-4768,5308
11295,-17222
2442,-6598
-500,2046
8763,12115
4603,2158
3964,266
14602,-3603
-9116,4208
2908,-3359
-4215,-7885
-5639,-18143
3105,2063
2677,466
161,624
15123,-6901
-5306,-11717
-1296,341
-12149,12384
-10614,-5850
-5599,2636
365,-6993
-7084,-816
3166,6309
-3906,-10271
4076,-7718
-6204,11142
-1352,7318
-7501,21277
5411,2556
933,-7254
-1604,5806
-7426,516
1598,-1548
-2666,1891
16840,-5903
505,12689
8402,10862
9132,-2165
3807,-3427
-1520,-4638
-1327,2682
-15750,5634
14647,-6711
4378,-10146
8436,-6734
5305,-1894
-2486,-3434
-97,-6220
7270,-1425
-17193,2389
628,10018
-7795,-3300
1905,-14005
1425,-8181
-8793,-6376
-12521,1521
5839,7103
-2435,-5422
8302,11989
-8408,8935
-5434,1264
-4619,3131
-241,-6803
-10743,-328
-3660,15986
-572,-3659
16361,4973
9523,-870
7645,-507
-10172,11628
2792,4029
2228,-2855
1722,10710
-448,-4302
2194,2407
3655,-9603
20107,-13903
-4447,-4541
-315,4534
-134,311
2772,6618
10740,-6263
-820,19
-17738,-7311
2441,-6053
-7870,-13253
1974,-2414
-1631,-778
-8725,4619
7239,-716
10100,1829
-9814,-6393
-7555,10914
-20495,-1370
-4048,5303
6013,2982
-2332,-877
-2466,164
3961,4952
4129,-9966
8823,14280
-6217,3400
-6958,12043
1410,11429
10816,-1116
5585,-4831
-3330,2077
-3482,-16092
3957,6769
12438,-4152
10666,3141
-2644,5986
5692,-633
6647,-6706
-119,2019
-2432,-14404
-17681,1973
-4035,-7400
13559,-2467
3400,-5250
3934,-3382
-4286,-8881
-9659,3390
7680,-1300
-11212,8674
-14458,-115
-4118,5416
-4184,-6957
7631,777
1539,-7032
-17038,-1574
2507,4460
2303,12850
6557,6538
2906,16107
-8634,-6165
-2706,4567
7502,495
-4406,-3301
-102,1693
-2654,2820
13111,-4172
16975,14492
11351,-8236
-5430,-422
-3803,268
-848,-2312
4619,4918
-3675,657
2180,-16895
-2384,-423
15241,-12804
4018,-3519
-6424,-2143
-7065,-4045
-2483,4921
-1338,10534
8129,-4970
-18982,-3278
-5002,-13626
-4415,-3202
-3166,1737
1101,3570
-3389,147
-6590,6228
17298,7883
-6282,7659
-2882,-329
-12893,791
-10317,-1056
5147,12551
10172,4190
-3090,-4602
13551,-1184
840,-2009
11926,6292
793,11324
-5190,-5479
-4040,6359
10003,4468
3269,-5104
8375,-3020
-6501,-19447
3712,-10767
1751,9204
10685,-1135
-2946,3062
1578,-2260
-1682,-9225
242,6819
-8989,-7124
-6655,-12678
-17521,-3010
8087,-2395
1192,6883
4483,3665
327,-11289
-6800,1958
-7598,6801
1518,11275
-19343,5448
2214,-1489
-3682,-976
4245,6223
9390,51
-1130,-3932
-4902,-4202
10962,13117
-4831,12699
11892,13933
-317,-4289
-1303,-8480
4264,518
1802,219
-3589,-8406
9354,-447
358,-10143
15035,11702
6973,4219
2003,-10554
-5612,-7306
-4975,-3214
-8971,-1803
-1072,10832
-2886,-18883
4304,-7518
305,-3039
5529,-1979
-7584,1927
-4431,-1231
-6806,-4813
-7805,21320
-2070,2895
-1244,671
-8888,-11318
4169,-7013
-8611,5005
-146,12748
6443,-1971
-606,8726
7950,4520
5062,15227
-8416,635
5230,-3144
-7518,-9367
-2235,7820
9848,5923
3593,1235
14357,-11614
12723,-727
-3419,-3711
3980,13191
-4460,-6481
-3790,-4541
4211,240
-3716,194
2418,-8353
4992,-8199
-1168,-25155
-1082,8031
-4253,4791
-3357,4827
2100,1658
-1693,-4785
-6113,-2468
-12046,10395
-5583,-16664
-6341,-90
-1116,-2081
1041,8828
92,12624
7156,1084
6446,-7480
-10287,12676
-3097,3462
-11397,13486
728,-2351
10723,-2374
998,1175
5056,5353
12028,-6793
-987,-1751
12663,-2476
-5609,14002
-3023,7137
9676,3277
3765,-14787
307,-6552
2010,-5786
-12669,-5522
11218,-7297
4459,-2469
2086,-3141
1081,13768
-1450,-7126
-3707,-6857
-42,-4916
-19941,-4294
-8267,5414
-4919,2137
8878,-14023
3090,6110
191,-2535
-9172,4426
116,7457
-3470,-1623
-3432,10585
-13039,15490
4038,-3593
99,1970
11892,-10386
-1981,-2087
-5257,10503
4256,3612
14051,5086
2550,8798
10781,1440
-12260,4781
5456,-6941
5190,-9975
-3498,-3790
-1684,366
6821,74
4219,-4112
24961,-5464
-7033,-4163
-6984,-426
-7124,1265
-4830,-5506
-881,-874
-689,-584
-14790,-8343
10744,-2560
281,-11633
1698,-3811
-10420,10399
-9854,4204
-2742,9324
9101,8008
-8386,-6773
-6373,6735
-12097,-5778
4985,-4460
1608,8014
5237,2386
-3965,8544
8897,12634
11297,-5540
5644,8403
-11177,-624
-4367,-498
-7117,4930
17963,-2138
7178,-4823
1934,1221
6890,-11703
7803,588
3325,-2579
5451,2630
-19558,1963
3115,2009
5630,-7044
1267,-5863
-585,-13615
-10641,-7267
-7677,-7517
14560,7095
-5602,-410
-990,8025
-6425,54
-5787,-1193
1705,-71
-8823,303
-19636,-7526
-781,10903
2508,-3529
14104,9195
3952,3200
-5490,-2638
-2941,6075
3395,12019
-1665,75
-4404,15654
-4224,-8451
8545,1227
11646,-537
10864,-7944
-4182,-4263
-1350,5308
9969,-2047
6888,17782
5120,-5288
-2750,-4941
-8807,-8807
7999,-7259
-1092,-7515
-6840,-1163
2480,-11665
-1793,5534
12992,-1210
7124,3149
-16287,-8513
-8743,-1143
-9708,-2193
-7745,8414
4386,-770
-11715,-3432
658,-8566
9310,6747
-920,-2775
-1603,10729
-8619,987
-9629,9104
10078,15081
8,6421
-1086,-8775
-3131,-103
419,-12585
6809,13043
8710,4774
479,-1100
7435,5740
7398,5075
9884,-1459
-5085,5754
-4642,-19835
-8067,-754
5598,1587
10012,-2192
5246,-4412
1360,-10432
7830,-11147
-6421,10893
3178,-2964
-14110,800
-10532,-4099
1607,-584
-71,630
-3409,-4531
2390,-15995
-16186,-3151
6935,5472
-1901,16217
-3998,5543
254,3513
-3951,-1828
-6362,6690
5194,4055
-16239,-5867
3033,-3319
2598,8143
9559,6521
11761,13248
6673,-6725
-4642,-4863
6071,10441
-7935,4466
3010,3665
-1941,-3093
7914,-15061
6529,5279
11978,-4083
-158,-12299
2329,-2028
-3579,-4284
3661,11152
-5447,10291
5203,-14914
-9732,-9721
-453,-8004
-5060,-5620
-5748,3188
-2513,-9841
5006,-1050
-6381,11441
10694,6938
-11422,977
-6093,-5783
-7710,-3977
-12201,11177
-4008,7362
7993,277
-4002,-7185
16976,3226
-2741,6926
699,7965
1824,2452
-3955,1578
-1848,9540
8234,14015
-4317,-8630
13870,-7426
700,-13918
2782,-504
3391,10713
5836,-1383
4817,-4961
9838,7143
-4762,-6130
124,5196
-7046,-14880
-1463,-16535
-7047,1617
1667,2569
1203,-3796
7496,291
3519,-16912
-4773,8952
-14531,6122
-4191,217
-12595,-424
618,610
-3616,37
-4887,9310
6583,-13222
2596,-2373
-6294,2561
3525,16793
-9775,12506
7424,7652
7489,-4580
-6711,5132
139,-507
-1071,662
-473,-11264
15616,4773
-300,2311
7389,12370
13219,-1430
2955,-8139
2711,-4589
-8041,6457
-11792,-6875
6648,3576
5424,-17246
4957,-3407
2762,-270
-1602,-7931
3241,-7550
-1257,3367
-9328,-3771
-11046,19463
-3124,-6532
2280,-8060
-2403,-5946
-7406,-5373
-9217,-261
-2912,8104
10364,-6743
-2448,17556
-1824,7027
-1608,7109
-4020,-451
2705,-3111
-6682,-709
-13749,12353
11407,-2132
7986,4155
15942,-4359
7961,5292
-7784,1347
3789,5151
7130,-2745
-7294,4452
5124,1789
-6189,-574
9995,-13981
14508,-6821
-1837,-14369
-5777,4657
1797,1391
-1171,-623
12656,3050
-8561,-194
-9812,-8962
-6694,863
-602,-17921
-5298,-471
-4228,3072
-8503,-714
9229,6658
6131,1843
2286,-4706
-18346,13326
-8879,-2675
-6804,6401
3706,6543
-147,-1843
-1561,3839
1031,689
18738,-6845
-1855,8922
3257,3148
-8900,10222
1225,9642
13920,933
6112,-2308
-9029,-5401
6344,-10180
-5380,-4201
17381,-2444
4414,2245
-3426,643
5744,2012
9285,-3428
-4094,-5773
107,-3392
-24900,-8896
-988,-2721
5518,541
5143,-7616
-959,-437
-1611,-4817
-7100,-4985
7533,11108
-13572,432
-10743,5907
-11551,7993
5019,-4787
3230,2811
2091,-2644
-11089,-10388
193,11499
4606,5043
11882,12264
-5483,12510
3296,-2464
-3694,2170
7469,3436
1359,-8889
-7158,2977
-1976,-5598
17491,2672
8387,5267
18471,-2357
-7056,-6906
-4690,-501
4148,-2631
-2965,5704
-6268,-5603
1970,-6033
-7471,-11297
17825,-2246
1262,-8325
-8437,-5119
-5322,-1954
-5415,6823
-530,7015
4743,9664
-17483,-13799
-3775,-1911
-4591,-4879
-1751,500
-1670,5026
-4293,1180
-226,1441
12969,20615
2307,-1887
-2885,7000
-12132,-3536
-3899,-325
1046,12004
7472,5663
3887,-10582
5290,4204
12058,-9694
9898,10115
-1561,2224
26,-3489
-7562,2110
6138,8040
9579,-5812
-3897,-2836
1707,-23779
-400,-6352
-1581,-541
10474,5768
-5905,-3461
-2378,521
5818,-3402
-8427,6293
-2742,-7063
-12061,-6577
-16295,-12234
4600,9918
1347,2869
1305,4020
6443,-5230
-8091,-1005
555,7997
-4434,17286
-11691,-4573
-3327,8743
905,-2619
3988,6389
10538,3470
-385,-10383
3147,-6705
2355,15714
6472,4839
2691,17940
4629,-7336
1219,-7787
2003,2216
392,-3631
1125,-11463
-4200,-2869
11329,-11725
3360,13455
9244,1344
4009,-8491
-7242,-9124
-6763,-2214
-4755,1481
-15495,6179
6153,-13679
-5373,-5815
3268,-3451
5139,4367
-6352,-3538
-5573,-1494
-535,2435
-15913,15469
5620,12439
-6925,586
-1165,-12998
1543,1072
-4029,-122
-2690,8883
10092,3097
-1918,-1101
13578,13456
512,13230
2675,-3480
-985,-189
-618,-12693
-6019,4050
6286,10415
3799,-9138
16083,-6236
6122,-4205
7682,-4452
-7034,10612
1811,-8130
-5958,-6920
-2634,5940
-3359,-2716
1758,-2658
-2687,-13545
9522,-19170
-12908,3378
-477,6855
-3797,3917
-1601,3802
1495,-2051
-4434,6207
-16965,3133
4139,-6327
-13133,-7779
2030,2339
-450,10718
-80,9774
11049,1306
10865,-483
-9975,1943
1946,14882
-13664,2287
4736,-51
6697,343
2697,-1430
4457,2920
12869,-3038
3212,-15973
10586,7205
-7738,3535
-8,8791
2711,3362
8472,-13742
-2512,-7675
-3552,-428
-7248,-16557
4089,-372
2337,-9680
4214,3062
-8082,11132
5374,-2519
-2316,-8132
-5920,917
-12753,-7025
-16256,10976
-4890,-3627
12715,-3290
-3579,470
5275,4825
-4764,1020
-2244,6795
5858,-881
-8935,14237
-11233,8823
6944,8432
-52,-8333
14136,-2821
172,-5292
-7797,3978
9811,2723
10238,5417
5953,521
7070,13486
-8198,-7471
5459,-1500
4924,-11412
-6178,-8548
-4095,471
447,661
10330,-11578
15303,5498
-1096,-12734
-9356,4021
-8456,-384
-2681,-5357
-4479,1548
-9159,3850
-5800,-10680
-193,4679
9659,-15481
-654,1156
-13006,5936
-5038,7038
-1142,9232
3613,11781
3373,-3528
-16304,8091
-1091,-8252
4279,116
196,-276
5733,6892
-1435,4544
5322,10007
23194,-440
-1893,4153
-3099,-3512
-8004,3328
-4756,-5699
13259,4456
7245,-6970
-3724,-4580
12556,-6055
3064,-6031
9416,-4677
-4376,7036
-14037,-6968
-4032,8860
7170,-4299
-1718,-8329
-1725,-6183
-14283,-12175
-142,-7661
2195,10985
3441,-3928
-9143,12183
-2706,3076
-898,-869
1312,6189
-11116,-2301
-10863,-5671
-12939,9813
14879,-1717
7044,10137
6190,2415
862,-2972
-570,5692
2907,8104
6678,4334
-16573,7755
6082,-3688
3212,447
13180,-3391
11154,-6679
-3940,-9376
-3949,-1950
15346,5249
-2480,6898
9886,1985
-8711,-5820
-4337,-11322
4063,-1981
-1448,-9249
-12112,-8268
1698,-1769
-5213,-4210
15893,8504
629,3018
-7690,-10143
-13641,2757
-5581,648
-8692,4443
-827,9765
-10245,-11015
4500,352
4135,5109
10919,-1854
-8040,7648
-3483,2241
-4589,5442
5046,22159
4077,1340
2065,-2465
-8383,-7347
11949,-7558
-588,5394
8840,3993
3771,-5233
2324,6213
11635,2122
11559,5598
-10631,-6379
1667,-11173
-13895,-8711
3045,3472
8231,-1008
-584,-6614
3224,-12803
8084,-1452
-7529,-1572
3701,8503
-16971,-6635
-10110,-696
-928,6080
-1505,2107
-2115,-6351
-158,-6586
-10165,-14903
4448,16875
-2204,9544
-73,7273
-2037,6315
1064,1519
-1398,5030
-581,10622
-6369,-16748
-2098,3282
2678,1656
13784,9757
6674,8577
11212,-5655
2612,-8706
-1831,12630
1690,-1578
-5110,6305
-3235,-10759
10081,-6531
559,-1156
11035,-1459
4647,-15909
-6514,-5368
4072,-4229
-4693,15055
-5789,2834
4661,-2411
-10316,-15699
-2672,-1327
-2389,-3405
-12711,-2499
2545,-7705
-1342,3867
-1443,5334
6999,20058
-5040,-6484
-5298,-1638
-4576,623
-13713,7120
-1230,9276
1507,2878
6521,-13545
9354,12762
5920,-279
1603,6780
2745,1262
-1334,-1939
58,10892
-1081,15134
7945,-12795
2706,-4378
7935,-18244
664,-456
-1116,5222
6521,-3813
6765,-4886
-673,7077
6753,-2609
-11562,4202
-585,-16792
-4307,-11783
-11772,-2741
-1814,5894
3179,-2297
-447,-3625
14246,-7501
-12740,6626
-7221,5237
-6772,6129
-9960,-5534
-3024,7267
-921,5729
-8530,2323
14495,-4275
-821,-7782
2207,908
-3045,20602
-1597,5125
4782,9553
10816,1251
-5770,-1735
2281,6473
-4177,-7158
8398,-13650
3040,5267
7040,-1663
1900,10090
13706,738
7528,-13689
1193,916
-13509,519
-3850,-5134
-7927,379
11880,-13780
-2051,-3215
-769,1129
3013,-10083
2708,-4791
-5873,-1625
-2221,5137
-22639,13082
4528,1339
-233,-5562
-3463,-4490
-5161,-2638
-8375,765
-4485,-410
16257,5024
-8387,7868
4498,14688
-1497,7368
1933,-3004
3558,-197
-5974,1009
-14333,1342
11646,8394
7082,-7835
19030,1691
3559,3107
112,-3633
2051,3152
7347,-610
-6184,-4478
-2603,11840
-5330,-10039
11865,-7564
6353,-9645
4243,-14085
-11939,38
-452,3435
4168,-5533
3064,11790
-6471,-4165
-7346,29
-12636,-4290
6749,-10316
-10629,-4161
-9299,5629
-1859,-1450
3228,10468
11522,-649
5399,5726
-20197,2744
-1701,6618
-6271,1704
519,7828
3621,1189
-5919,3206
7228,-4597
19875,2409
15,-6093
3634,10342
-7693,3041
1518,7595
14789,5161
2446,-2615
-5188,-11312
807,-2104
251,-18100
11136,4267
1301,-3491
-3242,-1166
3582,4288
8407,-1240
1619,-8650
-11245,3956
-16409,-16979
-8080,4428
2513,-1644
6120,-3381
-5341,-697
-1739,-2130
3738,-5647
-2912,14313
-2944,-2218
-16432,11173
-10765,4399
9331,4644
2098,466
-37,-1221
-690,-10348
-7779,6856
15214,4368
6264,14994
-3099,3832
5315,6582
511,-2954
5204,3187
6614,-6179
-15386,-6280
3874,-5734
9763,5416
12443,-3941
12346,5345
-2309,-13207
-5984,-2869
5759,3062
-8624,-936
-4708,-3401
-8987,-2002
1377,-15445
7587,5821
5271,-11013
-9485,-7952
-6498,2002
-5369,4030
3432,11716
-6655,12609
-3808,-12949
-12220,2739
1924,-4022
-853,533
-5274,4266
-3313,-1430
6948,5317
4084,18289
17074,2329
-9709,4108
-4754,-5246
-1728,2044
-1427,8431
4700,3639
8279,-7258
-2435,-4829
22858,-2371
3033,3575
2973,-2737
-2453,-1398
-6703,-2461
1816,8473
10157,2051
-9880,-13693
6011,-14221
-6657,-11246
2709,-2748
1279,8671
-2827,-6990
-5268,393
6026,7935
-7370,-1045
-1622,2946
-16671,-10789
-7815,-10385
-6373,12958
6428,4046
26,1531
5535,1755
-34,-6584
2475,15464
-7810,10759
-760,-1304
-12767,5636
7465,2367
4307,4802
6492,4454
6829,-16250
4109,-4048
-1506,5841
14126,11443
-6047,7695
9149,-2937
2355,-7345
-1934,1554
2646,-5628
-1366,-9644
-8528,-15062
12743,472
-3456,3328
10184,6087
3487,-7526
-6466,-10832
-5945,-146
-8016,7813
-16165,-4823
2749,755
-6575,-12755
4582,3980
1994,5902
-1125,-6200
-3885,-2646
-2530,9397
-9467,7510
-357,24345
-2798,-6142
3578,-6190
-2490,456
2225,146
-2317,3035
5489,4497
8314,-7628
5634,20140
5117,6397
7508,1595
-4701,-7718
4118,-8523
-7062,-627
-3273,9261
11343,-12026
6823,-4330
9003,-9655
8312,3873
-9979,-1563
3238,-2581
-5303,-8840
-11309,6031
510,2347
-6188,-1034
1534,-18219
6638,-6947
-11915,-7573
-3099,13285
-1793,2580
-3499,1953
5187,6082
-8350,9639
-8538,-1328
-1062,3913
-5163,-17214
-2400,8330
-665,9876
1997,5846
13941,3920
9481,568
1799,-2248
-7640,19310
-2454,-6252
518,2610
4202,-1051
4008,-1290
3357,1571
8758,-5508
15212,-18640
-2970,6000
611,-630
-5616,10271
687,-748
9519,-7620
-3917,-7229
-11020,-1956
2118,-13663
-8352,-5547
8367,-8424
-3194,7753
-7786,5462
5898,5525
2092,-7200
-10096,-517
-6189,2056
-23939,4196
1970,-759
5896,2870
1639,-4670
1844,11411
2316,-239
-614,279
10133,7412
-12195,6863
-4645,10786
-932,11379
11222,-12404
7216,638
3500,-6298
-6125,-4843
8845,5589
8636,-2234
11143,2916
-5278,12396
4534,-8049
-1515,-1851
6012,-10448
-6179,-11789
-10865,1654
-2857,-4549
15549,-5900
2318,1332
9119,-6789
-15501,1333
-5967,-172
-486,-2611
-9171,3608
-13246,2365
-841,-383
-7384,-3177
18633,-5089
-5192,-2190
-9691,3279
-3535,9884
1093,8968
3077,9493
6378,8885
-17338,-3399
5809,1157
1824,-4366
4775,-3898
189,7479
1321,2100
7131,3521
22659,9834
1114,-7890
-1539,3093
-12046,-2925
2348,-6691
3105,4098
6376,-5557
-3500,-10556
6540,850
8933,-14590
7994,1477
-11565,-146
-6729,-2842
-12453,6526
7437,2460
386,-8258
-10436,-1489
-7853,-16030
-342,-798
-3058,2577
8749,5678
-14326,5842
-112,8877
6216,2414
-2632,7539
-5334,-3935
-11292,631
-13268,-2001
17343,10813
4942,1691
6914,3976
5749,-1888
763,1815
8199,5199
2991,9901
-13914,-6363
2739,7869
4029,-6597
12887,-1703
8209,-6570
-3521,-14501
-1050,-6785
7741,10711
3406,-3587
476,11380
-6895,-10749
-1764,-6419
-1004,-901
-1760,-8623
-11117,-11754
-9358,2198
4887,-7650
6198,16295
3241,-769
-3132,-3666
-15126,-288
-2887,5761
-4486,4470
-12127,10195
758,-9696
-2145,4800
9177,708
13649,5728
-7252,-2740
-1870,4345
2305,6053
-2364,18305
12214,5155
-4010,-1941
-1712,-14295
9773,1419
1529,-6086
4213,3195
5845,-5475
-1770,-797
16125,7550
4700,6150
-2865,-13616
-6661,-3366
-8580,-15523
-3688,5464
4412,1840
-3077,-11881
4952,-7834
1576,466
3846,-4199
-8278,12632
-8637,-10069
-13055,2685
-3916,10966
-275,3145
-318,-2662
-6371,-7545
4527,-12951
-7020,16023
6253,7821
-1122,8142
-1981,5131
5408,5362
3163,8099
-6662,4829
6111,-12582
-11900,-3660
8820,1650
9610,11361
6867,1243
11998,-4292
7843,-6909
-6326,3889
7818,6114
-13668,-3517
834,-9832
2106,-1307
2475,-5622
5728,91
6698,-13885
-7883,-15504
4769,6267
-10592,8059
-1047,5492
-4758,2240
-1989,-14841
-7840,2225
-2513,1868
-10257,-11076
307,175
-3781,-1034
5991,10943
-2741,19691
7805,-4312
-6093,-2269
-3838,5086
-8108,3076
-4998,12783
-147,-3887
14724,-6284
-149,6452
15949,3694
1009,541
2973,-1290
3866,-3342
-3878,12696
-4197,7839
12640,-3170
-4260,-15411
12576,-10501
-3157,-4827
-3242,-210
6636,-4266
3992,-3379
-2580,1158
6400,11614
-13189,-7492
2055,-7804
-8028,-12304
-11599,-3936
-6689,8165
1322,525
2611,-9909
10859,7060
-8169,-2642
-4707,12538
-8751,3345
-2971,-4220
-7593,9287
-2657,11084
-1360,-3471
8808,3833
7568,-16065
3502,6128
-7163,12699
6690,6673
2533,5356
8966,5579
2486,-3677
-6349,8583
3187,-14581
7636,-9002
-3247,-5476
8886,4559
-1188,2659
10537,1379
15174,-11769
-6995,693
-9110,-3346
-7236,1985
-10309,-11013
9020,-1462
-4767,-6534
-4887,1564
7845,-5924
-545,-6849
-764,-3614
-8312,14717
-17957,2400
1206,13517
2440,-6044
-3480,-2489
-4341,2145
-8495,-2255
3210,-4541
7816,11776
1247,-821
-1191,21779
3736,4195
7708,-2264
2890,1062
-7045,-662
-7423,-2948
-478,9227
18247,-12672
10008,5125
4814,-2138
4566,-2717
1361,-1603
5043,-1151
-788,-4088
-17582,9383
4113,-8569
3477,-4283
6728,-13695
3138,-7734
-13096,-6651
-3989,2507
10197,-421
-7914,7692
785,2780
-13252,3840
-6189,-8265
4057,-172
-8629,-8451
-14063,4208
2063,5190
84,3591
18677,6367
134,7773
-8654,-3203
-5903,12577
1284,-1618
-2186,5681
2034,7318
-6048,-4447
13068,-788
13110,908
12449,-10909
-6690,9282
-951,-766
1499,4671
10469,9338
2118,-6225
-2590,-7702
-8672,-6517
12281,-16466
-2326,478
2848,-4519
-4816,-1901
-52,5110
9760,-340
4884,-1957
-20426,-2680
-6096,-8490
-17288,119
4505,1401
2762,1040
-6975,-2386
-115,-1234
9846,2058
-6007,4207
3819,8526
-20991,4236
-4734,6677
6574,10883
5309,-1139
-859,-2831
2282,-4590
-5256,-6861
17154,13330
2344,6076
2998,3401
-395,8243
8321,-3330
4257,375
3092,-1163
-12138,-18731
-38,922
4935,-1788
17221,-886
1243,2232
4447,-11549
-4982,-6107
351,7785
-4215,-6310
-11495,2730
-13601,-7335
7347,-4860
-2057,1370
9247,-5242
-8014,-11080
-10558,2489
1577,4107
-319,17825
-8331,5988
1998,888
-14306,-4808
6285,4099
634,-709
-8243,-343
1083,-1927
5562,9415
6876,8915
18119,15092
-6922,-8383
-1090,-592
-1064,1508
-1872,3977
3158,2324
3379,-4554
2946,-14930
17039,8960
6795,-8021
2824,-1140
-5918,-4603
-3999,-3387
-1069,8922
2069,7276
-2528,-19626
-4199,-5449
-1462,-17119
1300,2157
-5546,3389
184,-4469
-5157,58
-251,13818
4032,26
-10959,7183
-9283,-14606
-7174,-2222
-10403,6550
7533,10644
2053,-1265
1231,1493
12809,-2527
-3240,14711
-7,5107
-1484,5309
-11173,-4791
6149,11001
6456,3529
2087,-839
13957,-13194
-492,-8627
4904,-341
6654,17253
-1429,-4793
4360,3136
4375,-5905
-3895,-1645
2915,-1278
-7111,-13858
-2384,-19294
-743,7116
3175,-3063
2544,10260
4799,-6704
-3056,-11121
-6314,5009
-12866,7245
-7506,-5078
-11471,4013
3683,-11649
-1876,8980
2633,5110
4386,-5770
-1708,-2965
-5309,7994
1361,11567
-12243,20778
9011,-3228
325,-2975
-345,-2457
4209,3096
-465,-2102
1557,-2504
16377,-1578
-3899,11712
13216,9795
3581,1765
665,-14207
1295,-3431
-6379,-2945
-9482,1423
12426,-4062
364,-13594
13093,-3842
343,4983
-1947,-7833
-2794,308
-2790,-7268
-14380,2230
-3375,13451
-8076,-7309
6492,-11227
-2457,-5521
-1273,-8011
-11203,12622
1829,3752
-90,-963
1617,15078
-6145,6685
-1175,5236
-8143,-522
7819,-12993
-10315,4775
74,10233
6097,2888
11474,4983
12642,-3172
8192,4455
-14062,7762
7856,-393
-5099,-4079
3079,-482
3121,501
-196,-596
9403,-10941
17850,-10687
-8022,-8123
3186,8060
-10470,3044
1978,-561
6113,-1623
-5403,-5525
-11769,-5370
474,-3604
-7509,-18465
6161,2595
-8350,3329
-3512,6652
2396,9035
6825,-3570
-6620,-2787
-10987,11922
-16913,-5943
-103,8082
2661,-1087
7818,-87
-3710,9294
8172,1533
7394,-4886
3945,11273
-3704,-183
-7866,15881
-2776,3841
18142,-4318
1333,-5367
3873,-4131
-633,-9883
1060,2300
14946,-6278
5268,7531
-7861,2434
7859,3149
-2974,-9680
4300,-6132
-4997,-10808
-19265,-2693
156,-5077
9385,929
3095,-7676
6201,6888
-12576,-6670
-4854,3057
1066,1621
-12396,1786
-11647,4242
-6990,7410
1468,-10570
12784,7223
-34,-9017
-7972,3623
-3141,9793
4317,7207
6763,9935
-1612,14061
-3909,-9047
-1215,7351
8424,-10186
5115,-3024
-4973,2183
2668,484
11727,1489
13112,10233
13711,-9265
-11208,3404
-6451,-8597
2110,-1968
-2690,-2005
2059,-2515
-1405,-10255
-3044,-2439
19533,-9923
-1423,203
-7614,-5282
-9547,4748
-11686,539
3574,9545
2757,-2428
-16837,-6192
-7,-8156
-5730,-2097
3633,-1482
1251,13201
-8264,-1180
-1701,12885
11311,9010
-1784,2073
-874,2364
-15459,-2662
-2568,-5581
6274,15504
12416,-3304
3044,3048
7671,-107
6180,-4283
10511,8002
-3627,4601
-3523,-7899
-10945,7432
11908,-5961
7670,-1382
4332,-7409
-813,-18100
-452,-6030
-94,5066
11765,1380
-13566,6400
372,-6172
-4090,-2512
-2643,-1013
-1897,-6316
-11224,-10153
-15817,-4723
11848,3987
-2850,9606
9530,4532
-4381,-640
-9417,-3044
-2124,9935
-2375,8106
-15104,903
3800,2777
-4741,-3076
15678,5739
9051,6004
1260,-9221
-3230,2841
4901,9109
-683,8749
9279,15020
-4455,-10774
4627,-9782
1437,-62
9130,-8650
-2544,-2408
3218,-4377
2290,-7671
9727,15448
4246,-198
2476,-7787
-15835,-8574
-813,-10028
-10391,2494
-2022,4191
524,-13524
-1029,-2522
2800,-2979
9021,5833
-14578,2213
-1495,-1829
-14461,721
-6724,14119
3273,7302
-3469,-166
-3055,-12931
8272,-927
-8052,2468
9151,14947
-1126,2784
-13,3629
8152,10090
3020,9930
-2213,-3427
4132,-3008
-8487,-17932
6425,8672
5697,6167
8985,-2342
10177,-4191
7965,-5067
-311,-3069
-1026,13481
-8039,-15043
-3920,-2969
-3720,-3445
4665,-2007
220,-1557
4537,-11853
407,-19360
-6567,11394
-3548,2877
-5137,12057
-7692,-1777
3212,-4315
-9905,1394
-5444,5099
-1010,-11698
-9138,-589
4073,-2370
2530,18125
-2012,10712
12588,5565
-1895,-6828
-4877,6314
-811,5994
-12016,6955
6176,-6091
9439,490
3437,-4117
13542,11958
5798,-7740
2671,-5533
6606,222
-9049,7415
-625,6293
3395,2639
3619,-23589
3954,-1824
-1275,-9322
-4746,-4446
4090,-2831
1031,-5969
1357,2876
-5767,17050
-496,-10654
-6049,-1788
-4893,-12571
-11665,-1887
-11609,8570
-443,-5
9896,-6874
-328,8571
6377,-337
-10567,13107
-2553,56
100,446
-9557,7722
-5240,12136
6500,491
636,-2411
19985,-11294
-2823,3205
-2258,5331
6394,9671
4782,-561
5606,5652
6853,3473
-12192,-1574
10604,-9170
432,-12396
450,-11368
-454,8759
1476,-2890
7185,-929
16259,-2855
-8827,-7472
-6255,3588
-14543,-560
-2220,-12531
-3884,4112
-1778,-5308
-7531,192
6704,1039
3619,-12707
1833,2955
-15783,11332
-5691,4736
-8573,14063
9267,-1081
-2854,-1399
-7253,5423
-2681,-6904
7102,-1245
853,3887
11581,5213
-9734,14876
11158,6731
11195,-1616
1240,-165
-4947,-3266
-6100,-328
-6496,-3090
23240,-2467
1465,-3880
7274,-536
4286,-2502
3015,-6247
4559,-2496
-2927,1992
-21435,-2612
3745,5008
-729,-10677
8571,-8926
-3110,-5308
-9661,-9904
-4743,87
7636,7403
-5492,-1201
-3235,16150
-12381,-1078
1272,-1868
-1926,1278
-3161,-7043
-15180,348
-2208,10198
8904,-3015
14009,15118
2089,1347
294,2158
-9703,6337
8654,2071
-2130,1601
-6032,8543
1986,-7943
8116,3024
14468,-7125
16530,-3825
-11853,-3908
2349,2714
2931,1367
2995,8510
5873,-4233
-8724,-4607
-6678,-14438
11655,-4562
-5669,-12137
-546,643
-5638,-3167
-2754,3222
12742,5060
593,3018
-15087,-9883
-10229,4471
-12900,-9033
1058,8820
-301,2207
-5973,-3923
2596,1660
8537,6145
4960,-2520
-4381,16191
-11987,-4363
-5109,12052
4637,10902
8842,394
-403,-4136
-1471,-4421
7998,-12042
5686,14375
9378,-1354
489,5852
-2356,2786
12521,1841
5162,-1546
-4737,-3099
-2477,-19175
-12607,-1849
9513,-4414
10927,4716
-1351,-6374
4746,-4621
-1080,-7037
-5386,5502
2017,-244
-21698,-1116
-8501,-6596
811,5490
913,-4880
5187,2439
-3419,-12032
-11340,-2595
6424,12089
-5183,13976
-1088,6101
-5229,8784
-2688,-9202
2002,10350
4088,-1135
-7170,-7717
1559,1524
3170,4901
15590,8906
6971,16339
7036,-12616
-5399,155
1295,993
-451,389
-1547,2389
-1853,-9088
10859,-11744
3350,6164
17522,-7359
-3780,-4224
-5281,-7839
-2505,-1279
-4731,10112
-4425,5315
3836,-11133
-14891,-11183
7282,-9372
-5292,1380
-4892,-1314
-910,-602
-3803,946
-2789,12495
9746,12687
-14702,-2231
-969,-6439
-11195,-1881
-5382,3317
2082,14215
5192,-2139
2134,-4206
15705,8834
-1245,3615
5824,9431
-6435,1102
-1706,-7240
-2132,12935
8105,5149
3166,-7996
10456,-6899
2820,-18395
7006,3575
-2878,9853
7541,-4656
-4624,612
5328,-805
-1484,-3033
-4342,2700
-4639,-20017
-1631,-12967
-11121,-290
9121,5142
-5235,4873
6181,-2693
2301,-8220
-10097,7694
-9829,4802
-6128,3091
-16258,-6170
7922,2552
-5851,4494
4366,7006
8558,-4036
-272,-5325
-1329,4553
1054,20210
-10782,6785
10437,8889
573,-8040
2779,-717
2454,3934
1301,-6972
4026,-9910
10639,5465
594,-781
8660,18544
4190,-5173
6106,-12258
-4271,-3450
-6379,-2655
-8840,-4458
1326,893
7105,-20059
4962,4824
-948,-547
3805,-3316
-7181,-4289
-1845,-2588
-11419,2007
-15078,17124
1041,-7553
1004,-3635
-1680,-10226
2450,1696
-13075,3444
2909,6523
6304,60
-5729,14733
2846,9763
-3873,9786
-2193,-9214
8647,-1739
-9492,-5318
-2743,10983
9486,2882
8256,-1008
18674,-910
3475,7305
-5784,-3590
3145,7607
-826,-13190
-1849,1281
-276,3086
-2482,-5572
12168,-9989
10052,-8153
1316,-15611
-8607,13312
-4898,-3429
-226,2139
1668,2229
-5638,-3571
-9484,-2838
-8034,-2192
5377,-19559
-7188,5476
-3644,906
-4145,10282
1502,7852
10596,1047
-892,361
-18507,9616
-2885,-2703
-9431,5959
8193,-2029
5189,5704
-3213,2717
10372,3496
15167,-4241
-1360,2999
5096,5278
-15535,9432
3754,1464
12868,2704
3850,-11742
-563,-2830
2688,-9138
-1938,-9187
17092,452
-3255,1695
-2273,918
-1096,8941
5273,-12537
-1191,-3618
-6367,-6199
-20119,-10825
-1409,2063
2729,-2046
10389,-4608
-6208,9517
-920,-6347
-5936,3363
1054,5943
-9195,-1004
-13859,9973
-11233,4341
12842,-3339
1893,4617
10107,-6117
-8655,196
-2220,7532
9795,6005
6207,12581
-5827,7809
5995,283
-7763,-1592
16190,-5376
1448,-6063
-6871,-4242
2668,-446
11653,2626
9844,1695
16828,2451
-15237,-8808
-1262,-3388
-2517,-2206
-2723,-5457
-4651,-669
-3616,-6440
-2789,-10268
17799,3732
-1951,-10008
-4828,-219
-15215,3741
-4688,1209
-1783,12458
726,4876
-11952,-11578
-3917,2804
-1068,-9379
7049,4214
-6639,7829
702,1061
-3421,10804
11629,14674
7397,-790
-6385,6682
-9855,-10157
1421,713
-1281,6023
16988,2345
24,-3606
6050,132
15186,-4988
5122,7446
-960,-3311
-3672,-613
-15367,-4790
12439,5112
4262,-5206
-45,-8620
2391,-16242
-4389,-7463
2165,-925
6355,11545
-13412,-6176
-1462,5980
-3377,-2378
-2232,677
-2674,-2139
-13629,-10431
-10871,-9631
3791,15076
3526,364
5711,13285
-1764,-2943
-2077,-1306
-1889,11762
-3044,8947
-7782,-4059
-6836,8604
6029,-8197
11051,11919
9252,-174
7677,-8712
-3460,-2663
3577,9087
7277,6541
-3852,14303
5258,-12964
-234,-4623
1019,-6661
9937,-3306
-5207,-11131
-2227,-6173
8363,-4943
-1805,12445
11105,1636
-3008,-2927
-12236,-15956
-2988,999
-10417,-1960
-8753,3350
3049,-7099
-7114,-6233
9500,1889
3115,11248
-5398,-6656
-5725,6347
-8621,-1538
-8689,14530
3365,14846
-4497,-4610
4472,-10011
1256,2340
4810,-4211
418,16458
4884,-2053
1623,1748
6776,14426
3998,7136
4635,-2622
-5677,-5688
4749,-19573
-5783,7496
6988,2654
8253,-3690
6907,-5551
8038,-5603
5637,521
-12210,6531
2775,-11312
-14638,-5149
-3063,-2467
1157,3982
-2308,-4158
2944,-11946
6149,-12532
-14095,2682
3739,11483
-12120,8223
-2345,-1344
194,5241
-6415,1231
-6877,4780
3050,-4663
-10260,-12174
7855,7070
-3105,13746
6399,8731
7892,9271
7332,-7825
-4416,4008
-1028,12074
-9434,-5228
6272,-41
2819,-4333
11542,-2901
3144,9950
13706,-9464
3781,-11096
2196,3667
-6133,385
-3576,11258
-3823,-3299
11990,-15832
-7754,-5129
2262,-5822
-4996,-8375
-1625,-3443
3927,-7580
-1384,9945
-11239,10422
7839,1873
-11114,-8075
-871,-5303
-12034,-431
-15251,6183
1735,-72
9501,176
-980,-82
10720,13748
-9611,2258
3600,3420
414,1745
-8625,5252
-5642,11853
5074,6254
5383,-13783
18122,750
-1313,-8148
981,5394
2685,6025
9065,-3121
3724,4248
1120,9789
-4712,-10654
4056,-824
2124,-20679
561,-7624
-10340,3538
4331,-1704
6426,-3572
9066,2725
414,-9694
-14360,9188
-10983,-6629
-182,-3880
-11972,-1194
-1348,2875
-6712,-1106
1429,2504
14718,-10638
-4075,5410
-11285,4664
-3727,14373
-8496,4508
10277,8938
-207,-547
-10590,2895
5793,-4594
3784,-2676
6004,-4755
6667,14048
-5891,1785
10588,12476
14725,-1511
941,-4080
-2940,-1152
-10985,-2470
19,-11238
11390,5826
5673,-12981
1406,3394
4479,-3887
6420,-8892
3979,-1003
-10140,2280
-13460,-5935
-10253,11221
7285,-12279
2568,-2450
-5979,-6532
-5871,-8683
-3602,-886
1752,7569
4679,1200
-16093,17192
-1122,476
410,4766
-840,-1921
-1186,-1877
-13286,-2793
-7273,6247
19222,2491
4405,10281
11173,2045
-1198,5418
-3185,-2305
8506,7308
74,-1044
-12324,1736
6316,-699
1867,-4197
20710,-5982
8537,-1606
-4830,-14231
-2991,4969
5688,717
-725,3093
3525,4924
-12996,-9734
-5,-10909
755,-1362
2838,-16113
-10973,1309
-4753,-2300
-1126,596
10067,13438
-670,813
-6407,-4824
-19864,3721
322,-5972
-7387,8988
-1018,3624
-2951,-4190
1768,4754
10118,3464
14671,3256
-13008,6972
440,64
-9343,9036
5905,10969
9763,3282
-1480,-5458
-1592,-10063
14707,-4772
-1263,252
14292,3761
-5373,-130
617,164
10762,6963
5735,-1560
-6932,-9299
-2463,-9799
-15549,-14902
9221,4418
2307,1344
2188,-7998
-721,-1129
3110,-4216
-3738,1103
-2332,9854
-19508,-11089
-8769,3280
-5681,4892
8329,-413
-2264,2355
1064,-9341
-4932,-7300
1491,18357
841,6855
-737,12760
-9167,3498
8447,-467
-2770,6644
6144,1097
-1665,-12704
-4903,485
8546,-93
14404,14588
2877,4797
14343,-3475
-6924,-7994
2033,3321
1614,-194
-9222,-1800
-609,-12272
6912,-3331
1402,-5206
16947,4293
-4506,-14075
-4757,-7145
-2632,2048
-8385,8953
-4252,4733
-2042,-860
-9730,-19820
3082,4742
-4197,-4901
-3680,-1068
-3608,203
-1980,1596
957,12682
3191,21373
-2520,-9614
-5221,2673
-6880,-6537
-2200,6461
-3385,10619
6886,-1971
7886,-6587
7748,12158
12385,-845
-127,10969
-2241,-7365
1473,-1915
-7267,6990
5942,8284
7121,-9656
728,-9668
13064,-17894
-1320,3718
-1307,151
5915,2198
-6062,-7432
1792,5597
1602,1481
-11854,-1686
2114,-15858
-9105,-11180
-7831,-6558
1493,15491
-2344,-2973
3836,1533
6403,-1550
-10625,4156
-4425,9683
-11501,3824
-6569,-11075
-2318,12608
675,693
2406,8319
10730,-2129
4325,-10347
3114,6466
-5639,18212
2121,2505
-905,11468
9265,-9101
873,1375
160,2351
4207,-11324
6337,-11506
626,760
10792,732
-4684,15021
11827,-5709
5002,-8909
-6425,-5920
-7384,-1021
-8107,-4074
-8759,-5761
14112,-10855
-6977,1130
4388,1434
1634,743
-3604,-9478
-3296,1674
-9426,6959
-20627,9952
6171,4871
-4194,-7603
5211,-6273
-3163,6325
-5173,-3256
1068,6095
9403,4311
-5228,6762
4281,20464
-4528,3488
8279,-7071
455,-397
-801,-8592
-8341,7023
8481,4071
11931,-9059
15771,5905
1306,640
3845,-1336
-6633,2172
8002,-11546
-8733,-1293
-6443,5155
212,-8361
8047,-5660
6902,-13495
7597,-7814
-19065,3497
2185,1744
-3392,713
-2126,4843
-3801,957
-11442,1754
-8137,-7939
10550,-6993
-13309,-5743
-587,8383
-5981,8298
4122,6584
13208,5972
587,4540
-15221,1353
-770,9038
-7975,-6873
9143,5377
251,3772
1144,-352
10048,3271
17384,-2458
4173,-7044
-487,13339
-11478,-3226
4043,7158
6336,374
8145,-9754
-6049,-5220
789,-7529
5084,-16836
6231,5421
-672,-6310
-4174,7271
-6769,3954
12045,-4137
-4742,-5352
-11006,-2566
-13002,-12281
-11304,4270
6565,-4919
7785,5063
-9835,1059
5123,4132
-2818,-593
-195,7659
-2557,2026
-20512,8852
-5474,2041
11113,7695
3784,-6040
10215,3556
-4838,-6965
-1029,3592
14015,8363
2240,9208
-1143,3683
545,9101
644,-12354
11736,3080
1945,-11873
-7888,-9046
250,-360
8510,375
14375,-1248
5035,8710
-4343,-16424
-7171,2647
-1636,-4931
-2914,-4056
-11427,-683
-7940,-5108
4332,-9060
5155,7556
9728,-11455
-11367,2627
-12592,-600
-1069,7509
-4158,11651
-3116,8197
-3113,-7026
-12795,1152
11625,-6261
1313,5374
-3995,-541
1437,6863
-269,5857
9946,15566
15214,5302
-12030,-1398
8,-7332
-4035,1023
3131,-2509
9403,8002
2511,-10101
3460,-2816
18876,1576
2485,-1847
3568,-1435
-12331,-1598
-7058,-9986
731,12081
6403,-6001
-3734,-10714
497,-10399
-3771,-13286
5316,2702
-5104,9811
-2427,-6937
-12295,9537
2696,1807
-1381,2937
-5889,1581
-11405,-13433
-5939,-5222
-6350,11248
15054,5421
-3730,10158
5591,-1372
2753,1392
-1371,11037
-1169,6676
-3231,-598
-14519,-882
15110,1627
3256,6161
13579,-1484
7941,-8246
-861,-8682
3178,6140
8608,11658
-9326,1149
8517,-1898
-5523,-9573
5106,-5300
3096,-996
-3067,-16662
-5730,-10266
5837,3022
-2632,2305
9395,12945
-6122,-7715
-3970,-12143
-10983,4291
-5775,-715
-11941,78
-2300,204
-2020,-11858
7199,12486
1453,6083
5414,-2531
-11914,2234
-734,2787
-7805,12679
-2618,18704
3005,-7885
3231,-3584
547,-4711
13073,2936
-6032,4188
9647,-206
3702,-1172
1873,14178
9288,6879
2745,687
-5532,-16403
7609,-8215
-11312,-4926
5228,5798
6170,-5857
3783,-8720
9993,-3266
2647,5800
-9615,-4832
210,901
-14734,-14794
-5601,5024
-3963,6639
-2090,-5277
3607,-10471
3255,-6050
-6476,-5713
-3273,21546
-7067,-671
-851,5154
-3257,7585
-1415,5032
-5307,4120
-519,-1571
1737,-18435
-1872,12445
1985,6314
7957,12682
5596,3446
14003,-2932
-1292,1534
-7071,11363
1739,-8609
-4205,-471
5987,-9360
8684,4439
-340,-469
15602,-4885
7322,-14949
-4601,387
303,3023
-13351,9035
-124,-6929
6694,-3894
-7650,-12867
-1563,1970
-2571,-10288
-5342,-8802
6893,-1410
-8624,9640
-4973,8061
1542,12801
-1674,-14146
-4398,2976
-10123,915
-14921,1404
2726,3874
5322,-288
8342,-1211
742,19482
4513,-4099
2097,5348
2713,745
-5966,3331
-7266,12603
447,4059
16497,-13276
5004,555
9574,-10927
-3664,3284
2941,-397
11106,-2500
1507,3776
-6149,7880
4793,-5380
-7329,-5759
10344,-17746
-7225,-6486
-12257,-3140
2039,2223
7015,-3953
3388,699
6857,1275
-20928,1808
-2307,-1748
-5832,-369
-8974,-5036
-7861,9890
-3917,174
778,-2043
19004,714
-5441,-3185
-3807,7741
-9329,14236
2474,785
3571,13474
2921,2526
-8502,-2813
6069,2289
5572,-11775
11146,-2815
-4562,9216
5257,-499
3595,10529
17582,1023
4193,-7267
-7625,1973
-10378,-9655
4161,-7039
-2094,-1025
12147,-7666
-7856,-801
5492,-2577
10747,-8258
15,128
-11297,-1824
-10506,2419
-18704,2412
13037,577
-4066,-4237
-5501,-4951
-3678,-5581
-2691,-1991
2472,3412
5574,11815
-18150,5163
4003,13218
201,2609
4472,-686
-3154,956
-10821,-5097
-5162,-798
16655,11880
7003,-2473
10888,10592
-1464,-682
6282,-2649
4179,6518
1414,-1369
-11494,-5476
-2143,6018
7452,-12705
16454,1648
3733,-8843
2153,-12407
-9079,-793
6492,3407
1391,271
-8166,9472
-6521,-12131
-2939,-2042
-2450,-7325
6878,-7046
-17243,-6903
-5603,1121
3880,1877
2436,15104
6240,1922
-7516,2872
-16773,-5159
4046,7260
-8535,917
-3464,6166
74,-1984
-548,2167
17031,4066
12387,8657
-6352,-6784
-712,9600
-5313,269
4795,12812
7930,5748
-2555,-9289
2692,-11549
8636,-402
7080,-11671
4313,9043
-2691,-8986
588,1885
6814,9012
5932,-883
-4331,-10371
-12394,-6853
-4578,-19288
-3753,9554
2871,-3241
1168,-3759
-4279,-2755
5711,589
2133,2458
-12112,9372
-7102,-9899
-18151,6250
-1948,3845
7475,8849
-3366,-3420
2462,-5752
3404,-5982
-4659,12705
10974,10314
-7713,10392
-2144,-580
6965,10029
1324,-88
3826,2615
2877,-12404
-8814,-9646
13085,4511
6281,11110
9602,-1534
7051,2999
1429,-14052
-1491,4668
1148,2377
-11836,-10673
-1316,-7374
-2195,-3870
9232,-5849
3611,8072
4453,-17710
-7216,-7173
-4211,5508
-7303,6437
-5408,9697
-9803,-1377
2394,-13766
-9161,6517
4725,-3380
-5482,-2210
-4764,-1523
1614,2332
2822,16890
-2326,17189
10814,-1633
-12262,-2670
2564,-2864
-4340,7023
-4332,4384
6900,-2093
10301,-4453
3739,4069
20173,8720
-4798,-950
5185,-6654
-2775,-830
-5801,2047
367,9636
6788,-6527
-1201,-19277
13535,-6018
-5332,-6464
2575,938
-2608,1324
-153,-9395
-4439,8518
126,9033
-9071,-8471
-680,-5181
-9796,-17323
-3671,-1006
-10032,13322
5933,-1462
564,802
6343,5370
-2508,1559
-7144,15741
-8905,-3098
482,-3665
-12006,7141
7738,7464
275,4128
10336,-1703
13112,-11951
448,7460
-4259,9103
6919,9619
-6413,-684
13570,591
-1475,-1224
-1978,62
7657,-11911
3180,-13069
-88,-8216
7880,11145
-7314,740
12649,3330
3852,-9865
-5800,-6033
-9141,1837
-11040,-3363
-7026,-13183
6131,2454
-5415,-8100
2167,10587
920,-1442
3264,-8878
-4981,3484
-11053,10690
-14090,4773
-2582,14660
4008,-12664
3509,2876
-5294,2080
2960,-1874
578,912
7973,5860
3523,3908
-5801,23320
5876,-942
8474,-665
-986,-8092
2766,-2849
-10613,-1467
3755,2177
18857,-9039
4950,4124
7671,-1843
1452,3907
-4730,-9511
7467,-2144
-10529,-6600
-13700,4531
2830,-3394
790,-8114
11580,-12803
694,-115
-13752,-8147
-1735,10368
-435,-2275
-5039,5999
-4012,9203
-13466,783
-177,-6820
2842,348
-3313,-13501
-8853,13912
-1821,4530
7064,6128
13087,10386
1434,3988
-5537,870
-9276,10019
6351,-11017
-747,7528
901,106
2766,-97
8853,946
17609,-3969
12439,-6996
-12476,7511
658,-3773
-4686,6521
6805,-2155
5797,-3522
-8635,-8926
-2151,-8555
11598,-12855
-5057,-3090
5442,-1570
-13009,6201
-2468,1161
9366,6041
-2447,-6589
-14677,-2414
-8883,-4504
-15864,-4683
10731,3340
-818,5282
-2319,-1983
604,11006
6537,-1968
247,5713
-1528,9190
-19682,-482
-1435,8610
4254,7048
14405,-6468
455,4511
3626,-9527
1329,-2011
11857,10929
4079,1409
-30,7381
-7299,4547
13326,-7970
824,439
5557,-11543
-8881,-13228
-5391,-1700
9238,-2986
13768,4012
-4344,1168
5696,-7184
-14067,-2850
2351,-967
-5001,-2183
-16722,-2492
-8926,-4589
5190,-164
483,-760
15166,1539
-14644,-5973
-6441,1655
-1637,11189
-2739,10331
-4306,8841
-2374,2200
-9628,-8802
13951,6892
324,-3916
950,-1264
-3170,5692
5905,3823
9992,13481
12827,12315
-4978,-12379
-1792,1236
-3780,-7233
7082,-439
-1758,3233
5861,-10098
2947,-6759
13162,6510
10397,-8436
-2494,2899
-12990,-9968
-2540,-2351
-9460,7102
7101,921
-4627,-12388
-6286,-8072
4574,-13219
-288,6699
-5784,1160
261,3626
-15712,1463
5215,12475
1170,5076
-9404,727
-4399,-11362
-8636,-1988
-3554,2534
12896,17277
-2402,-2087
7535,4975
7042,2547
696,7730
2546,6958
-6550,-15
-8186,-10690
7395,13103
6876,-3817
11218,1635
7215,-11061
3169,-12578
3634,4702
1844,12243
-1632,-6770
-3683,5671
654,-13769
2017,1179
-1902,-4028
-743,-16698
-6667,-12847
-2792,4776
6418,1841
-3731,16132
2012,-9468
-3764,-3732
-12316,943
-3877,5704
-11113,-2269
-9997,-676
7941,-6150
-2483,12747
9741,4645
5428,3408
-7198,-7317
611,9831
-4080,11464
-7947,13975
10059,-1341
-2328,-6834
8422,-5929
7465,8125
497,-9018
5686,1766
6735,-2763
-838,8639
10500,13493
-1377,-4056
2789,-17835
-3196,-3050
-3820,-12022
-4705,6824
5132,-6917
3538,-12237
7745,3299
-1176,3935
-24,-4157
-11839,1653
-3575,-14539
-14554,8412
-6255,8534
-260,-4198
2557,-7026
975,-6860
4202,-605
-14343,15795
5243,1544
-5072,5823
-1864,8220
1072,10631
-3589,4201
-1653,-6259
11150,-11218
-10706,1888
9248,9862
3029,9532
10027,-1771
13935,2154
1987,981
-8782,3856
5594,-957
-9226,-13187
8100,-3127
-879,3546
4228,-5310
10004,-2749
10935,-14718
-5254,-6448
-2753,12058
-14591,-1512
1717,357
-3028,-2552
-177,-9928
-10421,3596
393,-8113
-2068,-14283
1129,6061
-7203,3689
-1997,15331
-5055,9626
11282,-6592
-9941,2188
-7815,4532
-9628,-1864
-2267,5404
8176,-4536
10705,6639
-5122,9785
15967,3567
935,-2156
5167,1537
-2927,3140
-12061,10119
1934,-587
16925,-4285
843,-11794
12235,-968
-5945,-6823
4522,-3200
10108,-1255
-1984,2187
-6936,4676
1709,5437
-4894,-17148
8053,-5038
-10684,-12312
-11594,-3664
-3173,3276
7280,-2977
4820,-996
358,12298
-11860,-6980
-3984,8309
-5316,-4415
-5015,-616
-15135,9448
-2146,3346
6812,-4253
11793,6974
6076,-8984
-6829,12044
-7032,5652
9531,6652
-1196,8563
2787,7025
-2153,-4346
-1246,1527
16030,-14628
5188,-979
-5598,-2660
6772,6455
2031,977
15976,5177
8238,-5291
-14865,-2219
-3616,-9483
-2247,-3710
-1958,-10813
5024,3744
-8294,-9266
3222,676
13765,-3685
-2737,-3673
-7557,97
-17097,6716
-10959,-4496
4076,13741
-599,-7632
-7346,-1534
-2765,-2421
541,-5140
6909,4020
-2722,13846
-5677,-336
-4555,20108
9213,806
5844,2952
-5033,-36
-7676,-7456
-381,-2672
6610,9873
18547,-3967
-833,9803
6441,-4461
8763,551
2993,1252
672,-1004
-9203,-6492
-13228,779
16408,-6904
4350,-354
7402,-11555
-434,-7916
-7435,-8659
3910,6174
3122,3601
-16876,2978
-546,-1482
-9635,-2587
3982,-6450
-233,267
-12671,-14037
-9387,2597
6590,7432
814,8587
9441,11889
-10210,227
-4363,-4617
-3346,12586
313,-2700
-8638,4872
-234,1370
3027,-3965
18286,10543
8966,3145
6117,-7792
-10371,6331
5438,-511
402,10977
3530,6923
119,-12605
1958,-7882
3594,-6171
15958,-7653
-8975,-506
3751,-7703
-2989,949
3513,9571
7010,1634
-5168,-6783
-16548,-13301
2110,-7669
-13796,413
5177,2160
-3709,-3296
-3147,-4165
6999,5768
4514,7434
-12156,431
-3290,2728
-20035,-3150
1696,11868
1862,10932
1687,-5951
1749,-4577
6898,-2070
-24,2163
8942,19072
-5996,-1635
2565,4593
1093,10036
9428,790
-40,-234
2075,-10839
-2741,-18964
5156,10263
6390,1423
11267,2619
-876,-2982
10168,-8582
-4709,1621
-3198,4421
-6554,-14859
-10952,-3877
-2368,-7861
8926,4434
-4144,-995
10225,-9356
-7152,-11081
-6795,7260
-2135,8692
-11867,11146
-7162,-4530
2988,792
-10119,-2537
6901,7246
-4043,-7717
-4374,-4382
5158,5615
218,17208
2644,11462
9183,9666
-4996,-14143
2520,6732
-3901,2452
-3235,-231
5040,-2473
7852,-4681
9248,-1515
11593,16186
4929,-12982
2427,-2035
-3746,-5237
-4039,2689
-5745,8354
2135,-5098
5497,-21423
641,-392
3444,-11653
-3147,3936
-4464,-5659
2850,-3504
-8220,7735
-4547,13518
13,-5742
-10792,-4090
129,-16163
-9236,4638
-10802,5007
7007,6337
2161,-3188
4095,8073
6934,7646
-12293,10752
1686,-2903
-3498,1055
-8290,-1469
3257,16586
3597,-1666
9009,-4502
18540,-6707
-2365,-298
2474,7229
-293,10543
2300,-9912
4603,8749
1178,-3141
-3886,-2756
6919,-8559
1377,-19377
3181,-8188
-5630,11577
2924,-4380
2207,7265
7970,-8698
-5249,-4005
-12595,4816
-11634,-5835
-1969,-10328
-7949,2248
4955,-4264
-8020,11455
6568,-1655
7530,-5325
-5259,3092
-11154,10292
-7011,9204
-11663,8748
15235,-3710
-4067,2246
-287,198
4574,772
3902,-5522
6797,2901
7750,9444
-11640,11817
14011,7416
4158,-3906
5164,-10230
-3053,813
-7711,-8026
5,-3220
17843,-2256
1365,-6792
8722,6529
-3508,-675
4930,-10919
-1776,895
-7236,-6973
-18283,1458
-2089,4519
2477,-14182
10415,-3176
-6050,-3647
-2795,-6031
-10461,8008
6165,835
-5526,5487
-9596,15521
-7493,-1189
2108,1165
-1181,-4926
6705,-6105
-17542,5638
3797,6583
9859,4745
9978,10965
6652,3223
-2880,5644
-9911,-1069
13986,-700
-7473,-3221
1168,2402
1391,-942
7754,-2914
19602,-4897
11536,-2409
-12660,-6806
1503,6848
-6942,-3913
6390,2566
-686,-608
-8501,-10415
-2585,-9042
8593,-6054
-1985,-14440
-1405,8945
-13042,-2412
697,6896
4008,8957
2250,-2860
-14383,-2947
-12857,1786
-6209,-11367
2505,11994
-149,-1012
1365,4080
-3105,7144
15084,3063
4206,2887
-6939,10550
-8473,-4483
-8069,12111
6823,1383
16022,2382
-4127,-5536
7697,-5394
5937,-6939
5947,7013
10696,427
-7931,6884
-4178,-2410
12503,4290
-251,-9729
2897,-5504
-8236,-16078
-10418,-7129
11337,217
5496,5105
-879,-5325
233,5143
-7446,-11113
-8,6732
-5651,-1085
-18527,-5730
-8979,-210
-283,3695
8759,-3810
5184,10695
-3974,-13492
-6616,5632
-413,10887
595,9990
-4591,10196
-7009,4133
3799,-9121
3207,10793
10625,-8930
-1784,-1274
-3978,-1054
9737,5130
10663,11857
6196,10563
7255,-10650
-11846,-1655
5281,-8389
1453,1967
-5282,-5921
3380,-6329
3798,-8240
6366,3583
18042,-1777
-11403,-4152
-5594,-9874
-8546,3514
-8013,1218
280,8780
-3336,-10938
-9702,-11580
9159,-2528
-5042,547
747,1254
-7696,7316
-6097,-2975
-241,19937
5037,9060
-7678,-3715
-2442,-3593
-8999,-7374
4125,3912
966,16675
9243,-6001
2030,5450
11524,4636
5922,4200
1368,8871
-7302,-7004
-324,-7982
-6322,9175
15848,-1367
2878,-1697
7979,-12707
7094,-13441
1115,4073
-1766,5974
3536,-1241
-15163,-2451
7960,-3810
-5117,1227
-2117,-5089
-914,-14114
-7505,-13783
-6275,508
8417,12778
-9936,5138
8221,1240
-6189,-2945
-6544,1506
-6329,10427
-8908,-2818
-10411,-6521
7214,6536
-2378,2632
13181,12938
3409,-665
3923,-9215
-3129,10722
-645,12216
-5973,6479
5248,6904
2080,-15162
9263,1743
1410,1577
9972,-10217
-1289,-4635
7802,-1464
1736,4141
1665,17777
3610,-9849
3290,-10342
-9823,-9837
1909,-4679
-13383,-1134
2785,-5042
6172,-11976
-427,6065
2922,2588
681,3744
-13414,-8798
1058,-1359
-18667,3012
-8502,12323
1778,-601
-271,-6964
5657,-6823
3440,8385
-10717,1540
6750,11918
-3184,-1347
-538,11265
868,14979
-2169,2469
3780,-9544
7174,-3955
-3996,-11201
3052,16779
4282,47
13021,-1543
10610,3043
3870,1264
-4268,-619
-2743,2430
177,-21588
-2800,3442
-3254,-2177
5178,-1743
4791,-6413
12078,-11663
-565,-7953
-13977,12765
-4129,-3995
-6934,5403
-2960,-5070
81,1529
-13620,-1284
728,-3933
4774,-13505
-7856,3337
1329,6139
-8195,17632
716,3846
12423,6317
-6616,-3705
-8677,8013
-3734,-452
-6340,-2038
13728,-1136
3333,7918
2192,1273
12264,11642
9473,-10837
3771,1955
-2114,4968
-13986,2158
4255,1614
8133,-2819
9088,-16475
-29,4435
1452,-13906
2612,-4933
7141,-471
-3051,-941
-6937,7531
-7524,6436
7834,-15309
-5175,-1146
-4904,-12930
-14446,-2721
-6621,1468
8212,-1571
6631,3035
-8325,10768
2741,-776
-11454,6370
3448,-2835
-7047,3740
-16745,5149
-2048,6038
11700,-710
6283,701
16264,-709
-12188,3551
2280,3457
7156,9799
1565,2506
-1183,9247
910,-590
-2887,-8245
20215,-5428
-1017,-10094
-731,-5585
-2179,7014
8506,-4261
10349,6335
7571,522
-13814,-10583
-3888,-775
-6342,-9572
2800,-8317
-9987,4104
-1601,-9060
-1140,619
12893,2296
2232,-7591
-9765,6246
-18868,1319
-1575,2618
-7836,11803
6675,-868
-10181,-2207
-3042,-370
8312,-6234
5991,6410
-4850,5513
2515,7660
-10738,10828
17573,9183
5056,2086
-5393,-2452
-3699,-7923
-573,-2705
4478,-376
19231,6099
-5784,-4270
10717,1810
8083,-921
5373,-2192
-1445,-639
-11504,-5473
-13401,-8583
11328,6721
2257,-10615
6450,-4593
-4891,-9960
-1185,-10102
446,6465
156,7627
-13335,-3764
-7954,10872
-4636,-7394
5048,3314
-6226,-2477
-5347,-11989
-11875,-600
4603,11510
8764,5264
1121,17762
-1938,-4704
402,3839
-5695,5805
6736,3420
-11038,-1909
-4180,1704
11320,-4054
10475,11099
14643,-2757
7226,-2154
-10196,-7303
8511,7683
-807,4877
-2442,5367
3418,-9535
-4203,-8753
7601,-9546
10591,489
-7911,-15698
97,-29
-2684,-2761
836,9742
6531,7703
-8507,-6676
-10213,-15123
-5605,3023
-7347,-8820
-2902,9670
-3756,-6153
-827,-2968
6676,10659
4625,8854
-2426,-2333
-11967,7675
-6983,-7921
-5029,18351
1715,8244
5182,-3729
1243,-6032
7272,-1626
10560,325
-2440,15453
6239,-5721
-3168,6651
2277,5895
11034,7308
-1032,-5540
-1137,-12590
5070,-17220
-7080,3399
12621,1652
2665,2790
1613,-10003
8636,1235
-2623,-1744
-7771,2964
-2636,-9235
-18952,-10890
1364,-1646
-1067,8631
1334,-6892
4623,-1177
-517,-13158
-7846,6007
-807,16034
-13611,4086
-1832,1228
-4965,5546
1502,-3527
-1663,11890
3412,-10529
-2499,-8484
3913,9503
1268,11510
7935,13963
1222,7425
10628,-12591
-6205,6857
1165,1136
-2714,-4074
506,-4382
7185,-8009
12167,2522
942,8754
17363,-8965
-5263,-7582
-50,-5162
-5890,4723
-10522,5475
-828,-5854
7617,-13182
-7998,-8065
9881,-1205
-9851,-3316
-128,-6899
-192,1481
-7804,6989
-7012,14602
2548,4553
-10990,-13219
4202,-2782
-13566,-395
-5175,4015
1053,8228
8046,-4365
3919,7091
7331,16697
-5918,-358
4357,5193
-5217,-5211
-927,396
-7234,15039
9142,-1921
9605,-9096
14665,-1732
4348,-8849
467,10541
-3303,521
10160,-5234
-6518,4292
3590,2181
-4013,-5335
734,-7347
6794,-22424
-1797,-3847
-11262,1769
7280,4842
-4552,-1056
10436,-182
-4117,-1542
-16434,4668
-6676,-5176
-4400,-4612
-9955,-6227
4265,10423
-9996,1654
9904,4404
10433,-3274
-3374,930
-7824,10542
-8232,13481
-6187,-1725
11539,10606
-2041,-5949
1196,4303
4037,-1194
9204,-9873
7577,-300
2154,12094
-3605,1333
6574,15838
9515,-10789
5986,-4901
-9015,-2838
-4454,-8953
-914,-8010
8233,-159
8628,-10745
-3287,11127
1868,-6207
7323,-3897
-6291,-4574
-6225,-990
-18722,-684
-11198,5681
11216,-10327
-12,535
-1598,-6890
-2027,2441
-8961,-2147
7474,8353
-2888,5452
-15433,13915
1132,5421
-1941,2252
6365,-8137
2752,3120
-12926,-7175
1950,10319
13518,3492
8180,6112
10334,8257
-5514,3391
838,-6538
5987,6237
-780,-12905
-6713,4588
303,-2385
8370,-7082
18932,-1636
5949,-4425
-2873,-11040
-10684,8808
2942,-8014
-1614,6361
-4976,115
-7529,-8763
-3275,-6520
3202,-6208
7726,-12364
-16025,6350
-3242,-2411
-3328,10516
4101,8625
4435,3931
-12273,-1796
-15927,-402
5076,-4215
-8200,5836
6804,1502
-3386,5914
1679,1587
16982,9145
9412,1931
-9215,3322
-1234,2810
-13082,2430
12577,5156
7548,4562
1304,-12564
3455,-2800
10801,-8332
4677,-2096
9513,6957
-11781,-3511
706,1433
2669,6947
8213,-10871
-6539,-3960
-6908,-15126
-9500,-13258
5856,7056
2241,-920
2874,-96
-9891,4017
6040,-6164
-6268,7294
-4784,1890
-15529,-7617
-13613,4112
-409,1623
13919,5033
-4075,3665
8481,-6877
-8506,1144
2995,11271
4185,10739
-7263,9620
-6217,385
9471,1655
-1578,-166
16957,-826
-5274,-9703
-1414,-5402
9505,6384
9588,9885
5239,4444
7841,-503
-11148,-14492
7098,1868
-3925,-3776
-4323,-9075
-3763,-5326
3582,-7183
6388,-653
12604,8666
-6885,-15778
-5889,-1110
-12035,214
-3071,4783
-8896,9619
-2872,-6432
-5458,-13490
2373,6679
2881,-6114
-836,6830
-10145,-165
2750,3975
-5131,17551
6694,14735
-382,-5092
-8181,-1302
498,-10612
1998,8931
-2337,4777
13795,1344
-32,-3194
12552,8258
12279,4539
-3754,4521
-739,-10639
-3829,-2718
-7613,-2367
12458,10079
739,-11282
6262,-11521
9259,-10837
-2177,-247
792,3299
-3205,3955
-10700,-12531
1013,10731
-4102,-2485
-3330,-2222
-2529,-11491
-7133,-15435
-3675,73
-1135,18538
-75,-2553
848,10806
169,-4751
-2878,6913
-8395,10420
-6224,-3178
-5300,-8005
-3147,9668
9612,489
4340,15793
10151,-6541
9112,-5250
-3884,5141
323,13068
-801,4210
-5132,3510
12858,-12066
-313,2909
4950,-4736
9370,-6041
-1358,-15290
4663,82
4380,5755
-7660,11189
10866,-3897
-3864,-9377
-4715,-12947
-4913,4398
-11500,-9910
-2850,-3700
6981,-6561
-5081,1153
6735,10531
-4046,3461
-2070,-11935
-7098,7316
-11653,-204
-13154,13936
1534,4382
1678,-10723
8613,45
-1737,6858
3283,-1712
-2684,11638
7350,-3602
-2794,11976
-1139,17075
2089,-141
7115,-6925
836,-8242
7477,-9429
-10278,9912
11379,-2238
10587,-2381
7957,1431
5295,2372
-1916,890
-8843,-5577
8738,-13513
-15502,-3584
-1144,595
-431,279
4715,-10201
11026,-7989
1362,-3559
-17943,3305
1057,7002
-12489,-1959
1000,1412
-6997,7777
-8768,-3302
-875,-1680
7873,-8312
-6909,-6272
1009,16497
-9240,8595
8764,7845
6357,9197
3335,-3061
-11044,6971
-2342,2521
-697,-11527
8994,5829
1021,-232
8316,4538
4235,6344
20725,-8996
1272,-2189
-5314,6057
-8682,-3751
-1961,5061
5452,-8451
11874,-7380
-10725,-4296
8130,-8653
935,-10064
2996,-901
-565,-522
-12791,10240
-7807,1573
11158,-825
-10206,-9845
-2492,-2744
-16011,-5807
-7417,-738
9575,1861
3512,6304
-6088,4669
4160,12980
-6404,-4892
6429,6707
-8342,1785
-14458,2574
-3022,7445
11147,2074
11686,-6332
10637,9083
-4307,-9556
4004,7530
5522,4797
5836,2085
-6031,7690
-1721,2052
5387,-13398
9887,829
4838,-18771
-4509,-2677
-7182,-1415
12806,-312
5890,3500
2115,4199
-5184,-10819
-13492,1726
824,-11980
-2127,-1021
-15754,-4461
-786,130
-1441,-2627
9445,5279
10474,-3179
-16375,4161
-10179,-349
-3726,11391
-6212,3115
4069,11086
-7791,-5556
-3492,-989
15024,-1110
2886,1277
1635,1254
-3114,12652
-1791,19
13241,18638
8585,-605
-5147,-5265
-2520,-5411
-2017,-7589
9303,-3902
5817,8674
3303,-13099
2657,6346
11730,-2966
7259,-2462
-5012,-454
-14280,-7855
-7530,-8240
-3918,9063
11239,-10348
-4371,-1648
-2697,-12255
2333,-6334
-1224,4871
-3127,7482
-6369,-138
-19220,8943
7348,110
-1862,6941
-2963,-5456
-4243,-6454
-9516,-5417
2319,10504
14950,11184
-6148,9104
8647,1811
-2329,4560
2502,1305
3130,8863
-7620,-8391
-7613,-2514
13437,3242
6560,1117
18936,1859
1326,-5639
606,-13241
577,10994
3041,1891
-6907,1023
-251,-2420
-4489,-14760
9164,-2519
624,-2403
2091,-17912
-11427,-1170
1950,-1414
-478,9200
1090,13503
-5726,-8956
-6198,-7318
-13256,316
3555,-2521
-14316,5007
-7,-4090
887,-1481
4379,12940
8648,8204
3078,2866
-15444,-1943
4025,2419
-11819,11738
4326,10120
4723,-2256
1739,-8881
9470,-2878
13348,5290
-4573,-312
10535,2737
-6745,-2616
5391,8251
6162,10485
880,-8843
-2084,-15499
3324,-10242
-7043,-9729
8027,10692
-1660,-6424
5685,-7264
1516,4261
2309,281
-8518,296
-7274,-2547
-13424,-18495
-5438,9248
-4794,3915
6384,-985
-2462,-3587
7072,-8114
-4942,3812
-6068,19391
-4284,-676
-5930,7952
-4827,1482
7590,7616
-6933,3972
8971,-6501
1784,-12569
-1335,7610
8193,9448
3768,15505
3449,-1989
14688,-146
-7485,-3500
1967,5793
-1654,-7748
-4312,-10092
8763,-7031
5373,5564
2917,-1755
14524,2193
-1943,-18979
-1234,500
-8100,5144
-12693,1921
-1812,-3620
1027,-6837
-2316,-13314
656,10295
-3635,-12638
-429,-3136
-2668,1625
-5382,8333
-6967,16207
-2182,9559
2008,-15226
-5322,5550
-5717,-5241
-5629,7040
-1607,2415
12305,-1491
5789,6210
1699,17475
8803,-1321
-3196,4539
3472,-9242
-3128,5572
-10701,5802
9134,2146
11889,-11776
7593,-4691
13363,-5669
-8025,4535
3563,-5088
5472,1100
-6693,-4158
-1823,10097
-2326,-5016
-3880,-11747
10939,-14771
-9859,-7726
-6689,-1498
-1774,11085
2255,-8196
4752,8037
-1587,2616
-15718,1290
-3852,1886
-7640,-6829
-2676,-5760
-8899,15680
733,-2478
5737,7452
14338,-1418
1620,-1534
-6845,12850
-9657,8942
5198,-622
-1634,10711
8487,-4764
-4460,4127
5904,-4223
13943,-11551
6559,-2308
-3279,5878
5049,4408
-4857,8676
19064,-5690
-188,-3888
-9310,-6580
-4694,-6952
-1503,-10312
1273,-5594
11233,-1316
-13093,1555
9008,514
3411,-2286
-1939,-7312
-10483,4500
-17365,-71
-14032,690
11821,3302
-4033,-6932
2822,792
-6576,2062
2157,-5622
2939,10788
253,7508
-14034,8033
84,15963
1655,-4414
11595,-978
-5018,-271
-1655,-9108
-4412,5962
15856,4300
11243,763
4645,12845
-1215,-3578
6889,-998
-1890,-1106
7254,-8488
-16238,-2124
-1558,-1556
10979,-8152
11875,180
6665,-8943
-309,-4420
-16196,-2959
9224,2242
-8291,1582
-7990,3007
-6924,-4369
-5952,-4913
4922,-7839
7283,-2015
-18154,-7559
-812,8553
-4203,5719
6517,11406
3713,9538
-10217,-1012
-10843,-3727
3835,6401
-4088,-6929
3408,10448
-4502,-887
7786,2184
14963,10290
13094,2062
-3941,-3434
-6889,8133
-4002,-7812
6690,12543
3537,-1667
5126,-9772
-1965,-6954
12743,-6726
9322,-7342
-2022,7468
-3946,-9809
-5305,7371
459,2112
10867,-635
-12140,-9667
-8019,-11313
-4238,-13371
-4887,6128
7525,-1147
-3661,5152
-7966,-3113
9246,7981
-4781,1427
-5870,5745
-10775,-5104
-18589,844
5189,4948
7883,11225
1330,-6080
6943,3847
-1205,-7252
3962,12057
6098,12391
-8598,3527
-1600,1360
3330,7117
8191,-7704
7922,6028
370,-18845
-1794,-7389
6841,5938
8811,6125
7009,3508
-1609,1365
2181,-17253
-4134,6902
-157,-7941
-7169,-8241
-9760,-7900
2507,-5179
8593,1665
1306,7990
6391,-13842
-14765,-570
-5724,-572
-4562,11483
-12239,5679
-4323,-1752
-83,-8436
-5031,3777
13905,620
-7758,2152
-2397,-4333
1294,10969
-1695,12078
4663,18247
5333,-875
-10091,-9225
8088,-2352
-4121,3541
3912,-1097
5562,4328
6662,-9999
9005,9271
14320,8643
-2897,-5747
1782,-5359
-9706,-7239
-782,-3179
-2523,12371
6700,-14153
1285,-12063
7590,-6323
377,-5657
-448,6868
-9559,-1457
-846,-8119
-12833,11984
3069,2758
-6605,-1309
-4400,-9536
-2643,-15647
-4168,4117
-7374,12230
9750,4826
-7791,4838
9654,2664
-2605,9226
-7337,8324
-2451,-2976
-3492,-5793
-7278,1531
14566,11708
-1516,4119
17275,-3062
8723,-5564
242,151
-520,12455
-216,5074
-6255,-7502
11880,1295
-3973,-6525
7436,-764
3344,-8431
4311,-20031
-465,-1102
1401,9571
-6020,1835
5772,7424
-2769,-15271
-1512,-4645
-14022,3073
-4820,-9116
-8031,-6433
2843,-935
15,-2076
-125,18588
528,-2279
5074,-3660
-12816,2367
-3998,6876
-15693,10028
-1740,6935
9566,-10173
2965,4352
2123,770
8465,5096
-4631,-2223
13044,3777
-3514,7404
-4341,16169
7744,1616
4042,-6653
4013,-14549
5416,16
-11610,-6611
10283,3603
9280,-7217
5884,-106
5179,6079
-4196,912
-3571,-12313
2071,-2234
-13253,-14488
-7917,8923
-3622,-2261
6492,-9774
8680,-4356
-697,-698
-10062,-1965
-7533,14405
-2913,-8506
-4072,10622
-9763,7118
-3761,1159
-1349,-2188
7152,-5707
2979,-8756
-10295,17427
1921,3194
6658,12622
6859,4385
8215,4642
-10219,2249
-3983,1661
9182,-11615
-2795,1769
7030,-2515
2574,7455
6344,-3990
21911,-798
3179,-8052
-9863,3326
-3357,-657
-10264,-977
9211,-6468
1927,-531
-7514,-13076
3110,-305
5034,-14445
-315,-3469
-771,5526
-17303,5341
-1930,4708
2636,7192
-239,-13129
-11097,5136
-11031,-7871
-6340,-3053
7760,6518
1784,3570
615,6774
-3988,14910
10717,-5942
-342,9571
-3752,118
-12467,1371
-5402,6961
10633,400
18005,-3426
-842,4060
10124,-9015
-2038,3421
9746,951
5346,3863
-9519,3961
-4520,969
11289,-7066
-358,-6886
12058,-12594
-13427,-8114
-4211,-6290
9104,4609
5334,799
-2524,4021
-1547,-1274
-16560,-6973
6328,-1273
-9995,-3117
-11847,-6734
-8660,5649
3429,-3004
7948,4702
11302,6518
-13483,-5820
-4950,7544
-7352,8598
3306,4104
-6440,13547
-1414,-4383
-1658,-3729
13772,5010
8020,-7566
2752,4161
-8423,4319
10153,2812
3547,15539
13397,2435
-3845,-8250
-6521,-4410
2628,-12371
7507,-421
-3636,-1954
9543,-6174
-5882,-1413
15404,1908
8028,-1857
-9313,-2378
-12119,-9321
-8557,-1473
-9767,213
12145,3923
-10686,-9694
144,-7335
3131,-3223
-332,2652
-2481,6548
-7481,6799
-16793,-853
7469,16635
-1839,1043
661,-1216
-6363,-5783
-3935,-7903
3132,7736
10945,16516
515,-2450
5522,11913
2320,-2148
8596,5644
-2581,5307
-2972,-9711
-7800,-7582
5627,7260
13786,-5547
10081,6589
3673,-14313
5994,-8055
-5413,3867
5028,5513
-7872,-2947
-9932,-592
3206,-13232
322,3047
1179,-8799
3123,-9546
-14897,-11881
2476,5936
746,9307
-5785,12880
1726,-4055
-9871,-2443
-7835,-4096
1527,9929
-13260,-6999
-1673,1626
3349,-306
3150,10563
13724,12082
1358,3373
-4947,-10015
-755,12827
-5424,1882
220,13695
3949,-3116
3672,-11974
11067,-971
8574,4642
5754,-9435
-438,5659
1658,-10001
780,12361
2186,9398
2880,-8588
-2141,-15506
-3923,-9565
2344,-11161
-7713,9989
4746,-10425
1530,-2548
-810,2445
4438,6802
-6485,-47
-13279,-4003
-2773,-12672
-17956,8101
747,5279
1825,4800
-131,-9635
8615,-301
422,3758
-9441,13581
4690,5646
-11782,2434
2675,4230
1621,14842
-372,-3988
6539,-2805
7079,-13935
-3013,-710
9958,14945
-522,6518
11258,-2371
6056,4447
2582,-7924
-5062,7337
28,-8934
-4566,-17373
4280,-1298
-627,548
8663,-264
2421,1472
10570,-18928
-8313,1419
-8592,6512
-11120,-272
-6188,522
-3123,-7525
4187,-4665
-11755,6507
8265,-8549
-4508,-5417
-1454,1569
-3016,11109
-8090,17546
-2887,6835
11124,-3923
-12065,-1946
3057,2480
-9313,2549
1459,-2595
12082,1278
6537,5796
885,11179
14359,8155
-3442,-8790
9115,-1806
-8893,2091
-7492,1014
3013,3350
12848,-11477
6522,-11033
10233,4044
-6494,-9092
5871,-160
-1340,-2627
-1225,-3230
-11736,11652
-1617,-992
-1047,-15539
4194,-5167
-7166,-14924
-7271,4372
-9059,4772
11324,-2610
-2332,7298
-322,9091
-8772,327
-8174,6230
-1097,-10365
-2568,2250
-15771,6783
8062,6294
3146,1064
16532,1986
8337,-1101
-9939,10411
-3134,3581
6170,6297
-4331,-1118
9504,7365
-6495,-4002
6945,-4524
16577,-10782
3527,-6967
-1985,-90
694,10563
-2088,-4777
15761,7256
-1323,-8739
-9142,-5333
-7254,-5400
-2210,-12162
1483,-8884
425,6866
-7120,-8114
3451,10818
6160,-5623
2173,-2850
-14961,4954
-15916,1626
-9292,-873
1215,10502
5564,-9656
-4383,7849
-2712,-3566
9514,-672
994,5521
1114,9791
-7503,6336
-8377,16274
14270,-3307
5651,3398
-2657,-8054
745,-3252
-4714,-4979
13942,5259
15095,730
-4339,7195
7796,-1649
2501,1108
2791,-9243
2248,705
-16468,-12150
-6914,-393
11822,-4063
5504,-4811
9731,-5026
-6849,-2884
-6822,-10555
1370,11904
-4372,-3345
-13246,5763
-8143,1708
-5407,-6488
8469,-2308
-776,-57
-6231,-12714
-10851,12551
4611,2972
5712,14093
1950,12389
-6001,-1490
-4289,-921
-2662,5451
9129,-7029
-9646,7977
2211,-4046
7989,3686
14019,7538
15399,2113
1219,-3886
-13742,678
7923,-3030
-5205,7663
6207,-2509
422,-6271
-2086,-12552
11473,-4652
12003,-5493
-9746,-3406
1736,-2090
-13161,1974
5130,4776
3442,7071
-8828,-13405
-11414,-8615
-1769,-7480
-7704,-2765
7386,8587
-9291,-649
592,-571
2608,14224
5471,918
-8406,5848
-9319,-383
-14522,-6379
3878,13922
3539,6321
10324,-3654
-1894,1797
11634,-6825
3135,8578
4547,12833
-3519,-3020
-3709,5506
104,2292
16322,-383
-3523,-1949
8037,-16897
-3964,-12297
3008,3923
10410,4225
2977,5094
-4956,-5705
8833,-4651
-11413,-1809
3270,-1102
-11417,-10627
-12504,-10527
1447,-1577
5693,6469
-288,250
8907,-335
-14334,-11128
-1314,8106
-7810,12008
-10006,3720
-6425,1331
90,-1791
-860,-2664
11258,12682
-3453,-10488
1677,-207
-1940,8442
5253,12059
1711,17121
5038,3042
-1065,-15744
1899,6034
346,-6110
4072,1407
-1812,-4196
12736,-7262
5417,5714
10485,11103
6028,-10324
-6177,-3156
-5283,-12831
-2645,4597
-11234,2970
8263,-6295
-1229,-15685
2802,-3637
7116,-3674
-7872,5614
-4961,-6728
-2337,2724
-14751,3561
2438,15970
-5745,-3425
-5678,-9156
2670,-10145
-8225,3153
-2680,6763
5352,13497
-1441,-6448
8486,14160
1139,7868
-4520,6147
153,-976
-4606,-7710
-1558,-3017
3747,18560
7223,-6846
12739,1863
11442,-9323
4309,-1136
-2487,10518
-2678,2368
894,-10920
-2499,6008
4568,-9393
-811,3138
3014,-13984
7260,-17764
-4078,-4331
-4226,9520
1093,2536
-6906,6998
7729,-11502
-7891,1988
-13296,-1306
-3941,-2299
-8100,-10886
-2474,74
6017,4617
-8995,13746
11406,1503
2605,455
-5869,-3587
-6018,15502
-11838,5020
-4576,4585
13795,-1948
-1518,-1952
9107,3669
3449,4660
6665,-11984
6693,8197
830,3647
-6692,12019
7618,7457
3696,-12746
8516,-10867
-5606,-732
-1226,-12820
-1230,2981
12215,-8941
3942,-1494
408,10430
-3221,-2558
2508,-8113
-9023,-4019
-3001,-10870
-21049,7751
-1711,-1316
6893,-7228
5140,-1940
-174,-763
-3266,3085
-14438,6503
9110,2
-12372,8450
-6881,9423
-3162,6195
529,-3774
8215,-6341
7738,-2349
-15076,3912
9599,10709
2803,6001
12516,4410
5091,9561
-5657,-1266
-3520,-2356
10645,-4945
-5001,-11763
5549,5494
-3593,-185
13033,-5054
14637,1283
8210,-9021
-11333,-1563
-6741,5329
-7308,-10587
4745,3337
-6099,-4158
-1338,-8663
-6316,-1639
11297,-11496
-123,-6669
-7698,9823
-11561,276
-3535,12863
-629,3915
8160,-1875
-18771,389
-5241,-3071
-2779,-5292
2335,6786
6479,1861
-914,11669
-3431,5830
19783,6394
-2267,65
-552,4091
-10648,-572
-8003,2834
13123,220
14238,1544
-640,-8392
11283,1745
-237,-9496
11195,3270
2328,3048
-11112,-208
-4953,1049
6782,248
3487,-15865
4321,-1085
-12067,-18675
-3886,-3735
3670,4145
6455,1309
-4059,4068
-6932,5776
-5134,-11400
-1538,9069
-6626,-8590
-11737,-1538
-14530,2333
7704,1844
9699,4256
4916,9750
312,-8292
-10429,10509
7,3362
4793,11633
-10900,5641
799,1712
2715,-5267
8200,3570
18074,-7214
-4733,495
-2717,-4483
9208,10525
3413,4968
10871,9078
-1192,-9265
-10496,-9024
8160,-8018
-851,-2921
-1201,-9660
496,1843
-1729,-10987
11030,9066
9311,-15
-10378,-6908
-9951,-4494
-13859,-867
-3302,-1846
-1684,12953
-3392,-14811
-3979,-1879
5095,-1036
3478,881
-1795,8126
-11611,5455
-4375,-544
-4402,21835
9188,1107
-2743,1764
-5167,-8267
1419,-7624
4099,6189
4508,12008
11505,-1434
-5259,7834
14130,-379
6030,8058
-2033,-1299
-2311,-8110
-7004,-10278
-2137,2318
19130,1392
-1263,-2081
10963,-12729
1834,-5612
-1787,-2833
549,9710
-7223,-3797
-15387,-5756
5290,-209
-6343,-2252
5895,-4436
-4639,-7498
-6548,-17344
-3683,10184
2836,11887
-6305,7460
2077,6997
-8902,-6315
348,2522
-7546,10632
-1994,-9768
-8692,752
5607,2327
6632,6820
11384,17268
4145,-3465
5199,-6035
-9200,7865
5906,4386
-7756,8950
3330,-3134
7019,-12876
6987,1058
7923,-1643
11557,-5613
-9236,-7011
9556,-3305
-6220,8517
315,9615
3334,-5691
-4305,-14513
-5278,-12846
3422,-877
-14754,-4048
7190,-1716
-3282,-5534
1124,4081
2819,12802
-4396,1006
-10897,-8661
-3031,280
-17742,-2534
-73,15745
-2158,1269
6731,-8926
5812,2876
4878,5535
-4261,5973
1485,12710
-4700,-7858
1683,13426
-2795,10948
7726,-1697
1748,-6557
9875,-12494
1852,-7204
572,16568
5899,-2839
9259,2902
1903,-1947
9051,499
-10583,671
-569,-7308
-452,-19691
-7120,-929
1867,-2003
3887,5973
195,-8498
14718,-6430
-10003,-4834
-10169,9604
-7645,1642
-12310,-737
97,-5196
-980,6125
-9527,-3469
8385,3569
-831,-13272
-809,3141
-1896,14296
-8859,14414
2827,6524
7265,5413
-2861,-10346
-2053,12435
-4799,-6146
3327,-4189
9299,1146
6362,3718
4984,8228
7274,11393
10486,-16405
1105,3866
-6542,-4090
-7494,1899
-2974,-401
11509,-10017
9152,-11228
-2099,4523
5819,-12103
-2619,639
1361,-7542
-2392,3989
-16787,7436
-3519,4008
4522,-11734
-5849,-6099
2070,-10238
-15686,3935
-4418,-1490
9850,6759
-1134,2187
-2384,14403
-1601,5357
-10480,513
7847,-3647
-9299,2101
-9817,431
1840,13686
9935,-5978
14581,3582
11856,2793
-8933,962
2954,6180
705,3816
4377,-5327
-3529,12703
244,-8493
4298,-5408
15569,-8561
4197,-13727
-2074,732
-8044,5920
9195,-5104
1675,9460
4881,-6960
-12148,-3851
-9803,-4698
-173,-13027
692,-5710
-10916,2634
2730,-2147
-7221,7900
14863,-1248
1673,1082
-15216,2916
-13577,3380
-5754,3124
-5509,4896
12633,2190
-12097,1069
5851,-1246
9714,1583
5480,-443
65,9752
-4436,8782
-9427,6135
18752,9341
1609,-4149
2926,-6541
-5090,-3484
2128,-11665
9154,2972
13063,3768
-4320,-3818
6507,8010
1975,-5838
9158,-5341
-8987,-325
-10365,-13463
-13137,-2793
7328,1476
7742,-9646
3477,2801
-7322,-9086
2001,-4202
-7762,7758
2692,2108
-17643,3943
-11845,6346
1457,-5043
4775,4381
-1060,-5762
607,-4575
-16265,1405
12067,10201
4933,11644
-19,12340
414,660
-3607,1981
196,-1834
11324,3497
-13494,-7435
3974,1647
6902,346
14361,4686
16193,3285
645,-4029
-9282,-9622
5140,8240
-5073,-5057
2228,4327
-4986,-8468
417,-13239
8636,-2978
9047,-3210
-5118,-12710
-7013,6268
-7689,-6267
2573,14010
-2286,6458
-3814,-9091
-13476,-8497
-3797,-2622
328,-6270
-4549,12975
-2488,-6585
632,7245
1187,10278
12818,9073
-7577,1680
-10942,770
-3766,-6146
-5828,14445
9102,2867
7849,2433
-1276,-9074
16148,1587
5975,1870
1148,9058
3010,-2307
-10682,1639
5197,1075
10127,8396
-1525,-14088
4664,-9327
-1760,-18052
-653,186
9946,7486
-3262,533
125,-6944
852,5443
-3068,-8571
-4255,7093
-10006,-13665
-13277,-11863
-1706,3733
1594,6470
5965,97
-955,4782
636,-14512
-6840,13972
-4871,10239
-7450,4443
-8581,2490
-1128,277
8201,493
-68,11554
11031,-12697
-3319,-1186
1653,3527
7405,15283
556,12925
3064,2050
8526,-10958
-7792,485
9861,-3635
-4090,-2095
-55,-12578
9598,-1814
5314,1604
5785,9067
11556,-4236
-11679,-12499
1118,-6221
-11751,5084
-8265,-2458
-557,529
1496,-16679
-741,-3996
8022,5488
-8918,-4108
313,-1598
-9479,3351
-5281,3440
-7736,22191
380,-1937
-4373,-10388
1980,-2188
-5693,-3201
936,9859
-2550,8341
12142,-5158
-341,14598
8019,10338
-785,3681
-1264,-209
-929,-12376
588,1033
-7065,10053
16953,-2382
4042,-4843
16029,-7829
5868,-1294
-5238,6648
-1705,-2034
2363,-5477
-11352,-2970
8385,3148
-8886,-3639
5799,-12742
5633,-15040
-5094,-7317
-6619,7355
615,9866
-8538,-3697
9778,4334
-11069,-1370
-8479,2088
-7777,428
-3851,-12481
-4110,-1504
2439,13702
-4814,3048
11827,12340
4583,-5097
3101,193
-11891,14554
-5269,4555
-3606,74
8113,4663
5085,-8595
4902,10067
4078,-4832
15714,-9140
-574,705
4299,5898
-6220,7196
331,9080
11309,-14617
2703,-4827
-8172,-9119
2281,-5559
-7969,-8803
12126,-3909
3211,-2112
-7069,9967
3076,-847
-32,-2627
-7625,-11250
-4005,3039
-24051,-2768
-3051,5076
7240,-4750
2491,-2580
3352,2570
-4731,6959
-6118,-3704
6495,12687
-8767,-295
-8171,15385
-3432,7801
4345,-5151
10963,-5125
3417,355
-5286,-6988
1710,16183
10040,-3273
11794,8515
1514,8110
-1008,-1260
-908,-4689
4107,-3834
4153,-16849
-9206,7266
653,-6980
11456,-611
10492,-3434
10129,-4486
-9674,-4234
-14150,3859
3031,-8484
-8508,4727
-3623,-5120
-5286,148
-6738,-8486
12090,-3806
3095,-7266
-14364,5611
-3090,5713
-9969,11475
6550,4459
3587,9506
-13572,-7193
-6217,3156
2686,-5423
-252,353
9208,7348
-5865,7012
6601,3037
13973,13649
8560,-7242
-5028,6449
-8025,-1851
-7001,-3808
11706,4656
7341,-1843
6942,-10375
-512,2797
12364,-14272
5288,3116
527,1480
-10408,-3178
-7669,3934
1000,-98
11656,-10629
-10791,-2899
-2216,-17821
-9322,-4112
2356,2319
6611,4190
-5777,5582
-10635,4296
6316,-1036
-10293,4388
2007,-2806
-16964,-1383
-12653,-1735
7438,7439
11517,5406
2291,4363
8575,1301
-11994,-321
9085,8524
-434,11298
-6309,-40
-3698,5216
6421,-3868
7875,-3366
18263,1345
-5908,-13202
2394,-2602
1640,7991
10955,2191
1801,10020
340,-6764
-7898,-14515
3860,606
-1778,-11395
-678,-6060
-11435,-3069
7326,-7700
2796,8789
9676,4482
-5646,-9418
-14211,447
-11094,-4348
-875,7032
-12771,6540
4359,-5868
-8532,-4726
7230,2867
9352,1711
-4566,7152
-8037,-50
88,8929
-8393,12065
14736,13356
-4905,-3806
-2317,-8559
4820,-5827
3013,3007
4979,4152
10145,5781
-4289,-6564
15979,11264
5067,2756
861,-3135
-5027,-7876
-7242,-11884
-2476,-3131
10184,10558
1286,-14572
7357,-3750
927,-10112
3432,-950
-5758,8648
-7349,-2623
-12501,-8731
-4991,10042
551,-6097
488,4170
-5887,-13257
644,-11853
-8288,6465
2888,15484
-331,5499
-6074,10560
2781,-5940
-1759,10731
-6907,2843
2951,-2382
-10556,-8303
4536,5269
12064,7431
4126,13590
13786,-5002
3923,-1983
-5056,-2852
5246,14087
-8178,-1866
-325,-2573
8767,-9432
1345,-2850
11742,-1935
5471,-3582
-2693,-19702
2836,6443
-4519,1859
-3675,11251
1590,-1293
-5260,-15713
-2138,-9712
-6162,4058
-5744,-12382
-3792,4535
1126,-8996
492,8413
322,15954
-1117,1395
-3855,-7238
-11160,3360
-4801,-3247
-11880,18522
2922,-2087
8426,-4605
4712,1148
7705,7009
3481,4467
-5803,6867
8984,-5707
-8158,12756
1345,8325
6718,3540
2442,-13729
8998,-10972
6145,-6539
-8383,5965
13264,537
848,-1291
6764,-3871
3293,9149
-7233,-5914
-4147,-6342
1463,-15281
-13498,-9089
2116,6119
-4691,2720
7915,-10047
6445,1454
-1902,-7142
-13457,10322
-6675,6469
-11031,-6766
-1,4493
-8145,6038
1061,-1686
-1233,5181
10904,-14152
-2072,1800
-3215,16123
-4095,9184
4728,10933
3061,2666
9443,-4032
-12772,8021
4789,-6216
2210,-7932
5914,-1415
7535,1790
4566,9563
2949,2958
21219,-7725
-7439,-4670
-1631,-840
-11570,395
-5443,-4877
9109,-7727
6902,-6354
-7229,-4325
10226,-811
-6293,-10425
5547,-2645
-8488,6210
-15250,5170
-6468,7480
5220,-3799
-5039,-12651
617,3400
-15981,-6314
891,2029
3769,6922
5698,2525
-5342,15153
63,11437
-1412,-6596
5269,6274
-7585,-6017
-5886,4236
-6440,8100
18549,-3834
11891,321
9466,5444
447,-5690
-1061,8363
3532,-4419
6695,1633
-13879,3895
4679,-1945
2339,-9591
11090,-7682
9156,-14846
-9436,-63
-7040,-2577
10045,5079
-3822,-456
5420,4765
-13053,-5369
-11337,-4658
3489,-8948
-4847,-4337
-10639,-3866
-1008,9936
-4567,-3200
15641,10265
3071,653
-12329,1603
-11041,6069
-6121,4750
-250,-328
3949,13679
-5384,-9098
5263,5653
11699,-1917
11300,-2266
-1473,7186
-6031,8005
-159,517
8166,16285
10012,-9903
-1413,-1694
-6738,-10203
7036,-10469
5393,-2230
6209,3229
2650,-6346
-5443,8859
11754,-7027
5054,1196
-11500,-7629
-9539,-6647
-14901,-7264
306,3155
12746,-4556
-7821,649
1152,-8318
-211,2608
-3758,-553
781,11947
-15841,254
-15177,6641
7182,4219
-124,1922
5935,-4607
-4618,-269
-6412,-9383
7833,17097
9127,7997
-1103,9146
2946,6552
-2717,-1862
8477,-1036
1324,5519
-3248,-16482
-5789,3398
9805,-2568
14185,2515
12921,5083
301,-8522
-883,-9453
-6517,7409
5570,-6087
-10805,4681
-5071,-9482
744,-10111
4996,-1772
6432,-4285
1249,-10322
-18311,64
3816,-584
-6424,14977
-687,6909
-3693,-2034
-12107,-8933
-4588,-1666
6304,894
-13138,2435
5505,161
-4398,5567
8052,9159
11425,16007
-1885,-1985
-10456,-2643
903,1917
-8709,3232
11556,9860
829,-1969
7395,-12465
10334,4954
12539,-1304
100,1917
1438,2295
-9383,-8616
5178,9113
1002,5703
6729,-13543
-6083,-10209
3407,-17334
-1808,-4111
2618,10733
-1593,-6349
10,124
-6062,2912
7464,387
-13974,3712
-5775,-10249
-12071,-12399
-7960,6424
3391,5584
6107,6643
-4686,-3369
11875,-2419
-10377,7248
-233,13508
-5699,4422
-10220,611
1254,1394
8552,8812
-1178,-738
15932,-2427
-3680,-12913
5544,4418
5251,15218
1247,8115
3623,-112
7358,-2711
-4547,-10502
6536,7118
-5604,-13689
1554,-12524
2032,-2204
6607,1164
4006,6327
6614,2060
-3166,-20865
-4918,4267
-12433,-1043
-6654,2215
-9812,-1903
4417,-11281
-534,-3997
801,10761
2067,-8923
-4704,3205
-6669,-2240
-1344,13270
-13576,16523
4199,5295
291,-10653
-3293,-507
4113,-3134
-4487,9931
866,-1998
14336,4452
-1260,4691
9260,17056
4107,2037
-3462,-5013
5687,-10572
-5923,1589
-5153,-248
11114,6811
6246,-16738
13526,-2253
6704,-1188
-6091,461
649,-1516
-3794,-3978
-6408,-8495
-4024,14802
-4161,-10706
2458,-7703
4276,-13902
-3745,-8749
-7279,7795
-5922,10750
2583,-6276
-2045,13178
-2170,-2117
-9755,7858
-8135,-1630
715,-10524
-3521,-1681
-5698,13503
7417,3362
2174,11991
16145,-6046
3310,5189
-11080,7564
-2318,7087
-511,-2670
360,1514
13160,-2777
-5366,4661
12553,-7681
13227,-6168
1922,-9521
645,9471
-4383,4982
-5155,2856
15744,-4887
-5343,-8645
-3166,-8763
-6155,-1612
-2022,-17780
4405,199
3017,-68
-9860,4758
4625,8531
-1827,-5504
870,-7824
-15328,7682
-14314,-6165
-10337,7365
8132,-1096
4204,-4419
2086,9037
-4377,2468
6651,-1584
-3241,10804
3281,1000
-14597,14726
-2280,8632
9483,-4935
9905,-2654
1066,-5020
3935,-4197
-8185,5241
20186,-304
5639,5893
951,6156
1132,941
24,-5127
1406,-9390
7509,-8338
-19826,-5682
4370,-1140
5151,-2541
11901,-5379
6949,321
-8062,-4081
-14367,-2747
4278,3746
-12764,-5133
-3512,4770
-12344,426
218,-8484
7803,435
6011,-4843
-12312,-1874
-5151,14980
-5736,2433
9345,13917
-2670,8784
-3077,-4564
-10270,2106
6797,-2937
4320,-6094
1549,11303
-1537,-1983
9760,8720
9226,7211
18962,-1466
-10109,-64
-6971,-1166
-1747,-7251
2689,5638
7874,-6662
5171,-3824
-5682,-8531
19138,-4849
1601,-4767
-1798,1729
-8531,-2658
-13480,3596
2590,-320
8328,1371
-13174,-13983
-1395,-5593
-9592,-10862
2153,3249
5180,7580
-8043,4668
-6385,3127
4677,11576
-3192,-4980
-564,8866
-15688,-7797
-9388,-1265
4639,9522
12017,5752
6728,366
3260,7603
1509,-10013
5780,15317
773,4204
-3145,1085
-8885,2290
7223,-1360
12848,-5731
7016,2728
4853,-20440
-4047,-979
2056,7
12351,8055
-4217,3900
-1535,-2839
-1560,-12835
-6413,558
5814,-10812
-9948,-4328
-11531,-11495
6134,3210
1588,3167
6785,9183
423,-5547
-18509,-3254
-2584,585
-7560,11434
-9148,-877
-1103,5629
-3659,-10118
6387,6361
13374,5888
-4764,-658
-1145,928
-4831,10932
1886,6069
5380,21872
2093,-9095
-2380,-8328
5339,-3593
3980,-3122
6940,2264
284,2883
8012,-10786
4323,15090
11809,564
-44,-2985
-7892,-9532
-6485,-13152
-1814,-1568
-3605,7644
10858,-12496
-5033,-4697
7538,-9348
2868,3315
-7793,4473
-7649,-1364
-9015,-4593
-14555,7351
9101,4881
-8928,1382
1099,-12981
-340,-6182
-5252,1038
955,16824
3783,8920
-8953,2368
10772,6596
-5541,7366
1433,2284
-2162,417
-3649,-15168
475,4772
12420,11574
3892,2373
16379,2329
2178,-8247
4791,-2731
-5127,14190
-1011,-6194
-6059,-5308
5106,-4123
2526,-8401
8285,4104
1149,-11028
6900,-17574
-9450,3139
2060,4567
-8640,9594
-2615,2412
-733,-14926
-4500,-2043
-10688,-819
2152,-5055
-13864,-4213
7414,-2481
-1725,9084
-1367,16702
4607,3368
-1280,-2841
-11024,-3136
941,9201
-17632,6560
7104,3466
6927,-4841
6445,-924
9434,8263
5766,5037
-2450,-5850
10143,5518
-9435,890
2191,14055
1945,2183
6984,-16376
6265,-10765
3948,-3986
-5500,-6434
6591,8021
2402,-11845
6796,3425
-4352,8465
-889,-3888
-7089,-8010
-2005,-10364
-8579,-13956
-9585,13171
-2479,-4036
9409,-2034
757,-2137
5562,755
-13830,6903
-8850,8686
-1551,-7105
-8850,9397
-4945,3451
2231,8044
-2767,-4849
17175,-5479
-256,-3520
-6041,13810
3631,9237
319,9557
8432,-914
7819,7455
-11106,-4813
5433,951
3964,-14329
2676,-5710
7333,3678
-772,6393
8434,-3140
15683,2323
-1262,-15432
-6843,6657
-11985,-3808
-6045,-7223
4955,-3924
731,-4552
-2257,-7235
-21,6263
5138,-17782
87,3701
-9568,4050
-12851,7269
-8751,9181
2883,577
4041,-10354
-11582,7070
-3454,-9643
-2900,4543
4700,1691
8588,7867
-5817,12367
-913,12343
11524,-3300
-3459,3565
2618,-5779
-11774,5070
-4772,-1362
18044,2655
12547,-4584
5062,3034
8551,-2098
-6367,-819
11500,-3232
-1813,3891
-11559,-4547
-2309,5910
5077,-12252
6820,-9589
9683,-7956
-14175,-9161
-1912,-1335
877,7573
4077,-4342
-5127,12799
-8444,-4330
-10447,-5301
2850,-1192
-6285,-8742
-7214,-1023
-12046,9689
9052,-3302
7114,13760
9056,2362
-8290,774
-10835,7927
-3184,1782
5359,3936
-8363,9292
6741,-5288
-1965,2684
17634,-2625
14024,-2478
-3150,2441
-5748,3090
5718,4958
-1059,7676
17479,-755
-9594,-6629
-2987,-12162
5727,-7965
4137,-7210
1089,-921
2960,182
-10212,-2363
16549,5338
-466,-1720
-6995,-7789
-15404,-2542
-11847,-8652
-3451,1727
9044,5943
-8312,-9168
3054,2510
-1709,-760
6312,1205
-6940,13110
-9912,781
-14325,4218
3992,13938
5348,-3758
5268,3138
-7090,-7504
5524,-6941
233,11693
14037,9372
291,4487
-1629,9260
5735,-5064
8191,5049
-3064,-4045
3365,-10697
-14210,-7236
11198,779
13781,869
6047,3234
4927,-10492
-1145,-4368
-8003,-2766
7120,6101
-17460,-5770
-6421,-4133
-490,-6623
1893,-2034
7531,-3316
-1206,-5080
-14974,-11841
2639,13436
-6283,7226
-491,12905
-5543,1530
-8050,-8140
-1791,-35
2698,7196
-6057,-9252
-633,8945
86,-2341
11324,14312
8283,15178
4698,-2074
-6339,-5866
-3683,5602
1298,-3647
425,14113
3116,-10167
9396,-7553
5798,-578
16317,1265
2313,-3955
-6490,200
619,-10191
-5790,12403
1967,1336
5134,-4672
-9530,-18672
3735,-10433
-127,-5778
-6489,6605
4685,-4033
-7737,1528
-1172,851
4815,14080
-11345,-4963
-6923,-3320
-8626,-11006
-12112,3171
6154,11285
195,6323
4203,-8208
7560,8642
-461,-783
-2012,17074
-2980,3522
-8671,-4074
2495,6390
2854,9508
8740,-5407
5787,1042
7920,-20633
2011,5016
3726,12152
3100,4133
3240,312
1318,-2321
6281,-8906
-7773,6914
3013,-17455
-4052,-12319
-1895,-5741
5810,3928
2669,6059
154,-246
8649,-14200
-15837,1864
-4833,1673
-12393,5247
-10522,-6731
2606,-3565
860,-1100
-4223,7074
11324,-552
-9374,-4905
2284,921
-6553,17715
-8378,10762
1338,11024
5462,-7895
-3880,-5650
7559,6083
-7064,-1172
8268,-2806
6327,4911
7698,76
2867,18966
8175,2997
-50,-12380
4442,-3384
-8762,-6118
-1381,937
-2281,3358
15666,-17249
4898,-2397
6681,1077
-2321,-4384
-2651,1145
-5152,-8829
-2307,-931
-18219,10909
4331,-3803
-3724,-8921
4368,-11088
-643,-7325
-10554,8124
-6338,5145
8804,3480
-9520,5900
5632,10017
-12132,5959
-4273,-2178
3554,-7276
-4111,-2032
-7101,7022
9668,12823
1410,-1513
21954,4027
1998,1726
-5348,4281
-3428,7338
1441,-4074
-91,-5188
7688,8076
-4361,-8297
13233,-878
10064,-11777
8097,-11126
-6746,7457
-4167,5142
-2631,-3103
7205,5372
-1642,-14455
-6030,-259
-11440,-7528
5271,-14230
-3714,-3306
712,3984
-5790,2427
-3021,13852
7060,-7346
847,1833
-18813,849
-7707,2759
-13889,962
6953,3456
8931,-2399
-4586,9086
4395,-245
8776,4619
-1272,-1185
5906,11710
-15287,5910
-2740,9984
13526,-1527
6136,-5019
5081,-7798
273,107
-3223,-10547
16682,8645
5553,-2256
-1033,6411
452,3769
299,-7033
4930,-10706
-2246,-1967
-14065,-16929
-5439,6474
6045,-7560
11469,-2148
2171,2257
-6612,-3517
-7741,-3963
-4952,8916
-2401,-8246
-14930,11665
-10496,-2187
3422,-1775
5356,-664
7203,-2017
-5066,-3461
-13563,12847
8287,2802
1817,17261
777,5262
-760,3662
-8543,-4273
7577,-613
10278,-5959
-8301,3112
7030,-797
3387,7607
15053,1079
16294,7217
-6783,-9062
-9183,-1178
1966,-4429
-4413,-2323
9048,-1832
-4741,-4476
1396,-14244
11483,3434
7441,-10816
-6415,997
-9007,1071
-14440,-1674
3936,7482
-1173,4140
-3465,-14716
-12382,-324
-348,-12696
15,3409
2013,9872
-6093,1306
-2622,8064
-647,12142
11720,-624
-11233,8300
-6537,-8440
-9312,-1377
2279,8300
13170,5132
9130,1939
-2394,653
16184,-3933
-1876,8463
7381,3578
-5956,927
-10099,-2845
6027,852
13972,-1616
-116,-7302
11130,-12441
-10461,-11228
6929,433
5504,10489
-3399,-1095
-5518,-404
245,-5075
-7959,-6915
5840,1212
-15430,-12975
-6976,-9670
-2838,6591
7535,2794
2538,10222
1594,1175
-12057,-10229
-2517,11670
-8929,5707
-2943,3025
-11483,4415
5909,-6897
4634,5514
12338,9464
3486,-8134
-2388,4087
-3970,3388
9505,12764
-4851,14742
9592,-4161
-3017,-11506
2849,-2881
9128,-6037
1775,1312
-2097,-7945
12021,-1658
-2895,4777
15271,8767
-1438,-5808
-9564,-11661
-4248,-10852
-6733,1115
-6875,-880
8165,2
-7366,-15864
9192,909
1713,3361
-5732,1824
-7386,305
-10211,-228
-11415,2137
3050,19952
-5455,-7917
2484,-5065
-1234,-7322
1125,389
-817,14943
2461,10402
57,-4306
3854,17019
2633,1208
2428,7984
-4877,-6183
3168,-13850
-2674,286
6747,12445
11886,-2920
6668,3951
10616,-13435
4751,3634
-8972,4441
1827,-1340
-8602,-10942
-2414,-2159
7645,-5211
-2791,3360
6759,-15049
4769,-10266
-9919,-7466
542,14284
-8772,5551
-7004,2787
4368,-6450
-10304,-845
-5030,-1524
-3001,2909
-8117,-16008
3293,7035
450,7375
-1722,15191
8424,8827
-490,-4150
-1607,-4057
-7285,16058
-7565,-3426
266,7986
9111,-7242
8114,-1676
8382,9572
5888,895
8084,-9999
-1018,6388
1634,-3502
-7452,16276
2009,-1201
9017,-14069
3061,-11218
-319,-5218
1696,-7432
-6973,2460
12349,-11053
-2456,6259
-4382,6296
-23,3077
-6367,-10056
-5645,-9456
-2989,-7097
-21616,6317
4817,741
2815,56
5479,-4988
4026,10055
-8518,3621
-9183,5861
4530,1346
-13778,2022
-52,10655
-4380,9012
7198,-9902
12437,98
6250,-6776
-6705,7309
4884,13627
1132,-231
12654,4776
-1063,7488
264,-7229
-3451,1039
9358,-16254
1045,-10809
661,6403
-1224,-1153
11480,760
6310,-771
10434,-11025
-17605,4220
-8460,-3034
-5828,-8041
-2097,-1297
-1326,-5069
-875,-193
-7888,-874
16994,-8553
-6793,-1121
-6468,6113
-12161,9627
-9772,8841
3941,2359
6783,313
-15739,-2729
4244,1068
-5244,-4009
9427,1467
5928,10290
-3702,8992
881,9990
14856,5703
-986,-8321
3656,4547
-14744,-4408
66,-2852
10769,3058
14841,-6075
3305,-1479
5806,3829
700,-12765
8916,4839
-6040,-3339
-7914,-1731
-12809,4323
8526,-8233
5965,-11273
1349,-2406
-7358,-16111
-5985,3951
-1264,861
9152,4652
-14132,8661
-4447,3235
-6003,-4785
-2432,2232
758,-9268
-12062,3085
-12652,469
14150,8359
4344,5373
11885,9062
-3092,250
-11343,4797
4489,2303
1792,7689
-7861,-1639
5052,6558
-348,-8574
18699,1697
14952,-3559
-3592,-4529
-2914,735
1668,7722
3774,-1869
8516,11352
-7047,-15461
-3807,-8145
3076,-8149
4509,-9968
-1444,-3182
-5699,2703
-1015,-8294
6257,15436
5186,-5441
-7329,-1998
-18844,-4448
-8177,-5440
-3594,1810
-1331,9027
2047,-9803
-6449,6599
7594,-3241
8644,8003
-8293,5989
-6681,5012
-10006,3151
-2768,14192
15724,1134
-3601,1916
806,-12370
5801,-1118
2270,183
12185,12720
3136,1547
-6324,3603
13733,1949
2033,2783
2808,-8633
-4004,-5155
-9990,-18510
4594,4887
13179,1332
1816,-3259
6874,-4513
-4854,-6444
798,-4256
-4839,12277
-10515,-11933
-14247,-9
-1242,-2323
2276,-2801
6245,2203
-5095,-7650
-2890,-11869
-8847,15537
4806,6901
-6159,15209
-5072,3103
-2535,-5508
-256,3856
-1098,4256
5015,-7370
-12227,2259
11058,-670
7410,14940
9228,11665
8440,-203
-2604,-6883
-6508,242
8916,3316
-11000,3060
8436,-7612
3370,-7204
7947,-5255
13839,4559
4441,-6455
-9359,-8965
3649,28
-12497,3430
4185,7813
-3681,-2692
-3605,-21213
-2066,-5485
1483,-3513
-7925,-1827
2276,4977
-8414,-6082
3588,9465
-3269,16413
-109,-3960
-11948,-2361
-5337,-6868
-8857,-1222
364,18013
1450,-1007
10462,-2187
957,5015
12939,3733
-5987,12014
-613,3502
-2849,-7187
-3132,9631
3121,4972
12154,1071
-1305,-10389
17171,-13950
-2269,-2352
2489,9969
5089,2552
-1057,-767
1480,-5149
6804,3004
-12709,-5538
5655,-8058
-8025,-18781
-3354,-6165
2354,7341
-194,5527
1624,-4360
7861,-909
-12844,-8285
-5255,13451
-14561,528
-7344,-6015
-2133,900
940,2607
-663,3084
7315,8287
748,-15721
1649,9297
-7603,12556
-1864,12715
-2882,9483
7990,-3786
2579,-8135
-988,10524
2828,-10477
5255,-320
4126,-4108
12316,5640
-2301,12460
8556,5252
7814,-14032
-4723,-3041
-2238,-8864
-8187,4255
-5496,-7683
15818,-7096
1099,-8848
3408,4523
3090,-3087
-8302,-2917
960,-7878
-9103,6572
-17731,2360
564,9702
-1711,-14029
2713,-6938
1532,-2380
-12695,2988
-423,4285
3525,9316
-1017,-1300
-867,22368
-5582,1480
-1645,-843
4476,-4448
-3629,-5339
-3759,4990
639,14015
14445,-8676
13320,9780
8337,-2528
-2832,4398
-4777,4027
2896,-5919
2606,-5702
-6373,7725
6309,-9571
2488,-497
14828,-15711
7847,-7723
-10570,1147
-5654,5329
1770,-1432
-4432,3420
6950,-6564
-16235,329
-6419,-10233
3575,-7094
-4062,-9418
-4011,6619
-2113,6747
-8068,7632
16418,2955
-4234,2204
-10836,-1313
-12135,9825
-7438,-5218
3126,5153
10078,3766
-5967,632
10361,6201
6697,748
10556,-4692
-3546,14478
-7126,671
-5691,8329
12738,3446
7398,-10747
4880,-3286
-5888,-6173
8566,-12665
3655,5886
11500,-3332
-5699,4638
-2838,5854
4351,-8222
4845,-5331
-10879,-6886
-5643,-11743
-18588,335
11199,-3624
7515,-327
-1315,2321
-3343,-1831
-3942,571
-8412,2498
4807,3731
-24052,3935
-5534,3636
1796,1970
7428,-2182
7688,14
-1910,-843
-12531,829
13349,14337
-866,7572
5131,9876
-4633,5386
-1079,-7191
6613,-661
10031,-2884
-7269,-10322
3596,7021
3062,-2903
19359,5202
7981,6000
921,-10112
-11709,-4318
-363,-271
-1041,-9739
-1133,5473
-7061,-11739
5129,-7354
2724,-361
14537,-5972
-9437,-3334
-13009,3362
-7061,-2984
-3340,14500
-1672,1118
-301,-3386
-17713,-8206
6676,-3686
19,-173
-2074,8789
-106,1756
-5378,10448
3947,7888
14793,12726
-11282,-4016
-2959,-681
-7642,-5380
943,5223
13872,6663
5315,1070
2693,-8009
14902,7110
3386,-4997
5871,9051
-7576,-4033
-9126,-5782
3201,3474
8954,993
4033,-14304
1515,-4596
-2848,-21797
3151,5899
1080,6565
-1453,-359
-8998,266
-2866,657
874,-7092
-6533,7299
-7311,-18382
-10725,-4252
-5890,2286
10730,9572
995,7878
-722,3651
1205,-7853
-10369,12888
652,4264
-6593,7897
-11767,-4273
7828,2581
6451,2129
8939,7898
13024,-6467
-7599,-2888
4930,1353
4306,17829
-2156,3626
5870,4074
434,-14863
4,-5125
11421,-1528
-4364,-7424
2460,-11380
2367,2892
4004,-2948
6612,16445
1790,-7668
-9401,-13670
-5128,-4452
-10746,-1671
-3616,-545
-5674,3062
3674,-18281
409,7192
5539,3950
-2478,1116
-8087,1768
-10115,-881
-3963,6796
-10035,20505
7446,-5374
-4182,-3805
3707,-8150
4709,2501
-1536,10686
1592,6226
8903,-385
-5384,11445
14102,7982
-3361,5623
-28,-11202
3027,-10389
-2959,-4750
1350,8065
14957,1974
-55,-7666
17773,-5449
-1187,1754
-3591,-445
-4072,2164
-6463,-14042
-7853,-3905
5126,5542
-6507,-6236
9625,-7351
-1126,-12252
-1038,-8621
-9040,17280
-4154,5352
-7624,601
1770,4791
-7502,-4613
-2819,6896
-8878,-1410
4209,-14567
-6325,5516
5157,9814
329,12224
6131,12457
7053,-7652
2532,2757
-12997,8491
3158,1481
-8250,-173
11899,-4705
8731,-2075
3897,7936
10261,-3768
11242,-6526
-5277,-5697
6645,6631
-14965,6651
2772,1214
7653,-11180
113,-12181
-1144,-6354
133,-2128
-8310,-12038
12006,1371
-6715,-713
-3249,10800
-3031,7100
-2624,-9810
-4930,-8906
-6974,2267
-18439,-4901
445,11690
2983,-6224
10074,560
-715,11500
-1087,4344
-4647,2072
1086,7430
-5071,-4881
-7162,18841
-3384,2179
13677,-4480
7273,-4707
11289,-4393
-3638,824
-1470,12213
11357,-5173
5359,9271
-1292,1139
3468,1491
-7400,-8778
10906,-11628
1667,-13906
-9592,2800
3820,-1922
4802,3021
8242,-7286
9449,2385
-18133,-5815
-9030,2827
-4081,-7138
-8206,-3329
-490,1
-7664,3817
-1509,-7869
13592,4431
-952,-10025
-7958,10857
-10814,10295
-7850,6291
6441,7201
1441,5566
-5708,-8182
-3403,8778
4891,-12684
8117,3347
3407,7801
-692,6405
3604,9357
10571,7355
12110,-10661
-8447,6742
-6689,-10786
-2460,-1554
6193,-2112
14312,-3931
2693,-3502
-1606,1363
13761,-11196
-2293,2753
-524,-5420
-13192,3004
-15276,-1811
6826,-445
6818,-9224
-7011,-5361
1010,-9701
-13422,-1293
5857,515
3008,12116
-11298,2351
-6857,11203
-57,-933
-3891,-1430
5211,-124
-17287,-3274
-4713,-1109
6607,13540
13389,-421
7065,12654
2065,1451
-6841,-2097
7198,8429
-1690,1885
-1231,-2441
-7853,6993
10803,-11333
12375,2023
15190,-3814
-585,-11049
-4390,1418
-1490,2226
11020,1954
-7058,8633
1902,-12073
-9780,-8121
2438,-7631
5620,-9708
-5877,-3598
-11105,-2790
6412,335
-4152,9790
13467,3453
-11400,-1640
-16196,-5679
-6405,-488
-3899,3418
-6072,3987
5718,1527
-10349,-3455
15985,5754
6630,7225
-2033,1312
-7797,6883
-6099,3847
-2533,8239
14870,13367
-4109,-9701
5405,-6647
1882,-4665
10631,-3918
5078,10269
4077,842
-3689,-4081
9350,11941
4726,-5031
3907,-2839
-12389,-11100
-1876,-17260
-4748,1772
10160,4167
3806,-7738
-653,714
366,-10540
3376,4373
-12537,4930
-3711,-4360
-20594,-4082
-3043,3525
6019,118
-442,4433
-305,-11396
557,-3439
-10684,4491
9894,18026
-8296,8664
-4282,5381
2551,-398
-1442,4567
2924,363
4052,-471
-10129,-13639
11152,9359
6892,7916
10388,10521
8956,1209
-533,-8736
-1813,-4117
2341,11028
-7005,-11021
1445,54
1639,-12612
9539,-3335
8555,4498
4955,-7697
-4294,-14359
-6022,6348
-4599,-2634
-5021,15865
-5558,-6448
174,-14257
-6758,-6000
1049,231
-2410,-4787
-8521,5453
2498,-7333
-2334,16821
-1851,12442
4746,5659
-11405,-7896
-4573,-2506
-2108,324
-9387,13920
9943,-1220
5814,871
5969,-2575
14185,13966
-2169,1912
-1033,2653
2434,-5118
-9260,3974
6915,7511
4357,3054
5354,-20334
11346,-5162
2016,-10699
-1270,7633
4494,3637
-3434,-6686
3902,-742
-2886,8030
-3242,-10560
-5173,-1762
-2556,-22871
-6801,-5075
-2809,9817
-824,3000
5444,-1531
-227,2091
1702,-6436
-15771,16547
-7268,-1384
-7150,-3438
-5592,1641
1118,5268
3971,5689
129,3958
16603,-12104
-6099,6260
-640,10362
-2069,15157
-2489,4057
8089,-807
7278,-3525
-8219,2083
12349,-5399
-1882,-8842
9176,-7627
6279,9633
-573,5324
5761,5706
11722,-8713
-8084,-11765
15,522
-16080,-2642
-805,-9749
4939,-2122
5133,-10933
-2081,5430
3972,2532
-5189,-11489
1697,1499
-14825,3398
-10428,5361
-11194,12301
7279,-11353
-26,-5645
-199,2989
-6863,-3361
276,8154
871,3530
9336,5130
-11472,19319
4668,5792
-232,-2368
3566,-3454
989,-7674
-5804,5994
-3513,3781
22726,-948
5040,333
14399,2680
-3006,1682
-4495,-509
5209,-6179
-325,-2916
-12160,-1744
7036,2425
-2474,-11936
17678,-9341
3944,-7979
-9758,-3469
-7188,5243
710,3035
-4471,-3763
2695,9547
-16670,-7745
-3200,-3037
-567,-6702
706,-10091
-8435,6077
-4177,11265
-696,453
12268,15281
979,-3650
-6385,5482
-16257,5783
1447,-3155
307,2287
5045,7495
2101,-4585
4320,10283
13985,-6685
14827,1023
-9079,4292
-1388,4746
-6638,2696
7363,5175
13401,-9964
-4284,-2532
-2279,-13505
9236,-5731
-247,-7431
10596,4310
-7691,-63
-7050,5350
9701,-2690
-816,-3394
-8234,-11013
-10522,-1275
-17201,-12059
7603,6510
6317,-1346
-3128,1579
-561,3234
-3680,1678
54,-1092
-2734,14233
-16960,-5766
-9788,11814
3157,1666
10659,-1335
7005,1664
-2414,-2198
-1088,-5181
4188,18294
9901,681
-723,14190
-4408,1769
4629,-4460
5834,-2334
5804,-3948
654,-14125
-10069,3853
12648,-6106
12685,8637
6465,42
2951,-4522
-10890,-8411
-4738,-323
5049,-5767
-15560,761
-1654,-9890
-1708,-2052
4994,-5985
12489,3223
-6895,-7730
-16026,942
-780,5119
-10022,10309
3568,6534
-7555,2630
-8938,-13825
2937,5079
5437,-2853
-3950,3617
1641,7037
-5689,3952
11845,12017
7213,16152
1653,-9111
-9730,2002
-1506,-7445
992,1061
9309,9141
3488,-5701
8921,-6531
5362,5320
17278,-5713
-3986,6523
-4772,-6597
-8485,-6771
-2299,5404
5438,-156
7280,-9598
-10171,-10992
8841,-16320
-5670,2522
2175,5281
-2626,2186
-10958,-85
-3859,2814
5948,3788
-14164,-953
655,-9055
-16380,-8413
-1998,1875
7355,14990
2922,5430
-316,1750
7131,2590
-9265,2497
5737,13856
-10966,1796
-5053,-6256
1501,6557
10923,1540
8219,2842
12722,-767
-2518,-16029
6574,7908
-1069,11230
4988,3271
-4315,2979
5277,-12316
41,-7894
4726,3365
-704,-17148
-312,-7495
-4504,-4118
10935,3751
-4115,12349
5515,-2930
-6374,-14226
-10792,-409
-6648,-3094
-7299,5222
-11672,-5574
9623,-5883
-5482,1555
8763,10175
1546,1040
-9174,-408
-4301,-539
-4906,14546
-11261,10589
9804,8285
-4351,-12710
7104,-3392
5882,3117
-763,4439
4356,2027
7108,4478
-997,405
10813,20891
-1134,-4135
2804,-9291
-133,-10906
-1837,-7558
-925,3860
6965,5199
7098,-17674
9818,4569
1608,-4533
-1377,3155
-9795,-1566
-3818,-11864
-9218,-4491
-6119,11248
1897,-9126
482,-1410
3164,-16777
1784,-778
-13743,10581
-1394,9956
-4053,-210
-5687,8161
2947,97
-9712,10364
-2973,-7581
6250,-5958
-6912,-4722
4532,15213
4261,10317
2565,8036
16992,-3007
-1390,3665
-6311,1196
-404,9222
-4768,-12838
7462,-176
8654,-1436
559,1644
14073,-1663
7312,-8554
2944,-12616
-4115,14156
-9430,-2443
-3120,4800
5858,-8374
-587,-12996
-2382,-2597
-6439,-3281
2161,-16352
-1601,5716
860,-3190
-8373,15207
-3838,8136
2314,-6828
-3211,-5196
-13599,2730
-7036,-3394
-12241,9909
12467,-5861
6867,5074
-457,8444
3804,7475
1341,704
-2547,3234
5255,1363
-18139,12551
4287,2943
10227,-1171
9947,-11275
9830,-885
-36,-2496
-4941,1935
17273,1818
-2449,1325
3170,3754
-4125,5347
-723,-15055
5312,-7774
2142,-12965
-14023,-6096
2156,5730
588,-4117
13793,-2757
-1094,6488
-7793,-7558
-14587,4632
-2007,-3460
-7636,-6952
-6074,8597
-10289,-358
6848,-2344
4367,3650
12067,-7326
-12864,8627
-8517,11017
-1722,4423
3781,12130
206,2892
2093,-681
-11339,396
16900,-7979
3808,-2114
2510,4774
1834,5206
2748,8478
10796,2419
17388,-429
-15100,-5784
-944,-4103
-6956,-6977
5334,-5093
9782,-1280
-73,-4134
-2233,-5351
15386,446
-3231,-9650
217,3477
-18904,-268
-11878,-2199
1050,4698
6161,-4605
-6501,-10069
-2816,1169
-7918,-12160
6864,8687
-2268,8798
-4215,4625
-11447,12176
3915,4993
2999,-4071
-1586,7242
-10335,-11916
-4234,3991
2317,6282
21103,4978
1988,7212
4192,3743
2976,-5152
1355,9533
4197,-3641
-4257,2305
-13018,-4230
14913,-1687
8434,-5035
12550,-2723
4002,-12431
-10047,-2792
3170,-1093
6383,9864
-9876,-2574
122,1206
-9982,-13161
1097,-4585
5824,-6003
-10806,-7478
-8516,-5618
913,9512
1297,778
8829,16891
-8043,-5792
-12805,-3393
-5969,3629
-3892,3026
-3287,1746
-3428,7878
1273,-10978
10836,14564
11643,2236
2752,1567
-9052,3785
-3433,3761
3246,6814
2885,16011
7263,-13652
-2205,-3685
5717,-10830
13147,-1036
578,1841
2031,-89
2022,-4775
-1648,10845
14590,-2005
-4993,-1243
-9947,-17709
-3050,-9339
-7253,-5278
3908,6389
6274,-4858
-8716,-4313
9297,-3525
-2331,7284
-6693,-862
-8572,4941
-16830,-9568
-7120,7784
7599,7897
-3734,-1406
5950,-6184
-3281,-2937
999,-944
1689,24148
-765,2934
-5585,5625
4016,5942
1013,882
6625,3579
-3007,-4103
2761,-18441
-881,9821
13408,4721
8019,8559
6979,1139
3549,-11204
1713,-1166
-7371,6427
3138,-9956
-12946,-4133
5763,-11465
5908,-567
4528,2382
5839,-8242
-511,-12004
-13616,54
3785,7011
-16339,10832
-1333,-3091
-2579,-7650
-5777,-7027
-191,3232
649,-1347
-12036,-5501
8558,4297
-7346,11363
4738,15796
1444,10303
-3158,-11044
-5116,-947
-221,5858
-9476,1831
9928,7002
3354,-7145
13795,-101
6773,14600
7779,-1887
-2412,-1894
1754,-1448
-6245,-4146
1202,14832
172,-4396
12225,-16457
503,-8550
9360,-8874
-5102,2067
-195,3920
1352,-10579
-1689,6394
-6615,4417
2857,-613
-14016,-9149
3542,-15642
-9660,-6741
-8526,9895
2631,3213
3132,2570
482,-2704
7523,8159
-18415,6034
-1763,5881
-6835,-4798
-6688,795
1794,8814
2507,8500
4017,-5814
18708,14
-3244,-6864
1593,15370
-3447,11275
1110,432
6853,1135
4840,1068
-3522,-7121
6417,2919
2820,-21980
7721,-3665
-517,5422
2814,4360
2775,3823
8924,-4030
-266,-15725
-11062,7879
-11532,-10425
-3051,-4235
-2609,-6650
7594,-3991
-5383,3354
341,5408
6458,-12048
-6805,4893
-8874,623
-12012,13818
-13996,4656
10714,-267
804,-7042
-4093,3987
2788,-1823
-4572,4410
8402,-824
6659,13873
-9503,8267
5389,15296
4757,-5724
2514,-5571
4720,-4003
-11340,259
1758,-2767
15278,5599
10724,-10718
8606,10080
75,-2216
-2797,-4723
5216,-3070
-5674,-4997
-8902,-4424
-6644,8349
6797,-18011
9522,-2883
4135,-9485
-7937,-4632
-9031,5252
-1800,3004
2833,-1449
-11927,14098
-4952,-6712
-8738,1694
1910,-8317
3275,-6123
-10687,3392
-7199,9933
9985,4042
2610,13052
13443,815
-10346,7272
-10979,-169
3682,2239
1098,-2047
-692,4890
8022,604
-2286,947
24010,-2981
9746,498
-3589,-4523
-5589,8758
-3147,-1839
2731,2286
13211,-768
-9944,-11387
2409,-9446
1654,-6523
7466,-13421
-621,7605
-5169,-1775
-8592,2607
8362,7340
-928,-7324
-5034,-4570
-20238,-2292
-5481,-12180
-3627,8169
8809,1010
-2789,374
-2498,8195
1826,-1040
7212,5084
-11276,9357
-4628,-1235
-18136,8548
7484,4636
12644,296
4056,1099
628,-6612
5832,-1593
-1548,6664
18550,8218
-8327,6596
-1163,2191
5610,-1067
5563,-4439
4264,-7382
931,-9241
-14873,-11278
15043,3924
6199,1839
8397,522
-1207,-1117
-7057,-9761
-5164,-2113
1759,3660
-17075,-11094
-4965,1508
-5739,-6038
10514,-1850
5180,5549
-1310,-7463
-13711,-3011
-3774,13510
-3713,3483
-516,16775
-9834,-1672
512,-7214
-2845,3165
11294,-15
-1499,-2339
-4260,8055
3705,-1334
9567,18477
6179,9031
9601,-1172
-13939,-7049
2613,-3522
2897,-2191
208,6083
7497,-8925
4871,-2997
5483,-4188
20135,5661
-6823,-5848
-4696,-3540
-7708,-6590
-8119,3699
5547,2374
761,-3919
-7816,-20745
6403,-2562
-4139,-7222
495,8794
-4469,2873
-10484,-1365
-1690,7175
1407,12553
-5927,-8188
-5833,1791
-10223,-16061
-1713,6206
3385,14436
6038,4456
3025,833
3819,7415
5078,-1922
-2754,18786
-4228,-6041
-4245,-2952
-3024,2594
12840,4742
9767,-486
5437,-2865
10982,-18564
-2823,7357
3625,4966
2686,7956
-7925,-5314
4840,-5147
2000,-7069
-4409,250
6943,-14869
-9935,-10994
-564,-8140
5140,13182
-3767,3869
2953,4297
-1645,-11136
-14061,-2899
-1986,4946
-14655,2766
-5717,-9012
1364,4171
1476,-3945
5067,15782
6170,2241
-5797,-6462
-174,5376
-8908,13084
-2125,8516
-1429,13106
7093,-16528
3313,-493
6953,2900
2839,-2111
4925,895
2559,49
9423,1395
-3074,20462
9639,-5054
-1041,-9189
-1081,-12690
-995,-7619
-4193,2285
-1346,-768
15518,-12514
-2985,285
9869,19
-5574,4096
-8772,-6112
-3911,-7236
-10064,-2101
-13926,7819
6960,1935
-7043,-8903
10956,-10177
-2413,1998
-8752,4990
-3320,13105
-50,1613
-6983,3835
5509,14207
-11377,2159
4806,-3227
1151,-5980
1793,-9300
-2009,15310
6814,10395
5679,-397
16569,6465
354,-3837
-187,4860
-9036,4515
5337,-14577
-1677,-2391
6212,1105
2522,-3993
8972,2071
9346,-15601
7819,-7001
-15203,6841
-1369,2077
-10440,1094
3457,-3953
1516,-10341
-8749,840
-5679,-8270
6515,-8363
-9109,-4720
5924,7304
-12759,11504
-2627,10136
6951,-1414
-3738,-2350
-11930,-726
-5450,6774
-13335,-4227
15036,4875
4419,1281
2496,7808
5480,9504
5674,-600
2232,-3328
2039,11218
-15371,-1300
2556,11117
7954,-5910
14244,-10909
4596,-1453
1206,-4180
28,-7163
9265,7795
2827,-8028
-2601,11632
-8016,655
5633,-10292
-734,-9688
5,-9762
-10779,-10572
-9597,8112
7911,-8235
9029,5587
-4105,1482
-1697,2155
-15788,-540
-1900,1196
-2221,-5130
-16912,8966
-3685,-488
4377,4983
6688,-4738
15166,4234
-10890,-282
-7795,11161
5025,6694
-932,9175
5177,4114
-2533,5726
-4593,-11163
15002,1750
6811,-11460
-187,2047
1829,5565
1463,3012
15475,2478
9364,5609
-6215,-15132
-9212,2928
-3287,-13323
2654,-4938
2961,39
-2854,-6087
1691,-5460
6126,4405
9490,-12859
-10743,7976
-15291,-3833
-11175,1967
-3485,5857
4612,-314
-2109,-7464
-12544,593
7151,-10581
-1191,9261
2024,5088
-3685,10183
-10925,8091
5429,9713
10743,669
-9431,1598
681,-8083
-10723,238
7866,744
17189,11177
3985,-893
2813,3985
10145,-1266
-1555,278
9355,1850
-12815,-2247
-7494,-9507
5576,5225
12411,-9701
6869,-3363
4384,-8873
-9716,-12494
5355,4798
-2186,7611
-2654,-3419
-12793,6360
-2011,-11933
-1802,-2600
2826,-997
-9249,-13274
-8036,-1547
-5845,6791
12899,5605
-3090,17066
1699,-2744
-10926,-2358
-5996,5813
-67,2128
-3142,4495
-10501,832
12790,-2965
2600,8646
19796,4886
3464,-150
-7693,-1613
-369,3301
4557,10135
-3547,6365
12187,-3058
-8295,-13441
11103,-7706
9230,-1157
1154,-5736
-1114,-2290
1964,-738
-3442,1768
13905,12027
-8572,-9781
-5697,-13667
-9842,-7446
-3466,-6950
-2736,5679
2683,562
-5274,-12215
6850,9547
-885,1805
-331,4403
-15975,2990
-8214,-6792
-10281,7751
3405,14654
3009,-6184
2018,413
699,-9559
8968,5374
-5399,15505
6995,6238
-5714,1417
1159,9214
8979,1067
1680,5836
-1225,-13451
6877,-11286
-6931,-3192
15225,10703
6080,3058
3690,-1309
9139,-8762
-1678,1059
-6266,-1627
610,204
-15730,-17705
3183,-1919
2549,-909
2275,587
6680,-5834
-1945,-10185
-8358,-6403
-2664,19711
-13000,434
-4031,6009
-3997,-5989
-2214,-4335
-1317,5678
-993,-46
-2743,-13001
-96,12368
1181,4532
2961,22401
1060,7066
5019,-7753
-4480,-1931
-3287,7422
-106,-3286
-2075,6981
11713,-12516
10890,5385
4912,6994
12838,1954
-870,-8559
-2573,-2294
1232,-2651
-12008,12295
5150,-6668
7068,-9931
-17,-16984
7886,-298
-4348,-4193
-5295,-65
6505,-5219
-10264,4490
-1937,6886
-3643,8350
-7876,-17282
-511,-5361
-7250,-8304
-12138,6730
3869,8723
447,-949
8508,-423
249,16118
-5631,-705
-6337,10928
-1576,-6464
-5984,-787
-867,13244
700,4937
13196,-6414
9288,918
11222,-10772
-5867,14798
-153,6536
3833,-996
3578,2082
1364,623
3438,-4680
-5804,-2483
14725,-21557
-1825,-5807
-1319,1228
1725,6603
1127,1255
6041,-3677
6212,-7119
-21536,1037
-3249,-4339
-10804,-5669
-1263,-8996
2424,3962
-4735,1809
-1311,3615
13237,-2353
-9461,-4028
-2700,9157
-17910,12545
-6337,1987
4981,7094
5559,-6040
-5018,825
4831,5293
-1428,-7786
13068,4219
-314,10357
560,6392
-2423,16263
12195,-4705
4093,-9140
415,1018
-9259,-9608
2729,-290
5953,-1105
19613,-7515
-2753,6586
4559,-627
630,-7587
299,-1038
-4716,-8363
-10759,1480
-16485,556
14425,-7616
621,-7357
5749,-5309
-6333,-4302
-11112,3184
972,1959
3058,7780
-17129,5595
207,8056
-10714,-4090
6353,-4121
2814,-3259
-10637,-488
-5790,6505
10775,11677
5358,1692
14488,14255
-9223,-692
-4121,879
1550,2740
3819,-4468
-2704,388
2355,6361
4263,-10871
20624,6144
10129,-7844
1254,-3638
-12223,4312
832,-1302
1975,-576
2673,5560
-3608,-16808
-4492,-2719
1916,-13346
11172,-7357
-9685,366
-3967,2228
-6118,1300
781,11716
7804,-5108
-11113,1612
-18500,-8950
-1794,-1307
-7485,-481
7739,7661
-322,307
-6257,6543
12164,2227
5418,8909
-6324,204
-5185,9570
-15607,-2524
6592,10636
13775,1973
1701,-3792
5524,-6267
3497,-1306
6701,-4343
10784,16508
-4317,-4570
-3691,5490
5028,755
6522,-6246
3951,-6958
-7001,-9164
-5928,-19413
2080,9888
10773,-4046
4074,4299
-4379,-1778
-2676,-7456
-3099,-545
-7124,5454
-7425,-11963
-19006,4219
897,-6562
8330,5446
2841,2057
2124,-3553
-8213,-4094
-8932,11860
7946,8576
-11282,15163
-2410,-1905
-349,707
193,-3130
11372,4668
2673,-5485
-8970,-696
12158,4429
2903,13486
13118,7589
4490,4457
-6628,-15905
-579,409
4735,-2276
-5055,-3355
7118,-3484
-1311,-8523
12602,-4174
9673,10324
2268,-12538
-10756,-2595
-6859,-4181
-8857,65
1147,10006
-5572,-6500
670,-17547
-5512,-183
7234,-7050
-5846,8007
-4777,3081
-6393,-1868
-2646,13575
-1574,12167
4724,-1382
-15886,-2741
2029,-12012
-5858,5099
2560,11931
8454,4577
4218,1010
3278,3204
15421,7452
-9616,7675
4356,-2405
-8290,-5688
-2266,-1079
9919,8084
9362,-1539
3325,-11783
15325,-8911
-6271,-5563
7033,9712
-4447,4937
-4223,-8891
-1173,-96
2188,-2569
-5613,-6343
3866,-4928
-10073,-22260
903,-1392
-4006,11981
3215,4236
-3209,5720
1523,-4938
-8681,-5526
-7173,14433
-11553,-5032
-3380,-2658
-6780,594
10735,2457
-117,12931
8949,4635
3646,-10097
-3889,8566
-4201,7673
6,14942
-7805,3098
14987,-7186
-94,-5553
6401,3508
8121,-5036
578,-3495
5369,-6321
8519,9939
-7220,7711
12073,5747
-2223,-15277
-1624,-11803
-1583,-4957
-9415,-1026
-1441,-6901
10329,-2398
-1882,-10642
7213,12841
-5257,-795
-5366,-5877
-5736,-3540
-11536,-111
-12605,5400
-1550,12178
1095,-17271
7325,784
-1155,-1741
-2826,6033
-5548,10654
2374,3231
-556,2415
-4217,21469
372,-2647
1488,2272
3070,-12623
6707,-5215
-6639,7893
5958,10014
13270,-3249
7126,6523
10978,-4548
-5136,7924
-7435,-5570
6828,-7408
-5521,-10314
-27,3344
5578,-2655
328,-2884
17202,-13973
1768,-3041
-12468,-2767
-5200,11810
-9031,-5711
-1211,244
2218,-2354
-13923,-2412
-43,-5345
844,-4730
-912,-12638
-2676,16866
-7649,6422
-2753,11794
9060,5241
-1918,-3674
-6530,2210
-12700,8029
-83,-10590
4378,9307
9760,-1934
2386,7960
5334,9127
10715,-3443
8876,-3062
-7985,8687
-3024,-2964
-9455,9821
12590,-7742
12529,-7695
583,-5079
1361,-5869
5435,-7921
-871,734
11670,-2775
-14821,8850
-4001,418
3826,-3130
-925,-12782
-3722,-7079
-8537,-7023
-17218,-1399
14139,1263
863,3168
1448,2419
-5474,9733
-8004,-4348
-2950,3399
-110,1929
-19843,-36
-1294,9092
389,1402
16443,-4041
7494,7978
-831,-4742
-8037,7586
6712,10680
1984,1303
3808,11513
-7433,857
6771,-9440
4815,-179
14804,-12660
-4180,-3595
-2344,5055
5643,-2633
13558,7611
3229,587
2803,-8418
-19689,-3669
3319,-9438
-1468,-6463
-4453,-510
-2537,-6327
294,-825
2947,-1685
16825,-427
-17777,-1493
-10074,1907
-12330,3235
-4645,5864
3803,4207
-2928,-1472
-11857,-8203
11969,2831
-1667,-2143
5669,9305
-6531,9335
-5592,5510
6101,12295
11589,7120
-5206,-8486
-1415,1926
-8006,-11869
10453,3934
9449,7905
8883,-3146
781,1041
9722,2995
6678,-7611
1432,8509
-11510,-12012
-6607,-4564
-3888,964
16063,-4608
2247,-6840
-773,-6674
-392,-16151
-2519,8676
-463,1901
-2847,5406
-19457,-627
2558,-503
-1898,-2977
-2266,897
-2244,-12384
-13919,-1433
-1622,1780
12578,17304
-3909,6333
4566,7586
-6091,-3965
-5321,5162
4831,5632
-7837,2506
-6145,-6571
8593,7715
7648,-3014
17998,12027
6036,-5080
-4554,-6755
1374,4672
884,9382
908,43
797,4898
-395,-22156
6145,-1201
7668,-4845
2638,-8969
-4479,-4791
-2463,-297
4071,565
-166,18108
853,-12774
-10377,-7712
-10718,-9904
-1362,-2084
-6857,3092
-3682,1013
4349,-9537
-3877,11200
10581,3646
-3125,8907
-13282,-3969
-5279,1189
-9128,5720
-2159,14946
10785,-767
-5161,-4996
11446,-7923
5747,8549
-92,4301
4841,11065
-1456,-3290
-1720,7139
12916,9355
-3190,-1719
5495,-13594
-737,-9714
292,-12448
5352,14564
7915,-1085
1826,-5859
9079,-1138
-3190,-3066
-1099,502
-11181,551
-5721,-21314
-9014,2300
3044,920
1489,-368
3898,-2005
-624,-12689
-588,-1783
-14137,17885
-644,2857
-13031,6486
-679,-2640
205,438
-3116,6821
-93,-3289
5770,-9308
-8758,4075
12076,11172
-3616,18537
6134,5562
7940,-3197
-2309,-3593
-4327,4243
4010,1590
-8793,-7310
16875,-4689
3858,1064
8946,4087
9773,4316
3693,-12905
-3973,-6622
100,6200
-15828,14
4676,2290
-35,-12784
5719,-15726
-1211,2839
-192,-5679
-5675,-6015
2682,3094
-8127,-2320
-3458,17467
-9028,5926
2976,-12179
-8603,-4709
-2620,-4400
-11142,2670
-1915,12117
6859,-5964
9115,7888
-3192,10881
6417,6831
-10653,3634
4027,-3036
-3471,-2180
-7818,13055
4856,1548
13408,-1656
7312,-9797
17860,-679
-9647,2618
2317,6760
5212,-2065
-818,-15
1559,1113
190,2099
-5637,-15244
14545,-9563
-4616,-16284
-2992,2908
-2118,6906
1076,-1081
6784,-2338
1896,3049
-16357,-8200
-7828,7587
-9164,-13197
-879,-4173
-4775,5867
-2497,2974
1443,2314
9826,4618
2544,-10299
-9112,17275
-13719,5498
-1929,7106
-56,5021
8885,-816
-2138,-1419
-1153,5896
12259,-12960
6085,5697
2348,2246
2364,12301
-5389,7362
15001,1132
7875,-10031
-8135,-1499
-1221,-10367
-5547,-2001
7623,-9267
15346,2310
-4935,-3767
3113,4927
5214,-7096
-4148,-4812
-1133,-3552
-19470,2253
-12661,-5343
6916,5062
4019,-14026
1433,1055
-4165,-2793
-9579,-1984
4764,6214
-2800,9907
-8698,2321
-9446,17951
92,-8120
4854,923
2784,-2489
-7811,-4648
-3857,5859
5887,10358
17825,93
2405,17091
2244,-3945
-4011,2387
1779,-565
5758,-4605
-4254,-1681
-6864,2207
15335,-8744
8381,3046
18041,-8700
-2249,-2564
-12285,-3320
1039,2029
2041,65
-7456,2161
2438,-7766
-14058,-7693
9033,-10849
5252,-2983
-8238,-7402
-8068,6319
-2780,3591
-2387,7945
11965,8074
-15618,-3322
-10049,-5981
-7772,3271
366,-5422
579,10574
1667,2407
-3921,-89
15272,11852
6046,2942
2917,1528
-14171,8415
-3524,-5227
-25,10795
13154,4577
3989,-9376
3398,-2803
3942,-8636
15341,-2185
-1967,9447
4776,-3842
-10297,2609
4114,3220
9223,-5306
-888,-4817
-10213,-15480
-155,-12846
-9383,349
15897,3215
-2850,1664
-4499,-1574
771,-2441
-2851,2476
-8834,952
-4903,-835
-24784,-7011
4916,4667
4022,5351
5676,1038
2322,-433
-3697,-3604
-5422,5131
8069,20253
-10787,2707
-154,6954
-2950,-474
7909,-2901
7234,4824
4710,-6723
-4856,-11063
7172,11783
7051,2865
12472,13921
-643,-823
2806,-13587
-5859,-2009
3626,-155
-2690,-10301
-4268,-373
2531,-14747
10782,3843
3289,3411
9291,-5971
-14694,-8722
-7851,-249
-4523,1122
-9678,12475
-2440,-8116
-668,-7510
-7486,-8225
11552,4927
-7074,5
-5409,3462
-929,1297
-6555,14272
3484,12547
3233,8502
-11327,-14580
3182,-52
-4111,-2074
1639,10119
8727,5255
3705,-2476
9343,1073
11124,15695
-686,-5172
-14,4514
-6068,-12813
-2271,-829
4129,9024
7104,-3457
7532,-15776
6061,-4070
4679,-13303
-1976,14068
-4060,-1839
-2821,-5690
-6889,496
133,2402
-983,-5862
-7879,-3804
1639,-23838
-7954,2497
-3656,7188
4207,11173
-4648,1551
2091,874
-55,-562
-15561,12256
-636,-2872
-9758,-1493
-3271,-5004
8879,12786
1921,5737
8650,5262
12321,-7046
-6935,1204
3566,10993
-6639,13989
-1178,-5101
8535,2087
4411,-10844
2814,2781
9914,-3437
-564,-14145
8669,-4318
-979,9606
1052,2416
784,11418
4825,-17603
-4236,-10461
-5109,-902
-10464,-6748
-906,-5163
-616,-3131
8782,-8647
-5751,15822
2872,-525
-3939,-4590
-7281,-1677
-10216,853
-10979,9632
-11261,8772
13784,-10198
-2291,-595
6438,16
-1549,7020
-4028,5035
4811,3338
3584,7044
-11107,14505
10176,7097
-3957,-4630
10308,-12293
3450,-2975
-5342,-231
3261,7222
15707,-216
4024,-3827
14263,6912
-9490,6
-539,-6250
-507,-5312
-2392,-14024
-7720,2648
2451,2871
1016,-12549
16179,-3313
-1558,-8567
-5456,-484
-15140,11244
-1220,-4771
-5759,1053
-2508,6294
-9585,-6180
-2005,2576
233,-10374
7954,-6753
-13275,11711
503,9967
-2419,9586
7640,9486
5845,-3237
-7926,7101
-12639,-333
8274,-2933
-3489,-1485
13528,3682
1096,4474
4388,6224
17420,-3611
8580,-1164
-8570,-1750
-1279,7069
-13596,-3773
13164,-536
8349,-7844
-1365,-8083
1373,-5765
4412,-6663
1069,-9957
6303,9569
-15721,-2216
-4381,8382
586,-1278
2475,-11139
-6953,-5079
-11904,-3208
-11107,-10031
6033,11799
4658,-3851
1376,10329
-8272,8164
1728,-765
-2123,2661
-3393,6125
-11275,-4724
-11004,14039
7340,-3937
17579,3407
3864,724
6357,-807
-5449,781
3954,10035
10954,450
-6890,11632
-2486,-3642
6433,-1375
3443,-10840
15213,-5679
-4852,-11016
-8091,416
11149,-379
5451,6211
6686,-1881
-2138,1673
-16033,-14542
672,228
-1670,-8795
-10299,-3287
-3117,-1213
-4331,-1441
9822,-2682
9221,9856
-8628,-10523
-14017,8932
-9008,2535
-3532,6147
1453,9717
-6073,-843
-1833,-9334
3282,8134
11765,-8185
-246,11216
-4712,4709
-714,5745
5913,13309
9391,7921
4858,-8256
-12883,-381
4753,-14406
3348,3936
7687,1239
8733,-1056
79,-2995
6980,2153
15981,-3103
-10163,1733
-3509,-10576
-14407,-3492
-3756,-3920
11099,3775
1373,-9598
-5380,-9073
6317,-8213
-8453,784
5286,6677
-11090,7360
-13423,-4752
-2724,9909
2662,-1214
-4471,-1226
-275,-4418
-14462,-10397
4486,6311
4256,18119
6806,2750
-2219,11471
2461,-2718
-1811,2571
3598,11065
-7196,-5938
-1922,-4418
-1581,4669
19580,-2117
8088,9738
11045,-6545
-467,-10826
-1318,5388
1051,4597
2736,3891
-11395,-2228
9389,-14667
-3191,-4203
8995,-4128
2489,-9932
-8172,-8231
-3313,-2669
6110,9381
-8773,9589
7543,-545
-15189,-11264
-6712,-6990
-3314,2799
-8080,347
-5755,-1941
5677,644
-4426,1497
14882,16859
-4204,3053
-5148,-4233
-7797,4497
-4966,5467
-3425,11602
7926,7602
-356,-16367
12361,1805
4623,1427
8074,2831
-2071,6748
3840,-3679
-880,3557
6031,16472
2904,-9712
2413,-7783
-3859,-17545
6289,-8175
-5630,7223
8842,502
3104,-9233
1595,2966
3816,-3910
-4767,6638
-13878,-8262
-1194,-10859
-16708,-4508
1590,8079
2363,279
-1219,-2642
6787,-11188
-1724,4870
-12618,7923
1211,15152
-13263,-2845
65,4914
1678,4966
-4106,4581
4901,-3936
4392,-5835
-2632,-8041
7897,22058
-516,7505
7580,8185
8353,-1585
910,-4966
-2411,2852
-2122,3397
-695,-18942
6193,2844
6135,-6353
7777,6964
5885,1163
8141,-13172
-2036,-8370
-9505,8971
-7004,-4322
-8347,6850
3025,-15809
4423,-7278
-6521,-1020
1967,-2228
-1954,-8788
-5611,2832
1985,1134
-13880,20257
-3203,3957
4035,-1592
-7795,-10472
-2512,2621
-7170,1305
-7859,6075
15733,-1204
2643,7444
4217,7569
4835,15379
-2989,-6942
3193,1257
-552,-1560
-12320,5742
7520,5773
7781,-4832
15491,-14069
8820,5686
-1108,-7563
-1803,6395
6004,-2218
-2008,-4483
-865,6912
-7078,1069
4058,-16531
1469,-5909
3734,-19598
-10395,3221
-4785,5922
3331,-2139
6059,2593
-4248,4188
-4645,-3330
-19359,6422
1671,-11365
-6013,-1671
-7830,4736
-1075,5859
3952,3602
7155,1590
14928,-2121
-17368,9943
-3512,7507
-4312,8050
1799,1073
7288,4631
55,-837
-3406,-2456
20281,-5114
888,-6199
7651,3594
-4321,11532
310,925
11050,5143
9912,-7029
-10273,-9500
-1730,-1760
-8680,-13207
10454,-6249
3148,2531
1280,-6160
-3646,6113
8171,-2927
-937,-9761
-5884,5485
-20998,-4391
-8507,670
-4446,4444
12943,-8674
-5747,750
-2717,297
-1811,-5468
2103,10447
-1720,5144
-3535,10275
-17491,11562
11522,1061
2142,-1467
2987,-1512
-2897,-6391
-6163,3683
7467,3278
21263,8913
-3332,4661
8959,5052
-4125,-3034
3946,-2171
5688,-3242
-8438,-4245
-8449,-5573
13451,1820
6839,-9940
17749,1030
-4988,-8230
-8515,-5956
-1692,4104
285,1757
-8385,-2390
-5220,4614
-9630,-16701
7476,-57
1843,-6452
-3532,-7045
-13302,5017
-1363,6953
3371,5705
3506,18147
-6550,-8568
-10167,2276
-8331,-1754
7388,-170
-5362,5320
641,4402
4487,-2545
8462,14522
16635,-570
1894,5957
-14211,-2627
2054,2486
-2912,3448
8904,6722
8131,-9205
-4220,-6349
11658,-11046
11779,2144
-2057,-4373
2614,4862
-10514,-5237
949,6188
10598,598
-6903,-7765
-6392,-16099
-6578,-6563
-4825,-10292
7535,13767
-1942,-4077
-5242,290
2132,4016
-1837,2523
-3681,1653
-13496,4521
-13940,-13944
-4142,13839
7419,3094
6767,2993
1499,-145
755,-4543
3259,4263
-1377,20883
2273,-1279
-9400,9639
2070,-2776
10263,2032
4563,465
4772,-8640
1950,-13641
-3527,6360
17580,4042
2032,12522
2981,-5501
3235,-6436
-5673,-7162
-107,1221
-143,-8821
-15213,-8994
8445,-8172
1383,4141
7485,-38
4869,1855
-9579,-14667
-10379,1997
-2363,8405
-15279,5384
452,511
-7257,-6339
1962,-8812
3650,12228
1127,-5255
-6780,1092
747,6673
-4487,8873
6155,19919
-2154,6948
2563,-14735
-6084,1961
4710,-3820
-905,5993
5479,4673
7100,-7968
11487,5308
4669,11218
12324,-2772
-10442,-1496
1111,-12293
-5392,-1342
-2271,7664
6388,-5030
7763,-12663
-822,-11026
13738,-4208
-11710,5014
439,-462
-5756,-3726
-8882,74
-1873,7163
-515,897
-11346,-12800
6959,-10939
-13100,-5757
-25,10448
-549,13104
112,-1107
2044,4343
2717,8293
-12532,2811
755,8045
-10072,-10908
1797,-1346
674,13651
8817,3707
7707,2166
13701,-2577
796,-8155
184,17983
-6686,3917
4219,-1904
-1549,-972
10385,-6913
-697,-1062
5674,-2505
6844,-21437
2060,-962
-3069,1984
4059,9747
-8191,3546
10397,-9023
-5576,-11059
-10911,1063
-5723,-7393
-7162,-3506
-1658,-9466
9447,4719
-10446,6189
6985,8848
-901,-5775
-7344,-1818
-6513,4935
-14695,12076
-8670,1290
12368,3834
-74,-10808
7408,8422
277,3600
393,-242
7036,3752
1386,9114
-5687,6902
3692,17662
3562,-15044
9453,-6117
645,-6653
-2448,-3875
449,2972
11429,164
11422,-9098
2301,14080
-1475,-6811
-1892,-1447
-4015,-10187
-464,-9958
-13262,-102
-5476,4557
9663,-12771
4459,-69
6121,-10191
-7651,5725
-15949,2937
1889,3478
-6109,-168
-9406,9358
-1432,-247
-9278,1367
9448,-10989
5123,294
-10956,536
-79,17204
2231,5770
5968,8422
12180,4592
-11723,3137
-3858,-2861
3010,1988
3033,-12777
5749,9428
2973,360
4302,1169
19912,977
6728,-5652
-1880,-4158
-12499,9441
-3604,-11261
2810,4318
7311,-7759
-2563,-9233
-1354,-3644
2991,-9767
8648,-9639
-8403,9541
-5212,-2872
-13061,11412
2543,439
4557,-5638
-9637,-3454
-14363,-4338
-2034,-6483
-5688,7106
14801,1098
-5811,11005
-3616,6080
6296,5529
1505,1174
-5366,4132
-4629,1370
-18709,3862
15703,2636
11333,2744
8742,-4412
4609,2719
689,-4693
3166,4129
12961,7801
-12052,14
879,2894
-344,-2186
11061,-13699
5931,-2709
-2041,-14468
-10236,-6874
8229,6624
4463,-1906
7128,5704
-10716,458
-4270,-12567
-8449,2018
1271,-6168
-12057,-6612
-9957,4079
-1675,-5306
12627,5661
1777,6079
4113,-4598
-20106,4660
-3116,5997
-741,6712
-4276,11998
-3583,-2621
2173,-1993
-502,-870
21794,741
-5533,1053
-1168,3819
1877,5894
4734,11643
10627,6653
5822,-993
-14311,-13931
8812,-3701
-949,-6012
7304,102
3674,-1017
422,-6219
7564,406
13982,6078
-8094,-11054
-6170,-47
-16692,-10577
-2031,-341
1824,6445
2147,-8518
-5081,-11461
2307,368
-45,-7517
170,15415
-11914,755
-7536,1294
-8988,10581
7116,5470
-1661,-2874
-6502,-731
-3079,-15709
83,11369
4268,10220
11942,9590
-5955,3793
8021,3406
4512,1581
-2670,9658
986,-8967
-7577,-3146
-1342,-4697
19666,8507
4973,-1935
11217,-3413
4098,-12397
-5153,806
5050,5366
-4822,5774
-9884,-11668
4084,-712
-2191,-11975
5561,875
1947,-9986
-9503,-13668
-1431,-589
-822,14253
-2241,3244
-1119,11557
-7681,-16008
-6896,-273
-5006,4813
-6616,-1895
-4858,-2363
-983,3892
7877,-1007
4994,23520
5980,-2070
-2515,-1253
-7916,1840
-1345,7373
-2285,10014
-916,6277
12402,-16180
2063,2218
12666,-2614
7434,4305
-2990,-3620
4866,-1210
1279,3080
-3406,13439
11517,-4583
-7172,-11418
2171,-19500
783,-2193
-6457,-3083
3728,3561
5100,-8497
-3943,-908
9084,6653
-10982,3426
-6360,-9500
-8700,-3209
-11564,-9759
-6009,13733
3284,3505
-1277,-8110
10347,-2011
-3789,2237
-2169,7221
-8123,17730
-1571,-6552
-5054,8533
2391,9564
-735,875
5830,-544
2821,-11375
8424,-7619
-5023,18363
10288,5459
3262,6163
8914,-964
5067,-4532
-3590,4048
-6629,-3629
7673,-15360
-7709,-5058
11806,-2194
926,5430
5512,-2210
10478,-10608
-1556,-6988
-14417,3385
-2561,5424
-17657,-2958
7246,-6918
-2198,-4105
-4808,-2782
427,1324
1383,-8226
-6172,-4227
3217,14131
-16496,10654
2074,12124
346,545
840,-10364
-6683,5535
-4375,2351
-4853,-3845
13173,7755
4308,-1673
8206,13672
-280,11778
9881,-7300
-932,-1094
-220,715
-9354,-1454
-349,9920
9845,-12528
17462,-7517
-143,-1526
7964,-4287
-6390,-1122
4859,-1075
1183,-5498
-10467,10302
-6275,-2389
5633,-6850
-4909,-14918
8001,-9134
-15338,-3426
-6903,5720
6759,298
1620,4754
-2018,3352
-3803,9132
-17887,-5231
4928,1007
-7336,-6103
-8843,4933
-1357,8924
4383,3013
12755,-2136
13058,8680
-10397,-3527
-3500,15432
-2660,1802
4908,1378
2601,6616
-360,-619
2394,-8535
13562,786
9860,-17611
1413,7968
-6139,3458
4789,2475
6002,3778
8426,-3120
-5331,-11871
-13131,720
686,-18623
2478,-1520
-1364,-4050
2406,970
-7056,1373
7993,1880
6924,-7293
-16071,5327
-12470,-4067
-14038,6106
-3954,-1661
12065,4228
-6169,-4763
-3511,2604
7060,-2420
-1718,5369
5727,6480
-9034,14244
-10939,2719
9351,13242
7151,-6584
1157,-1382
-147,-4443
-7269,-4929
12724,2452
12665,11014
5153,-4350
875,11990
3471,-8007
4095,-2445
2780,-1351
-10908,-9710
-6826,-6137
1544,3197
17206,-12552
4690,4793
150,-11486
-7175,-5291
-4275,4051
-613,2358
-6624,616
-17855,4514
3133,-11442
-2644,2124
6740,-6872
-3722,-3877
-14111,125
-547,8710
9281,10781
-5046,13847
5211,44
-15284,187
-50,-2792
5569,5254
-4362,-2201
-2363,3429
9499,1670
5358,5267
23978,7887
-2694,-291
-5411,-7021
-3467,6417
1757,-1898
2376,5611
6557,-4136
-5092,-16376
13665,-3201
6061,-3446
5455,-7290
-9333,4880
-3612,-6831
-3340,6657
6577,8294
-5237,-12549
-7381,-9010
-11875,-10545
4519,-6275
-6451,11152
4097,-1883
-6473,-61
731,9097
4688,2993
-2817,7233
-17310,-2123
-3368,-5401
-13604,7787
12726,8844
5619,2279
1111,-2297
7159,-4605
6476,7279
-3320,9836
8211,8079
-14589,-1810
6539,3290
7963,3593
4819,-3839
4566,-10433
2242,-12232
-3818,-6431
15716,15100
-1496,355
5064,-1029
-1028,-4681
-1122,-7585
-3781,1257
-4060,-4977
-13155,-19526
1148,3645
696,-2691
9089,6429
-1591,367
-840,-12413
-11092,1425
-6004,14543
-8695,210
-7902,8750
-4113,-10352
6193,1003
-2228,7047
9104,-1398
-5376,-4812
-2030,8082
4986,7943
-721,23204
2180,1091
6970,-5163
-8357,-7984
8453,3190
-1161,-1070
268,-70
12743,-7679
5597,5672
8056,4837
11456,6735
-8868,-15634
608,-4346
-6604,-3915
-7670,4513
5374,-2167
2172,-12113
3639,-15804
6845,7375
-6439,-7092
-3044,5479
-6047,-4907
-8443,1211
-4356,12921
-4403,4329
-2613,-16100
-2322,-1814
-3430,-12299
-4719,15315
-1448,9174
5330,362
2403,6101
1034,12104
-175,1725
-9032,9260
1820,-15238
-2631,2558
-1766,7729
11346,7065
8542,-2754
11184,-3595
12323,-6553
-10199,12945
2221,796
-1065,597
-2229,-8333
7543,2038
-884,-4874
401,-6343
13611,-17213
-6682,-8074
1616,2513
-4389,13773
-3868,-4353
5497,1458
-2499,-9955
-14491,-503
-3844,-104
-11396,-10211
3221,-6909
-1264,10404
-1166,1409
930,14988
6530,-5260
-4381,-3464
-6677,11583
-15468,7168
-1646,3091
1574,5446
12741,-10899
-862,9898
5777,1305
5678,-4441
6089,3568
615,5079
537,9711
-7861,12690
16621,-11371
1424,-7606
2022,-8450
-2201,-4835
-2551,-2016
8349,-4089
15372,-2573
-8864,5912
7356,1231
-7395,-4462
-773,-11330
-4046,-4530
-15780,-2333
-10323,1832
11821,-2557
-574,-9086
10915,1100
-12002,2690
-8073,493
-1774,8431
-2638,626
-11950,7913
-2028,11211
-6440,-8060
13492,-1450
966,-3670
-1682,-1478
-7114,15778
9005,5455
8046,4686
8568,12902
-5955,-4809
-1457,2694
-1397,-5211
11949,-10617
-6052,3793
4844,1043
6559,-3393
14558,3593
12027,-10147
-2568,638
-18316,-639
3772,-3271
-6780,-2150
5599,-2279
-3181,-8402
-6878,-4017
7468,-11100
7882,-3010
-12541,-1695
-2391,9471
-16285,3897
4382,7266
4980,84
-11181,-3663
-11303,-4786
-2393,587
-3098,-5087
12608,13979
-5853,2387
550,9271
7588,8283
6711,279
-2745,1741
-8764,6640
-11159,-8217
9735,12362
12130,-4717
10896,-2109
413,-640
6776,-6215
6397,-875
4394,10643
-4195,-7720
-8786,8920
1169,-7331
13116,-6469
-1667,-8101
-1110,-12287
-8063,-11338
-1515,6869
12539,-2228
-3013,10169
-8514,-3984
-1199,-1007
-10019,-4233
764,933
-10305,-7115
-18300,1417
6101,-932
6562,9383
6795,619
3962,6531
-14562,-5647
-2000,11557
2922,8472
-8436,7360
541,1662
-1945,-270
8713,-7352
15638,9391
1409,-11006
-3373,3748
3442,5346
5391,7188
11340,9638
-790,-557
-3329,-19233
-2254,1788
6098,-12777
783,91
-1207,-3618
1605,-7773
8054,2717
6324,7009
3535,-11166
-19084,623
-8308,-11536
-6695,4402
-3473,4922
1601,-4566
-3357,-9874
-3446,-650
12721,-1470
-10170,11174
-3573,446
-9646,6438
-7274,7483
6976,13199
2160,-1072
-10350,-6938
6924,-7927
-6017,3663
10968,9219
6161,11970
346,-4073
6620,8242
9803,4100
-4020,881
3642,-2347
-12333,-12329
3973,-4391
7941,11095
11629,-7927
4734,-3321
6907,-10532
-2985,-6187
2404,11864
-9650,-1190
-4411,-8714
-9455,1312
6729,-8864
-2341,1435
1145,-8358
-5371,-17674
-4456,4059
-3892,10574
4865,10181
-12106,7828
4307,-8036
-9761,836
-4723,6475
-2885,-2223
-6690,-2226
-2593,-1220
14862,9380
-2034,13608
15751,4721
-2448,-4756
-4067,-517
88,9684
-3365,8865
-3094,-2093
14529,-5013
-1039,-9926
16320,4547
3864,-1447
1496,-9982
1627,-543
804,4526
-4599,6517
7116,7094
-5963,-22122
2799,-10702
-6108,-4820
-2040,-4875
-4129,1706
4534,-5323
-624,-4536
1942,18037
-5334,-3246
-4355,-1699
-13727,-6820
-4169,-3593
-13491,11574
1767,7491
5820,-10347
4240,3614
4241,-1661
419,13477
-10626,7055
6773,1378
-7884,3762
546,13572
5525,1450
728,-2193
9481,-16225
7990,-1403
-7146,3506
11866,13188
2703,-2558
7794,205
7879,-272
-7686,1502
-2998,-8520
2693,-8315
-6886,-18212
5081,8694
-883,-905
5171,-2518
10323,-6683
-2161,-6982
-10697,1060
-11157,13201
-10108,-12166
-779,4470
-2571,-5168
-3185,774
-1853,2051
3874,-7999
1143,-6443
-7080,19035
-4628,5770
-3944,18343
4130,-1935
5936,-3402
-8955,2808
-3681,2526
3452,-7133
2436,5335
14955,-2641
918,15632
3667,4368
14242,-745
-143,-8178
-3081,1724
-4823,-1084
-11083,2793
16631,-10010
8631,-5217
2373,-8953
4808,3350
-2901,-10270
1421,-1055
2728,-26
-18146,4657
-2574,3567
-1770,-2934
2602,-19040
-981,545
-10685,-9020
-9679,4310
7266,5615
941,1074
1645,9921
-10279,11886
-3034,-7496
-3526,6509
-73,-7770
-11034,4221
-3987,10519
7457,-455
18019,1170
5531,6648
4956,-3781
-12227,12161
5770,-331
4126,1985
-2289,5300
-531,-1485
6528,-6535
5434,-6373
20672,-12944
-9871,245
-1899,873
2682,4471
4484,711
5619,-27
-3378,-6068
-19516,-8351
7368,-8562
-6396,-7926
466,-3524
-4739,5503
-3570,-1997
6731,4699
9982,1324
-16762,-3747
-9497,7061
-17345,521
2546,1323
2536,9282
288,-5713
-4621,1488
9836,3364
4403,-4212
5285,13688
-11474,6687
-1201,5413
573,13012
15932,-3868
-994,-4527
-2889,-2906
-466,-13142
9695,5417
7875,2420
11533,704
-9019,4585
11661,-2887
3761,-4520
-2614,-1295
-8260,-12288
-11743,-3593
-3115,-4277
20054,-480
-4168,-4873
3939,-4756
-6298,-6363
-5083,2736
898,4919
-10440,5257
-18988,-2754
4347,4936
-3605,-6353
8794,1167
-5022,-5025
-10609,-3905
925,9794
8446,15714
-747,5427
2454,13257
-9136,-9112
3855,3846
2333,3095
-227,-5406
-5003,-211
6764,4429
13614,-2353
15996,15543
3488,-10083
-2758,-3372
-7816,711
6144,674
-2708,1630
-1493,-1989
2959,-19256
3540,1102
10635,-9270
4453,-2153
-14695,-5339
-464,484
-4509,5057
-823,11588
1843,-8679
-15380,-7273
-5961,-13023
2554,3687
-8555,-267
3058,6568
-3978,-2243
-928,9829
12104,10106
-6156,6326
-9484,-6563
-6728,4254
-8318,-2798
8109,17172
7106,-646
1950,-6271
11386,-806
5713,4664
4987,3462
-1056,12545
-5083,-11804
254,9662
7792,2837
5645,-5875
2587,-10706
-817,-15019
4208,-9987
757,16468
7338,-5080
-2551,2302
-885,-5373
1801,-2664
-6394,1168
-9479,-5955
-5148,-17941
-13453,2765
9078,104
1750,10022
102,-3769
2960,-5244
-8127,347
-9472,14146
-749,6217
-17474,2905
4806,-4379
967,5952
2684,1161
8375,3844
419,-10201
-3408,3228
10084,15486
-5586,13968
9234,4677
1488,-2917
1035,-13309
1571,7614
2268,-5848
-2316,-8354
11211,-1886
2971,-2016
11928,8576
2159,5732
3447,-19037
-8688,-2306
-4509,-2982
-10093,950
-1263,2440
863,-15969
7468,-9081
-4303,5392
6029,-4736
-11434,2418
-2489,-2977
-6936,3530
-9282,17071
-3975,3746
3677,-8167
-9840,-7893
7663,-3624
-11530,9330
1952,7607
7710,2316
2669,5937
2431,11492
5671,9911
-11505,-3668
9532,-5905
-7801,-4017
56,5875
7488,8439
10600,-6820
11543,-7685
13364,2040
-9785,-1661
3549,8347
-5449,-6599
1258,-7493
-2081,5661
560,-4595
-315,-11207
9538,-9434
-3081,-18536
-2274,10562
-9622,7416
3186,-590
-2935,2854
1385,-3303
-12683,-1798
-10025,5547
-3848,-16183
-275,518
-6139,4694
6089,9490
-4188,9299
12964,386
1946,-3958
-11742,12812
-7695,4078
-3415,7549
-132,-3502
16798,1322
-4610,201
8622,3567
11078,-7126
3263,-1384
4503,3271
-3623,13599
-6760,643
16049,1908
922,-16522
411,-5057
-3652,-5672
-4370,-8321
8751,-5710
8011,3435
-5106,-3712
1118,13592
-2847,-11525
39,-6273
-8637,-2480
-16044,-3023
-10660,1078
3939,3813
8900,-13594
1532,10845
-5595,-2975
-3686,4384
-3740,6118
743,4197
-10215,7742
-10209,14483
7388,-8823
5638,2685
6928,-8970
67,2443
-8803,5721
11930,8110
12319,3285
235,11281
5163,-2305
-8005,1456
4806,-11296
8855,-3663
-8702,-7816
586,4021
9314,-4204
8612,-1512
17906,-4304
-9686,-1488
-11850,-6652
-2783,5573
-4034,-9779
-2355,3897
-3920,-4819
-8898,-8542
10953,-4275
2522,-3690
-4305,-5595
-13055,15837
-6521,-724
578,12884
5173,5442
-8719,-5119
-8978,-536
-5717,-1157
8946,-6167
-1050,14804
4153,-431
-1393,10216
9752,8368
12542,615
-962,2180
-14115,1481
740,-6177
-3337,7633
19045,-3679
5415,-1935
193,-6192
9872,-5153
8862,-2155
-2646,3300
2156,-962
-19625,966
6991,-2249
6707,-2007
-1326,-12733
-4718,-9090
-5916,-11180
-5669,-866
14347,9149
-9877,2296
-2722,1808
-6088,4227
-1434,-5691
-4344,5165
-8845,-4386
-18232,-6399
5348,10177
5409,3087
13217,5589
-2932,6143
-497,-7121
-4797,11049
4880,11346
-5349,876
-3908,7823
-900,-6153
15935,-1559
5784,3382
12071,-10773
-8090,-3210
3413,5129
9532,4524
5015,12232
-1760,-6041
2241,-10981
-10718,-7266
12108,-5597
-6432,-6344
-5027,-5562
3030,-6155
4287,4994
5700,3278
6037,273
-22328,-11396
-3938,-207
-10551,2421
-4995,5187
-831,-181
-3702,-7681
-285,-4648
12794,11324
-7167,-2393
-1692,8560
-10378,3128
-1700,8905
3700,17018
3506,1328
-4624,-13548
2919,1033
1181,-8032
8811,14065
2295,4212
7571,-3468
3034,6811
11064,7572
2604,-4709
-5654,605
-5106,-20408
-564,1313
989,3532
14681,-2594
-376,-9597
6031,-7401
4371,-6784
-7751,11837
-4093,-4876
-8961,-1652
-12792,-5401
7583,5005
-5035,-3630
-1289,-6312
1007,-15233
-10275,1843
1459,10230
379,17686
-8406,-2035
4567,6493
-5664,-2461
-4865,8094
68,439
-8611,-7572
2571,-2609
8092,16351
6373,2788
11456,12767
4488,-10998
-1115,-910
-906,11138
-4627,4465
497,-5276
3530,-842
9450,-15647
6222,9411
7285,-8341
3600,-11382
-2093,-2900
-1012,4809
-1278,6694
-6144,8121
6003,-21176
-7182,-6269
-4286,-7495
-2614,-951
-7899,-4143
2191,-3129
4872,126
-8524,16462
6745,2454
-9825,-617
-7634,-9585
-5569,5698
-13437,5960
-1650,8797
11751,-5103
-491,-2594
13550,5434
-3710,10961
-1081,-467
2983,7673
-2555,-1408
-3602,14179
7403,6914
22,-11643
14364,-11175
1170,-4650
1574,-3170
855,14191
9475,-7536
4516,-446
5459,6001
-6578,-4285
-1277,-4705
-5799,-11797
2221,-17591
-10906,8796
3543,-928
3099,-3077
7659,-3275
1226,-7288
-8708,5969
-18697,7991
1407,-5412
-12720,2415
1897,595
-4616,3712
-2424,681
8215,-7824
5331,-2363
-12363,10081
4503,15230
-9588,10350
11203,2571
4970,1143
-6795,-708
-3049,1230
6487,-4922
71,-7691
16517,7927
-3841,5286
9595,5454
10975,647
5888,-11581
-6495,267
-6972,2931
-10655,-9415
12186,652
4140,-12041
5618,-5080
-3956,2043
5356,-11352
-1160,-3688
-2138,6026
-14539,-1331
-8720,13100
-2371,-6748
8629,-9828
-10821,-2365
-3699,-5019
-10152,-117
3483,8323
8115,-48
-3259,16324
-8224,6680
5902,3062
-7324,-1891
5391,-459
-11651,149
-8016,8161
13755,-377
15087,3597
7490,-1675
8455,6245
-11607,-2728
9096,5456
3167,-708
-6200,2077
-545,274
3304,-4703
8812,-15280
15793,-1811
-8757,-14138
-3865,5078
408,2196
5254,0
2465,3587
-7763,-1228
-12417,-14473
-986,2236
-1550,-16147
-4254,2481
-9982,2963
1309,347
6535,6022
7253,6659
-5627,-6515
-18486,12328
-7608,-4260
1060,8477
-2098,5007
4062,113
-3135,-1856
7998,4065
17091,-4843
-4098,11378
-3318,1307
-2293,10832
499,4597
16890,5104
-54,-8791
-7602,-6447
7819,-11352
1241,-407
11728,-1826
4219,6209
-6194,-6510
9386,6468
6784,-5981
-6874,-4512
-6904,-7191
-18224,-8006
995,-4884
8532,7987
1750,-12460
-2546,2435
-1396,-6728
-3106,882
262,10558
-14203,3186
-11697,-1611
-6632,11923
8835,-7543
1487,5859
-1818,-7013
-5747,-6061
985,10435
6814,13773
8260,6944
-8754,12111
6195,-7509
-770,5331
4448,-383
1108,-5513
-7032,-4972
3120,1017
21246,2112
4418,7943
13895,-7205
-7589,-5382
-4251,-4260
3725,5602
-4994,-2028
-8370,-5292
6548,-10061
-4114,-7009
16139,-2339
-2898,-4059
-9299,-11398
-5649,6539
-1781,5608
-4798,10080
2118,3042
-16181,-14621
-419,-4167
-4408,3686
-66,-3615
-5827,8299
1728,-1338
1204,7631
11360,19508
-1853,-919
-3531,-1484
-12763,641
3591,-1085
-2647,14892
10001,-179
4897,-10244
8648,2184
10453,-1145
8695,6239
-9105,1984
5255,-6594
-8856,4861
8266,6195
5857,-6004
-2289,-12251
824,-18668
5254,-4021
-7506,4006
11427,4225
-8970,-4693
1097,-909
1674,3196
-7869,648
-9404,-8099
-5628,-9045
-15841,-8340
8538,14068
-1917,3759
4526,-1664
2476,-1032
-2815,706
-7308,11598
-3077,14265
-12408,-8610
2560,8115
178,1606
8557,3747
3923,1568
7071,-11782
95,-2487
3960,20316
2254,4248
4537,11118
1692,-8978
7610,-6941
-5855,2210
4364,-5285
-667,-14924
1156,-1141
9414,-5271
4656,13465
1500,-2440
8723,-9711
-13045,-9735
-5028,3125
-9409,-1
-10965,933
5934,-13600
1373,-2165
-3142,-1739
7112,7118
-9970,-8520
-1967,2582
-4649,6890
-13364,15514
589,7539
607,-2263
-2506,-15301
3796,8819
-6831,-1840
1592,8423
8773,2467
4214,3250
5726,13538
1694,13047
757,-12596
1636,1520
-2083,-11865
-3285,7058
2777,5367
12540,-9125
13264,-8378
5473,3546
2389,-6684
-7863,9427
698,-11910
-1976,-2347
-8894,3509
-14,-584
1498,-11588
801,-10123
7824,-15865
-14524,9303
-4224,4051
1399,6289
-3597,-1059
919,5846
-8450,1025
-15481,1575
6300,-9606
-8477,-2326
-915,2973
1277,16673
1672,995
13037,5989
8373,-1178
-13068,5709
-1754,9998
-7878,1865
7202,-5567
6628,7962
2753,-6938
4621,4017
14949,-7338
4840,-9955
4015,7390
-9567,7870
1769,-512
3241,5173
9908,-17184
-6934,-4024
-5367,-5623
-2164,-13628
5708,-3114
393,185
2728,687
-11797,11909
8922,-7419
-3520,-4152
-10377,-1432
-14498,-1699
-12098,2927
-1272,549
17150,-3254
-8668,4764
4703,2355
-3766,3712
118,2780
1881,7937
-9446,9191
-12925,8196
14303,3173
1533,-7068
13196,-3668
-3979,-319
-3063,-2134
9786,8528
13958,4267
-1154,3036
5307,8805
-7555,-9565
9519,-6148
274,-5633
-4224,-11953
-8095,2426
8954,-1896
10416,-7988
12132,5614
-8249,-9778
-7584,-1185
-11033,2412
3447,-5753
-12003,3305
-6805,436
-3640,-10553
5582,2650
5819,-8484
-733,1185
-20047,7266
3362,7209
-2639,10533
4117,10460
-2505,-3266
-11981,1201
-543,-6074
11954,2041
-6333,1183
8365,7766
-1879,3602
11664,8659
17225,3431
-2708,231
-10810,-5720
-142,2464
-3952,-6659
15920,6265
1793,-8102
1176,-8280
9829,-3433
8641,-3523
-579,-3658
-5728,7507
-15224,-10389
2077,9086
3631,-3591
472,-10323
-9604,-8633
-5581,-9913
-461,-5138
3100,16338
-2171,-4332
-7067,10423
-4993,2237
5882,1919
-7665,3322
-9388,-1913
-10509,-8727
-4926,12605
15093,1201
8671,10832
-1108,-1926
7046,425
-3169,4113
3788,12573
911,523
-13425,3874
7285,-5587
10942,3616
7539,-7312
11113,-3623
-6083,-13989
763,3857
12373,7572
-2624,6588
2460,-4488
-4188,-5044
-4340,-15253
4449,4375
-5262,-13787
-9615,-7256
1793,-1330
1580,2484
9423,6465
-2179,5137
-9710,-16906
-12009,8256
-5642,701
-7122,6545
-4739,2907
-2689,-7970
6320,-1327
4257,12948
8026,-5369
-10050,8705
-3014,444
286,12293
952,16542
4242,1786
2616,-11957
-5568,-3281
14282,-5985
-1500,8956
6082,-1765
7047,-613
2895,2314
9766,9353
7793,-1604
-13593,-9043
3032,-13983
-10434,-2457
2562,507
7191,2732
1328,-15288
3122,-5852
7825,323
-11558,1974
-556,3100
-15874,-4504
-6581,-4151
-2471,13782
383,-4906
-4016,-6659
2641,-8493
-7727,-6121
2752,17595
-5009,13243
2972,-813
-4206,10251
4586,452
-5183,6906
-1180,2930
-3388,-14845
2561,1671
1566,10424
16888,6136
1808,6740
14436,-9038
194,-2875
-4043,10261
-1850,349
-1182,-3239
-3669,-8492
15773,-5158
-4058,560
11875,-5997
2865,-13678
-4070,-6387
-1406,5664
-3505,11429
-10467,-768
9319,-5953
-11931,-13227
-1730,-928
-6584,-393
-6412,-8599
535,-1984
3710,7721
-6909,8137
7072,16523
-6874,-8942
-1595,-3244
-10383,7105
-8296,4528
-4148,6742
10038,491
6611,-10244
9439,15251
763,972
5850,1772
-2349,2462
4190,824
-6707,10921
2120,10086
8739,-17093
7263,-6267
2914,-12605
3795,1094
-6957,2582
13675,-3086
2755,-3422
-1489,8773
459,-3438
-7754,-2607
-3662,-17784
1111,-6709
-17636,-2220
2664,7373
3243,-5213
4459,-2782
6862,-1736
-12319,7788
-13344,1350
-384,6925
-11024,-7322
-1044,11618
-4228,3724
-860,-1638
12413,-4595
4110,-1889
-4944,2243
-2033,23410
-792,-667
9271,10011
5083,1106
-3237,-1756
-2793,225
4104,-6441
8432,-14528
2764,11910
3859,-2904
5832,8726
10547,-3207
10316,-8815
-8681,-1949
-13139,2248
-2121,-11172
-2907,1678
9894,-12681
-1145,463
-5279,-4334
8846,-5420
-117,-6675
-8638,6020
-7055,3652
-19361,11064
5850,-3184
3833,-1022
-8753,-8637
-4541,2831
-5665,-4426
540,4856
13716,7490
-9209,11278
754,8620
2787,9205
2717,-9299
567,6189
-8127,-3423
-9716,1656
15012,5157
12051,-2459
13878,-1308
-179,7442
1988,-10483
2219,7277
5243,-2217
-8169,-1730
-5236,4204
954,-8253
14978,-12422
2115,-2934
2259,-16137
-13327,3078
2148,1289
5910,1549
-2624,6901
-10247,-1257
-4277,-7623
-11482,-1630
8808,-9938
-13819,407
-9069,1366
2865,4721
7225,6564
6651,6380
2317,2053
-23248,2309
2881,4142
-4259,6234
511,2902
844,4859
613,-4353
8802,-135
21508,3227
-5805,-3130
1415,6806
-6776,5983
7438,2649
9099,9249
2837,-9588
-8259,-12549
6098,-4172
2124,-12540
9952,3434
-4853,322
2104,-5970
664,7753
10959,-2075
-6372,-7839
-13406,-1399
-14707,-14350
-669,2966
-1081,3612
9182,-5489
-10742,-1096
4230,-1753
2180,364
-4920,12816
-9659,106
-10974,5977
-10817,5460
16657,5652
-3650,-991
1563,-4628
-756,-7072
-532,7233
10331,10851
7595,12722
-9019,-321
11088,5927
-810,-2780
6172,1064
-370,-6453
-8306,-10770
3393,-2395
16553,9125
6308,-5211
10743,3451
-5772,-14168
-1067,-1933
-1770,6439
-5769,-3555
-10254,-7839
-1507,-1425
2691,-13775
8281,7858
-1820,-11424
-5163,-8317
-10868,4828
1032,9891
-3496,9520
-6498,9224
-4202,-16188
-6163,3975
-1576,-1487
3305,2162
-10467,-104
4734,3192
6644,7287
4673,20219
10283,-850
-7289,247
-7456,-6853
4781,8280
-5526,3676
7720,3022
8523,-11266
3655,-2101
17995,919
3216,4799
-3990,-9179
960,2836
-7215,-4374
2829,11670
5237,-3949
-5426,-17326
3700,-14992
-1768,-2748
-1529,-4211
222,11846
-3087,-11614
-2185,5284
938,8351
-6226,-348
-7377,-5360
-11974,-7250
-5203,-10364
-5332,19991
5691,209
3376,1530
3313,-559
3165,2588
-3381,11948
-9184,11733
1105,-7928
-9397,8615
8024,1972
6432,6928
4015,-5178
10644,-10918
4279,-4568
-3508,13715
11815,7808
-5604,4826
8891,-8131
3589,-751
-4956,-4943
1232,-3323
1233,-16579
-6062,-9315
12221,3834
-4263,7028
7643,-1857
2803,-3774
-6179,-14174
-10814,7844
-8742,2805
-13886,-6322
5382,-2500
-3712,-4920
3998,1686
-1663,9785
2564,-12241
-5807,3840
-3210,11262
-10738,11110
-624,15033
-140,-5519
7897,-9870
-6910,7127
5101,-2738
-2450,3430
9097,1851
8656,1040
3469,16702
663,7244
11421,-6979
-7750,-6686
5973,-7333
-10003,2535
-279,1745
13613,-8976
10824,-7100
2270,-2313
7856,2342
-14136,-3752
6081,-4782
-8061,-3024
-10813,2826
-3361,4132
1214,-9060
135,-15760
8175,-2651
-16779,-3186
-1388,10940
-2449,5045
1901,-212
-3025,11594
-6175,5928
-10654,-5015
4383,1519
-5198,-12444
-476,9578
-4627,12373
11416,1269
10245,5178
11173,2810
-5595,-755
-7209,14607
-1668,-7391
7310,537
-2008,1628
9095,-2221
227,-2440
15104,-6358
11714,-13928
-5162,7420
-6163,1085
982,6240
-2546,-3491
12925,-5085
-11438,-8952
-8302,-4572
2473,-13117
-1704,-4579
1528,-2711
-1171,10549
-11773,977
11279,6570
-2065,-7205
-11048,602
-12921,2238
-14593,1243
2420,-1528
11247,8090
-3296,-5923
3255,12582
1707,-2002
4978,2203
1117,9788
-9917,7835
-7337,4467
6659,11022
12062,-14935
6679,2873
-2283,-7866
1510,-4013
6599,4587
12505,4006
3598,237
-6378,11420
4985,-13051
2664,-1453
-598,-11480
-4350,-8140
-13747,-4012
5385,-36
15728,-6149
-313,4885
1939,-8211
-12797,1941
-7760,-3384
2361,4640
-14643,-1561
-11724,3958
2415,-4434
-767,-716
14265,-3810
-6219,2840
-12784,-1666
1164,16638
2421,5852
1249,12664
1166,3445
-12410,-5070
7228,-2532
5479,2519
2214,-7913
-1206,11887
5139,-2186
11301,7732
17316,7764
-1613,-6112
-6107,-4878
-8800,920
6707,-10010
643,8104
4752,-10666
-451,-8922
7312,-2210
10163,-5902
2067,-2287
-17086,3058
-3466,-6794
-10386,9795
7036,-356
-1721,-5947
-12084,-9980
-4200,-8971
4039,-1030
-6501,9164
7040,3770
-14654,6797
2765,5471
6198,9225
-5152,30
-9796,-1716
-5843,-4082
-9026,2446
20081,11630
2724,3894
6721,-3093
5059,3925
4959,-785
1828,10203
1217,4507
-13982,-8075
7493,4521
5798,-1714
13748,-7242
1259,-4657
1715,-18019
-2163,-207
8359,12209
-1155,-1761
-1269,3529
-8040,-8715
4269,-8615
-7703,2402
75,-12048
-13018,-10997
-3722,2372
5925,1055
6090,13418
-4610,-325
998,-7008
-18502,2496
668,7806
-8602,5156
-9168,2791
2183,-6335
6040,4540
4128,4781
14920,4728
-12032,-4849
2762,5588
406,11860
-77,13849
5659,2826
2484,-8246
-2943,-13558
13776,5501
-2696,-6176
6378,-36
3416,-2935
5264,188
7872,10442
5178,2526
-8218,-19313
-3351,-2992
-9349,-11633
-186,5698
-1466,170
5130,-14102
1156,-5615
4162,6331
-2649,-3956
-9232,9586
-10889,-10289
-6127,5219
-9607,11711
5029,2059
-3701,-9043
-622,-5434
3618,-7119
-5550,19098
718,6570
4971,7052
-5526,2829
9213,10775
-2384,3618
-4529,321
5554,-14320
-4646,-486
5048,4254
13382,13639
3603,-6870
15132,-1162
3673,-5716
-6782,5919
878,2316
-7598,-6525
-346,-12733
5838,5825
-202,-9792
6664,-55
4698,-16491
-3855,-9487
-2984,9491
-8969,10944
-3765,-3075
-2006,4007
-2143,-16059
-8017,6330
-6332,-2333
-3137,-9793
-1067,-845
-462,9239
3026,8873
-3648,19168
8024,-9852
-4167,1502
-9106,4210
-5232,7013
-4788,3131
5829,-684
16617,-6388
-1509,11156
12811,160
3381,1088
947,-5722
3738,6264
-6994,7046
-3794,6671
15409,-10431
-1436,-13348
9086,-9917
-3898,949
-3013,-7850
8130,2101
4285,-4636
-6604,6572
2450,6524
-10910,-9615
2166,-12715
-8906,-3425
-11294,-7061
-7367,11754
6943,-4568
4583,-4602
6312,8001
-10940,2417
-5244,4949
-8518,6787
1157,-6445
-11514,14232
-907,5770
3024,-3799
11499,-1009
6658,-6758
1901,4689
-11278,15430
12771,1963
1726,7372
7435,3097
-869,-1082
-4666,-1659
4853,-11650
12251,-10015
-8622,103
10233,3561
-981,2449
13537,-3207
10041,-4516
-9858,-3887
-15009,-1741
-791,-2823
-9467,-9609
10252,-171
-8481,-3209
-1122,-4367
6513,-1179
3601,-7240
-9627,2681
-8854,13828
-17452,705
6767,9857
120,-2308
-1688,-5809
-10216,3723
995,-4837
3163,-680
8681,14717
-3403,2198
1040,16486
2385,4129
13779,-4395
-6723,2213
-4621,-2503
-7001,-4578
7311,7138
17483,-7858
10285,3792
-3128,-2322
11225,-3862
-2889,-1691
5558,1091
-7960,-3643
-14249,3535
4991,-8472
11007,-5008
-1201,-12700
4010,-5176
-16024,-8046
2315,5041
6264,4293
-7863,6303
-7365,1303
-6045,1446
-7039,-10421
6353,4224
-13791,-8997
-9355,3893
2605,7061
9082,5713
10048,7309
-564,8545
-11792,-7935
-943,14269
113,-1254
264,5535
-3987,3713
4323,-4942
12800,-2331
14974,5841
5866,-12141
-7380,9292
-1822,-1745
8474,7348
2432,5652
3332,-6390
-5470,-14794
-2889,-4272
12189,-14318
-2622,3362
-3541,-6544
1350,1555
-1801,2103
10724,5636
-2896,-6753
-21319,-4145
-5679,-9573
-9735,4259
1207,-28
4197,5078
-8066,-9099
4506,5052
8452,3221
-7633,7052
-3435,5080
-15808,5509
-2530,2550
9342,16778
3253,-8422
-842,-2444
3444,-6613
1348,-255
12358,13145
1343,9271
1578,-4725
1155,11895
9724,-6454
1858,1869
-2221,-8136
-6904,-16249
2030,-1314
7350,6685
15383,-5424
-3139,2634
4872,-14668
-3746,178
-4586,4948
-5955,-2927
-11954,-6379
-10165,-2727
12025,-4962
-4356,4480
6397,-9508
-7230,-6631
-9232,918
1250,14956
-1887,11988
-11532,4759
5103,-3726
-11519,-1262
6318,2463
-1211,3229
-5654,-8191
2582,5848
10371,9849
3640,12287
14731,9048
-7784,-9342
979,-4196
-2887,9169
712,-2365
-81,1968
9105,-9175
5119,-9601
15694,9034
2176,-5133
2516,-8246
-9614,251
1156,-3206
-6396,11453
2359,-21
-2184,-20778
-1093,-8177
-3061,-7874
3173,873
-11626,4269
5878,-5738
-7041,5100
-112,13507
-798,1483
-9556,-2266
-10829,-11511
-109,172
-13953,9840
11555,8457
1549,-2190
5849,-27
8410,6148
-2452,11591
-6748,3316
4071,2194
-11632,-3871
9639,12314
3289,2830
7249,-8949
10751,-10321
5189,-5744
-1997,3989
7304,16090
-3393,-8905
7867,1395
-721,-2222
-899,-4687
-4280,-4478
309,-16060
-3657,-16041
1134,12629
-388,-1654
5412,5789
-208,-6876
1593,-7800
-15822,6543
-10288,6287
-7931,-9254
-5436,3608
2479,-6623
1820,10242
-3199,1940
11349,-4743
-6035,-1966
-4183,14263
-3416,11506
-7997,14594
8037,-6300
6644,-975
-6431,-3530
7705,5366
-1118,-7343
7331,105
12451,3284
-2303,12797
6638,4848
8506,-254
-2527,-18493
1181,2778
-10305,-5521
-3925,-947
11875,-6097
6788,-9328
5440,-3022
-253,8379
-3942,-14213
-1254,3517
-6858,-5898
-12867,5200
-8086,7634
591,-7886
5907,-14382
-2700,2551
-4348,-8086
-9411,14207
1833,1432
4653,5034
-5914,12651
-5106,9019
-945,-3728
-4411,653
7748,-11878
-9700,9601
-1642,5921
13671,5947
11061,-73
10838,4566
2690,1069
-14436,6253
8998,-4862
-1306,-536
-523,-4032
3789,4900
2310,-9989
12382,-6954
15645,-9770
-11595,-2834
-1656,5088
-6853,5020
3434,-6739
2964,5100
-7673,-11447
-11880,-4836
3324,-7245
-3357,-12104
2147,3177
-10331,9880
-390,-75
2408,12890
7037,-5654
-11712,1190
-14139,6482
-11133,-3617
4728,3533
2043,6226
8855,-3107
-6099,10597
12709,-1891
7808,924
-869,8739
-7347,4607
-4471,7216
-670,4889
22638,-6768
-3800,-3736
3319,-8416
1507,-5974
5289,-1217
11074,2673
3522,3979
-12638,1675
12194,-943
-3594,-8247
2296,-8944
-10483,-6392
-13735,-9190
1671,394
14584,1450
-2997,-4482
3525,4811
-13638,-5106
-562,474
-4727,8157
-10702,-2318
-15588,4184
1537,4314
4274,-7790
12426,7096
-5986,-5284
-3673,378
-5186,14180
11024,7886
-695,10626
-1910,8762
-3120,-10460
4997,3799
5260,-5751
7763,-4327
-10915,1764
11558,913
11096,4094
12351,9023
5304,-8571
-9627,-2744
-8767,-7554
9179,-181
-9145,-3221
4350,-4039
-1891,-10883
3890,-2860
14146,-3766
-1994,-437
-16283,-6442
-3745,6624
-12071,450
5637,10365
-3783,-4379
-11591,-11070
-1566,-5628
2283,2457
-2291,-151
1416,15022
-9204,-3241
4462,14355
6258,10635
198,-355
-9061,-2342
-7528,-1909
-317,-5038
9447,19057
8652,-5423
6714,954
4257,-420
12435,709
1335,5812
-4425,3986
-4756,-12521
-4993,8125
10916,-5416
10131,-1622
-2917,-13564
5288,-13678
-2109,-5051
605,11341
5629,-424
-12598,3265
-1735,-8477
1357,2292
-8557,-5697
-1464,-3995
-11773,-14731
-9234,815
10961,8206
-1160,11616
2960,-1256
-1493,2767
-10127,-5662
-2105,16739
-5844,2957
-11181,-1237
4636,549
3145,2886
12460,2969
7478,8884
718,-15370
-1563,9066
3287,10048
441,10350
3871,5583
249,-10404
6143,-13603
884,6562
7997,-12648
-2502,-1681
3275,-6375
6480,1109
4390,11594
1370,1183
1234,-16479
-16091,-5208
171,-8711
-10356,6224
-3417,-3369
4915,-8897
664,-5035
886,6437
6221,2874
-17446,1421
-905,-4099
-12299,7997
-7226,9749
2505,9779
55,-10282
-1511,-8099
9886,2026
-9306,7380
7712,10075
-1,5779
3143,-505
4193,17398
3205,2705
-4097,-6366
6485,-7429
-5647,-11335
6854,7892
3436,9580
13670,-10483
6970,-80
8588,-4353
-5726,619
-3743,6285
-7063,-14320
175,-6436
-6943,3362
8404,-5519
-3276,-3087
8254,-14382
-1144,-10778
-8838,11953
-7921,7238
-1098,4432
-10170,-822
7266,-3179
-14811,3138
-3288,-321
66,-9357
-3494,-1990
370,7456
5379,17258
-5873,7698
16816,2702
-5049,-4070
-4959,5397
-5627,8150
-4216,-1313
5877,-4549
15080,2857
-924,-2329
14464,9359
3814,-8572
6500,-6819
-1842,6906
-6161,5179
-4812,1966
9701,-1597
2898,-22722
3797,-261
-6789,-7254
2032,-7608
-101,-619
5686,-1402
-6464,4814
-5568,13876
-1342,-13907
-2014,-3691
-11227,-8362
-7198,78
-15106,5554
9098,670
8656,-4472
-794,11439
-164,1412
-6263,9393
-5841,-1524
5251,5023
-15681,5962
-814,10978
8145,-3691
7739,-3685
14146,-6742
-1377,6135
-7235,1826
12722,11781
2785,-2878
5180,7917
70,653
-6010,-6803
8648,-11818
5437,-7467
-5174,-11656
705,12309
2447,-6944
11951,797
7897,-1529
-9169,-5545
-13173,-1660
-8308,816
-1155,-14728
-3943,9035
-4941,-7166
-1492,255
5040,-1295
7788,-5257
-6739,2352
-16883,14875
-3852,183
-3632,14832
6524,-2590
-1656,1047
-10931,-1724
5227,-2469
8359,-2810
52,10548
7594,4364
-6968,14092
11254,1704
13637,3146
-5550,-6519
-6193,-109
-3312,-6535
-74,-554
22101,-1869
754,-661
3303,-6478
6885,2419
3184,-10504
-87,4175
-8026,-1986
-18806,-3284
6012,650
3654,-5928
5039,-13170
-7016,0
-6407,-14100
-2435,6846
5871,8118
-7718,2860
-7435,9146
-8833,1455
5264,-6713
-5765,6534
-3585,-10449
-13734,2852
2612,7837
13423,4909
10316,10809
-3187,4514
2736,-3707
-9738,9057
10304,893
-5053,3845
-6177,266
6629,-3854
13852,-1406
10533,-1342
14162,-6205
-15654,-3228
5607,1272
3201,7436
1313,2070
-99,-2511
-4582,-12683
-5741,-11406
14199,-3141
-9780,-8923
-1202,-2662
-5404,2403
3425,823
6012,10939
-1155,-2022
-19555,-11148
-6256,2872
-10457,-3654
3105,6492
-5255,4653
1529,-8563
1435,6390
11944,7964
-1233,30
-6802,11388
-11989,-2089
2599,9895
311,13379
12574,-4318
-4761,-7116
4838,-5354
8740,-5227
5934,13490
2617,483
5111,1558
-5484,3191
17112,3002
-2170,-3679
-4765,-9199
-3386,-17251
-4646,-1926
5806,1077
13461,3986
-7438,-10107
8730,-3022
-4395,-3160
-5354,4950
-6396,-79
-15740,-6036
-9305,-5402
7702,9579
-2966,-6466
5932,834
-5956,-10985
-4476,778
-273,17788
-2188,13082
-6455,425
-84,8351
-2096,-8772
4144,11107
-1646,-3353
313,-9469
-782,3170
10280,11454
10404,7524
5899,13056
4358,-16167
-1314,1470
-4612,2046
3687,745
-6138,-5180
5473,-7347
11183,-9936
4089,8950
10854,-9003
-1586,-5372
-9998,-8831
1558,6990
-10289,6003
-3095,3022
3001,-16057
-9269,-9265
3336,-5900
-2922,5392
-8837,-7108
3400,5393
-4498,1412
-2407,17084
3616,8257
-10890,-6024
-3194,-9223
-6465,6220
-6567,351
3947,16093
7099,-7548
7032,387
10289,10669
-444,6460
642,1194
-3935,3543
21,-9434
-2144,17510
6721,-1160
7950,-9992
8661,-10967
5775,-8625
2546,2106
-5083,12154
8677,-10423
-3760,3580
1907,-1964
-1561,-205
-7440,-7876
-1105,-16039
133,-13256
-12298,7735
8398,3571
-3680,4588
5465,-6978
1572,1248
-14350,3263
-12041,7419
-2820,-3855
-12794,-3177
8564,4127
-5165,8664
5018,-1120
9596,1082
1483,-7182
-5922,13282
-456,16794
-8682,4248
12478,2788
1334,-2641
2695,-5417
-762,6606
7158,-13604
4637,-4617
9712,7482
-1457,3944
7416,10249
3485,-4402
8616,-16361
-11681,2025
-5161,-6210
-7771,-4944
5703,-3488
7916,-11844
3484,3094
-6610,2630
8109,-8037
-10946,-1431
-1907,-754
-15675,6226
-12759,8786
3473,-5849
6728,-6940
-7346,-4153
4098,2357
-14471,3507
8137,5226
4014,7312
-5921,11573
-2870,11164
2710,2063
-3096,-9727
10799,414
-13173,-2591
1650,7028
10415,5206
15295,-3430
9858,4231
2951,5535
-9300,-6727
7005,4889
-2730,-10367
-375,-308
-6016,3502
7313,-10636
9995,-9205
11393,-4832
-5866,-12008
-8902,11490
-5858,-2570
6129,1174
-7308,3744
-3025,-4733
-12722,-6750
-1081,-3301
4660,-14606
-6693,7603
-9444,3414
4089,9552
-1264,6377
13133,4534
-9438,-460
-17045,6278
-2072,-2921
-552,5354
3411,-206
8673,7759
-5627,-2168
17056,5344
11796,-2454
-2429,4065
-3517,5209
-8232,6536
3517,-2301
16770,5621
-1689,-15834
808,-3257
2219,-10078
5751,-6325
8888,3293
-2835,4317
-6563,-4499
3099,10090
3923,-14693
-2695,-2132
-13979,-8750
-11739,-9839
-1295,978
7962,4749
5087,-6147
-7898,10678
-1377,-8299
-1292,6923
-6219,5030
-7865,2256
-16485,2814
-3075,6887
15684,-4404
1630,7010
4596,-8067
-4186,3140
-2634,5189
13110,14227
494,7029
-6789,6900
7112,-4849
-1886,-704
12673,-7072
1275,-2150
-8451,-11041
7866,6414
13451,1121
7607,4994
8936,-2001
-13813,-9216
-1750,-7178
-863,4886
-4844,-11440
-6237,1571
-255,-10768
2847,-5051
13555,3784
-4593,-5446
-8857,-5971
-14161,9983
-689,-596
-4418,15962
-2172,-1916
-8595,-11027
-1882,-714
2226,-169
5698,1379
-10537,11057
4863,-1736
-1171,15639
10120,11825
4416,1301
-8886,-3666
-7524,-5637
7457,-522
-2811,9853
17161,-1688
409,-2917
8560,-3313
14138,4141
2019,1543
-7524,-2137
-785,-5447
-13284,-2173
14278,4002
1534,-3957
516,-17409
1365,-9652
553,-7073
-2905,6017
4177,8716
-15006,-6934
1153,3141
-4623,3700
-1010,-4957
-9303,-1340
-7383,-14303
-9116,-3285
6611,17799
1331,3531
5822,6569
-4684,286
3579,-1488
-8992,15482
-1476,4356
-8460,-5938
-954,5593
7848,-1441
13805,8797
2499,-769
12932,-11072
-6961,1138
5783,11800
2302,7726
-2678,4802
3701,-12662
6317,-5762
-4646,-4567
12316,-4368
-8435,-13320
2953,-5178
5783,3237
-270,10351
2721,159
739,-7405
-15740,-15718
-469,5542
-14275,-1875
-4207,-1507
1686,-5204
1233,-4144
2794,6506
4008,11403
-9577,-10568
-2826,7752
-11016,2847
-4611,14123
-2486,11066
4508,-8985
2701,-10063
4680,8142
1324,-3040
2271,14208
2674,-2596
8223,4677
-1265,14574
6846,5573
790,-10641
-1439,-6565
3768,-15775
-2986,9919
2459,-8
15579,-4090
2792,-7670
9245,1436
-1730,-824
-12049,2854
496,-13627
-8869,-2587
-7832,-2176
4948,6669
-3903,-12250
7384,-8563
2677,-8448
-13787,7648
-2706,10209
-6494,7429
-3948,-5490
1743,12070
-9637,-3271
-4260,3475
3084,-8009
-3144,-7005
2806,9946
-586,18355
5774,816
9855,11309
5227,-9153
-5768,7675
-6295,6626
-1736,-6054
6602,-4664
5623,3220
9913,-5561
2684,10064
13834,-14031
5572,-5696
-5466,3214
-6030,5251
-4548,1423
-282,-2574
12879,-17508
-9954,-1162
-621,-9191
-604,-5308
-1717,-6961
3656,3641
-5171,7288
-12703,10596
9279,-3829
-9404,-5852
-4727,-6350
-12544,5778
-12124,-2109
6229,5301
12182,-514
-3647,5606
6911,10976
-7515,2733
4591,-1684
-1919,9874
-8765,159
-6336,12678
11052,-818
9392,-11060
14837,280
-4119,-2319
2340,-815
2386,10362
12306,-5309
-2433,8134
-1218,3540
-2251,-11672
6481,-7175
491,-13233
535,-9260
-14187,6500
11230,-4705
6345,500
5679,1376
-5599,-4686
-14390,1219
-10910,-3730
5173,-4895
-16959,2222
654,750
-4733,-50
6936,-1416
11266,-1561
-5774,3525
-17379,7308
2521,11704
-7633,5063
11250,7492
-5053,1067
-5941,-5050
6170,-963
10795,-3016
-34,40
6440,13807
-5923,956
15663,8983
9627,2001
922,-8712
-11066,-1518
-2858,-5980
1698,-9545
13096,6936
986,-10797
4043,-702
1437,-1724
12138,-8046
-6786,1371
-10875,1016
-14538,-7308
-3555,8447
6147,-8975
4303,-4057
-13678,-7081
2378,-7191
-5132,1901
3501,11354
-2170,3378
-14018,12258
-2120,384
7870,4809
-8163,-3356
707,-978
-14095,-4898
1868,7637
17979,7462
6124,9208
2603,43
4079,5201
-4930,-4425
9966,10620
-6170,-3726
-7930,-2211
6219,-1172
11521,-2820
13889,-6387
7316,260
-8229,-17536
1083,8717
2492,2671
551,2759
-5530,-234
-5858,-10752
-228,-12988
2742,3656
-1663,-17190
-9661,2267
-5580,-1672
6875,6493
2020,11573
-1521,1895
-10251,-10848
-15661,6015
1031,-4289
-5003,10896
-5600,-1298
5061,-872
2163,2500
12312,10672
8482,625
-14249,5743
-403,-1422
-2740,13253
2444,6253
10693,4580
-2422,-14827
3362,-5847
14672,-2706
-913,3568
7883,18
-2130,2453
935,-3998
10372,13445
1336,-9020
-8359,-10972
-2981,-12837
-8665,-8572
6700,3804
1835,5357
1941,-15255
-471,4805
2762,-3819
-6286,5175
-8909,3487
-15589,-9042
-6235,-64
-3583,12367
9228,-5317
-4329,2435
2710,-11809
-1558,1758
-1974,17489
-569,11236
-841,3513
-8171,5951
12087,-1569
-4686,8396
4553,-6039
1059,-9553
-1582,-2438
9176,10518
14118,10333
-1123,2967
15081,-7851
-7256,-3726
187,657
-1568,3023
-6430,-12180
550,-7608
11460,-2673
-1036,-1369
14219,52
-6195,-12402
-3228,-9086
-6999,12064
-7024,4049
-8190,3141
1918,-6511
-7747,-15518
3058,5172
-7168,-570
106,-6969
-6010,6020
3482,3865
-3940,16993
2204,14958
-2890,-11190
-2287,-1366
-9322,867
2402,4388
-6793,9245
14640,-5049
7706,-1713
7659,12452
7136,2359
1265,2759
-5918,-6080
6805,-329
-12352,8031
9238,3373
6929,-12249
5675,-13176
8470,-9001
124,3613
-7616,-623
10623,984
-8822,-6007
2309,6787
-4529,1831
-7226,-10280
-998,-14476
-2900,-7828
-12515,-2295
3980,16322
-2741,-5214
8352,1053
-713,4352
-8594,3569
-11678,7008
-4425,1204
-6260,-10435
368,16044
-1669,1075
8764,3832
7271,-2496
10174,-5788
-5655,9220
-4318,18220
1702,-2081
3937,8690
5556,-7456
4014,1297
-5655,-2885
12574,-11133
4231,-11004
1652,6619
5569,2349
-1554,10660
8390,-9037
8505,-5890
-15307,-7850
-5747,983
-8193,-9369
-1661,-5148
11036,-6521
-4951,4022
-1554,-1749
6488,2816
-6602,-11793
-4563,8953
-15042,5753
-15043,6943
6118,1159
2894,-4568
-249,-7126
-2554,10990
-4018,-8021
5679,10232
5611,6333
-4029,10083
-1880,14336
2109,2428
8332,-12517
-559,4968
-3253,-10689
-4232,7567
9917,470
18108,-3205
7979,3546
-747,4169
2778,-8263
-5036,3345
6034,-12019
-9418,2175
-9595,-1611
7758,-5705
9189,-10721
5177,-5705
2452,-8186
-19787,5046
2991,-570
-465,6347
-7269,231
-5662,5116
-9461,-7177
-3930,-5063
10732,-5909
-14342,-324
-2927,5832
-1269,12995
7387,1457
9470,13203
-3428,-548
-16192,1204
1832,4631
-2617,-2622
7709,2344
-1564,8324
6123,-7641
11374,7498
17728,-3402
-866,-2440
-5718,8212
-8374,-903
8441,1263
3356,4678
8198,-15080
-8966,-5135
5222,-10843
7536,-9463
2655,3855
-5672,-377
-1838,1268
-7474,6054
14665,-5578
-11324,-3681
-12956,-8156
-10511,-7900
-4483,902
5031,3297
8217,3101
-14198,1387
9392,2925
-3415,4044
-1841,4923
-9021,6027
-15197,1206
-3329,4730
17795,7118
30,-5105
9356,551
-5232,-3932
5469,2164
8534,15585
3069,5035
-6886,1548
5721,5036
2164,-11235
11858,726
-4523,-10158
-2021,-13213
-1183,3966
15518,2462
7415,401
1942,4475
-6880,-16319
-2782,748
-6966,-859
18,-6014
-17383,-3119
676,-5420
5597,-5085
5947,7849
2151,-8747
-9173,-168
-15933,2001
5797,11617
-10563,10094
-1653,4303
-3919,-8741
-4821,-293
8664,-784
4197,5757
-9995,-2762
8055,9847
-543,7117
11689,16177
6892,3045
-8445,-7854
-2754,-7367
3686,4761
-513,-4079
10895,7662
1676,-13027
9965,-939
12524,5231
3484,-2158
-5916,-6116
-8077,-600
-6408,-10263
2807,14448
1744,-9797
838,-13688
-3092,-10537
3187,-5530
-1414,3352
-6071,11188
-4124,-10023
-8120,11536
-694,2646
1094,3458
-12698,-6210
-4616,-10157
-4692,-4012
-3096,17452
11949,4387
-1108,8113
2854,-3683
7076,8648
-7616,6766
-1216,7462
-3657,-7189
-7926,974
14900,3505
6402,7629
8983,-9073
10821,-3965
-1710,-10015
2392,13996
3555,7664
-7118,-2499
6606,-6549
-847,-4431
1978,-9468
1630,1652
-2204,-22863
-2690,-3682
3721,6151
-1540,6614
3367,5097
-4675,-6041
-3855,-15200
-13362,11419
-6526,-4783
-9298,-210
-885,-3471
3704,-2629
4239,10515
-833,9519
5878,-8823
-12605,6473
-929,4214
-7730,16570
-3821,8368
7566,-6205
6208,-8069
-676,3013
12798,1072
-6569,3858
11101,-3172
4657,7096
-467,9492
5852,8799
4525,-10137
-5552,-14776
8268,-6611
-12182,-602
5830,-276
7716,-2378
7138,-12303
4222,5760
500,2256
-12583,-6345
879,-3186
-13954,-8722
-5072,2997
-6733,9642
4628,-13517
2417,-6418
4379,-3274
-10201,1016
-4765,17168
-6374,1362
3647,1671
-8821,13137
1576,1024
-7410,1456
4672,-6112
2933,-10999
-1509,12712
-1210,10781
14087,6543
2491,3769
15965,-1889
-8254,3665
-6589,4528
2535,-8101
2184,-4679
2044,-3234
11943,3685
-3564,-3449
20150,-6781
3298,-9999
-6282,558
-7131,6721
-7284,1752
-1745,-7795
10388,-2499
-12829,-12041
228,-279
-3166,-9168
1437,-8848
-757,6707
-6432,10453
-9248,5324
6296,10062
-3462,-13492
-4633,3635
-16161,2308
-5191,-2227
1946,4472
11892,3572
2738,936
943,17939
3602,-5625
6852,4385
-5392,3358
-2597,4085
-11071,7177
9648,1743
16781,-13189
5073,1648
3055,-9297
1822,2123
-199,-1592
15214,2915
-6933,2015
-5477,5782
3993,-9426
-1174,-8064
4245,-15353
-5450,-2903
-15857,-6707
9653,6112
5982,-4085
2480,4066
-2333,1098
-16621,-709
-4551,-4176
-1286,4747
-13446,-7521
-5861,12080
-1513,-3653
8892,-58
12525,2956
-5036,847
-9613,3964
-4028,17231
4036,-2062
3022,15997
-2179,-2093
-2104,-4453
5667,-1769
11540,-5272
5653,-4177
-5826,12597
7001,-4004
7894,12337
12184,-1312
2763,-4992
-13878,-6417
-4458,-6435
6710,-9413
-2236,3327
8593,-9399
-5052,192
5240,-6001
12662,33
-7502,-4175
-14958,1931
-9430,-2264
-13003,4235
12252,-435
-4392,-1465
-7999,-11879
226,1388
433,-3571
347,11173
743,9592
-16324,5199
5376,8823
3152,7447
1993,-7210
-7001,4029
-6293,-10519
374,4693
17166,12064
6280,1243
6946,3560
-777,3062
9609,-6390
-1147,11036
-868,-6871
-10752,-5484
1633,1162
12129,-6050
14605,-3087
-2321,-5814
4596,-15841
-9825,4584
6858,3882
-2743,3668
-10885,116
-4992,-8834
2429,-5814
-5936,-2554
6565,-8958
-19113,-5359
-789,727
5290,11199
1714,10463
-888,4210
-5044,-3463
-16823,-2599
7135,8424
-10945,2687
-1469,-384
1381,2473
7829,31
12299,10318
11195,5469
-10725,-7909
1925,8237
-4825,5446
7067,8203
1426,4870
4176,-16590
1901,-8744
12291,1758
2985,-8542
2939,4782
-4717,-6016
7047,1407
-529,12044
7024,-5401
-10205,-14238
-8234,-8958
-3547,-12486
-1171,9092
-2644,-1971
7311,-6327
-7820,-589
9312,4960
-5208,3703
-12898,3761
-9068,-8366
-10230,5900
-5046,7058
12068,7744
-7074,-8506
8175,-4424
1656,377
-2558,13834
3441,11108
-2349,5771
-4397,-1858
11670,13309
-2963,-3428
5670,-1851
825,-13214
-193,-7470
7852,9827
9584,11576
4578,-7458
9309,3166
-1442,-12753
-1079,5895
-6693,-660
-4612,-14133
-3566,-8213
3987,2237
5732,-6333
3283,6475
1460,-19292
-3192,-2717
-11929,8648
-4142,8823
-10093,1806
-4277,-1567
2696,-12682
-7432,9370
289,-5003
345,-1735
-7214,-2514
6396,12276
-2028,14958
-1690,14859
9031,-6866
-7852,-1929
-1832,-1866
-939,10502
-5443,-4227
13100,1458
10570,-4326
4435,8759
13548,6026
-2022,-3237
1753,-10601
-1268,7072
-8448,-2481
1424,9208
7962,-13839
4133,-16467
8033,-3918
-4565,-909
-699,-5263
-1188,5613
88,-10418
-6755,14013
-4278,3402
-4796,-10380
-2193,-10473
-6894,-8065
-5131,-1695
-10206,16569
9558,-5957
2897,5351
1684,5377
-3587,7022
-10147,6192
-5930,-606
3407,-5643
-12765,12269
8441,4013
4356,3628
11714,-7393
13035,-1667
-3375,4799
-7217,12115
9605,3278
-4551,30
11940,-972
-3132,1847
-1098,-10114
9345,-7886
6317,-15027
-3863,76
5803,9942
-6072,141
13492,-2164
805,-3408
-8094,-10493
-14310,4615
-5286,-9888
-4297,-9522
6111,3733
-6813,-2373
2912,4598
103,2118
6766,-10420
-13057,10325
-11534,8171
-12592,4267
2266,8317
5141,-6999
4087,17
-10012,4654
10380,-5148
-149,4564
8584,7491
-1162,8946
-4927,14921
6209,-581
13615,-5083
-7884,-5532
4245,-3887
-10696,-2233
10944,-882
17535,-1923
4467,1442
-246,375
5812,-601
-7300,-9769
7667,-544
-16485,-4650
-9918,-1267
3422,-1701
9106,-10494
4084,-7957
-65,1119
-16553,-8244
2789,10515
-3287,2279
-4012,4330
-12121,9036
-4718,-4116
-445,-7131
5695,2923
-7739,-10418
-6219,12753
-1498,6465
15793,6686
3875,11823
1840,3090
-9697,-2922
-3390,7735
6364,-8461
1440,6858
-4813,-888
12253,-1038
7407,-584
20233,-54
3543,-6245
-13164,4842
-906,-3624
2784,6096
283,-3678
7352,-3076
-11969,-14878
4833,-6918
9781,-9206
-4480,-856
-3195,-434
-7191,6689
-3715,-1440
11294,10375
-9676,-10532
-14083,-3802
-9560,-5234
-5608,-1816
6067,5083
1053,8550
-4724,-6641
4943,14625
5201,-1684
-420,7966
-10472,5808
-12134,-630
-287,5161
9768,11406
11476,-10446
-82,4321
3593,-11252
7977,3528
5092,10383
4193,4655
-4348,-462
-2991,5596
14550,-9983
-58,1174
-514,-16171
-3835,-10243
-4692,-4121
13251,6306
8740,438
-7340,954
3979,-10102
-10566,571
-2195,-2913
-5856,1785
-17902,-11065
-3361,1026
8591,-376
685,3192
8848,-1252
-13124,-3336
-6191,-349
-622,20503
-4488,4155
-6228,8622
-291,-3779
-3102,-5119
12139,5881
-159,371
428,-7750
-1732,12295
10193,3180
7419,17291
7546,4741
-3923,-13058
-1336,-3898
-2023,324
7831,-4977
-4913,3833
10169,-14136
5523,-783
10770,5233
6396,-3940
-6193,-5890
-14122,-5540
1859,-2671
-12147,9949
6881,-5034
-4024,-12158
-3250,-11848
4522,-1857
-862,4300
-11132,3489
3023,1061
-15013,5349
5890,11610
-2546,6951
-8122,-9850
-4866,-6618
-1793,-1469
-5118,8527
13616,14803
-2503,-2699
10649,2225
3752,10371
1603,2969
-4689,6349
-1648,-5884
-6343,-7698
10228,13507
5306,-2237
13576,-6218
3594,-8022
8640,-10882
-3869,10299
1514,8852
-3720,-9032
-686,1165
-1008,-8390
4587,-1846
-8727,-5722
5814,-18910
-8514,-8070
-263,9112
2172,6090
-2605,8787
-1797,-8721
997,-2772
-19375,3109
-1081,4612
-12282,-5313
-2765,-2169
7013,1784
1286,12230
3269,3856
10092,1474
-10651,-6591
2250,14754
-8864,11749
-2914,6434
8334,-2910
5864,-6986
2971,-3517
9480,8992
-1350,-12849
9826,3044
2551,2297
1847,8933
2107,9449
4672,-9024
-236,-20081
-1917,1540
-7101,-11418
-629,4375
3458,-7992
10785,-8070
-1205,5423
-575,5622
-4210,-9488
-9356,1368
-6203,-11218
-11850,10885
-10662,4285
8945,-4797
788,-9527
3099,880
-1196,1374
-12604,14610
3751,-30
440,9172
-8076,6579
3473,12703
-4563,-5155
4192,-5848
9470,-8461
-8325,6193
4948,8120
9596,10159
8777,-6733
13013,9056
-4198,-2778
-7717,1727
4406,-5760
-2428,-10520
3501,-3426
744,7813
5008,-13038
12405,347
7747,-14079
-7505,-500
-10269,8695
-8812,-1025
1726,-5294
-2817,3405
-2230,-13222
-10063,4167
2114,-11916
2968,-7200
-4859,6814
-7284,10820
-2114,8105
-2780,10807
11368,-8382
-12937,5625
-11006,-513
-3160,832
1091,-119
9966,4542
8813,4488
-6275,10428
17638,-598
2264,1365
168,-1099
-5723,8654
-9758,13
6164,1342
19820,-7012
-1547,-8380
8652,-3775
-3823,-3891
6920,-7272
6468,8035
-4420,-2051
-10450,5268
4569,-1096
-1978,-15261
4825,-6929
-14196,-6513
-7813,-9145
-1811,8911
11980,-3355
-587,4427
-4060,8326
-10956,-5391
-1317,3247
-7858,2103
-3726,-3582
-18226,10462
6278,-619
10112,-76
10457,5429
836,-2819
-5790,6464
-7563,9006
15146,5885
-7154,9635
2794,1629
-1082,-4715
5075,-4463
13977,-7326
5441,-2848
-11187,-927
12836,5498
2077,2813
15191,3262
-260,-3295
-13007,-10527
-5029,-6844
4725,-4080
-6565,-8386
5255,2912
-8389,-8803
9450,-798
8095,2899
-3099,-5672
-16960,901
-11255,4956
-9080,-3147
6240,13454
-5329,-7161
-2713,-6221
-4583,394
9231,-2125
-459,7607
-3277,13484
-6898,-873
1309,17737
6442,2889
7911,10
-13272,-3667
1032,-7631
900,-765
10477,12105
13249,-2404
1111,5369
3204,-4296
14691,2977
-5912,-670
374,-1761
-11678,-9993
-5057,-271
15305,-3286
7005,-1467
-760,-14363
4210,-5133
-9220,-7861
5133,11704
-4569,2665
-14296,-1419
-3134,-2573
-1363,-492
-1227,-8023
-198,2243
-13878,-17016
-2670,7519
4706,11718
3830,10041
203,7166
-5581,285
-4838,-6612
-1687,17056
-2929,-5880
-4891,3075
-308,-531
12933,1786
12588,8904
8047,4782
2544,-12843
-8012,9138
4240,866
2211,12052
-2702,-1796
6463,-11841
2215,-11414
5789,398
11661,-9039
-9363,-899
2062,-8585
1934,8100
-1820,5616
5307,3445
-8158,-16073
-13339,-10421
2129,-5124
-11481,4131
1572,-2544
488,739
-1829,-6838
6412,15114
-109,3338
-13489,-654
-4852,-467
-13925,2681
864,9175
2267,13412
4026,-15141
3780,485
7526,-234
-131,7988
3470,13364
-3310,146
4240,15
34,16019
9447,-5688
-1831,-2591
3384,-15983
1812,-10647
3254,9382
5244,6219
11878,-5495
-2681,-316
10615,-8214
-8914,5140
-6607,-3515
-4685,-12664
-7601,-8420
-2107,1370
10237,1807
-6827,-1968
11613,-11941
-7874,-3230
-8969,6809
-6118,14146
-9169,1101
-6831,-2403
6774,886
-11638,514
6961,2550
-3203,-5354
452,-6477
1754,16686
2074,14339
-927,9651
11403,3602
-4863,-11321
1999,5408
-7421,5324
3270,-8452
4220,450
13595,-3374
5206,3208
9829,11326
3301,-13271
4267,-5485
-9919,1616
-1048,520
-10100,5218
8828,-10553
5612,-17709
440,67
-1472,-6461
326,-866
-8236,-3280
7232,215
-15168,10341
-3438,8968
-996,-7845
-5706,-8755
-4079,-8701
-5583,5867
-13993,3980
14607,6068
906,-662
4605,9939
-507,10359
-7903,3381
-1417,-3335
2227,3023
-12291,-494
6804,15335
4720,-5169
16064,-6534
11526,-723
-525,998
-4622,5485
5079,8730
1298,-10944
4730,10012
-4451,-4428
2497,-8281
3675,-10405
7893,-15047
-4008,-4931
-4914,13470
2591,-6699
6307,6196
907,-6675
-4416,-2397
-20127,-113
-3567,-5816
-1822,-10602
-5807,6573
1140,-2252
-2865,9608
4344,-3691
11837,635
-14322,2564
-10738,12989
-7055,4515
-4063,6939
12622,-2591
-1453,3855
-4525,-4768
11564,3867
3768,-7409
6823,9740
1137,9232
-7438,8959
12301,2548
8808,-1878
-1211,-14186
-3924,3941
-5970,-13670
6976,-389
14655,-746
2360,-2820
1446,1887
155,1200
4204,-14864
-5090,6402
-12100,-9663
-14530,1423
-825,-235
9843,-8687
4689,-5390
-8374,1527
-2228,-9352
-7790,12176
4190,1529
-6601,9905
-14501,7783
-1195,999
4820,-4514
-1615,558
4081,-7075
-15795,7475
6984,4257
14577,11965
5208,5942
2584,7137
-2814,-2377
-6861,253
14178,-1568
-8272,-514
-412,-3782
6087,3245
12540,-8184
16313,2465
6312,-5526
-15239,-5763
1983,3834
-3842,865
4231,-2603
-5373,2168
-4523,-18485
-530,-4854
10022,-5629
-4758,-8489
-5719,5581
-11222,2574
5526,3436
-793,14125
758,-7990
-18019,-3204
-8867,-2090
-1286,-4211
2709,9463
-3517,3680
5997,-685
-3329,10581
18101,3475
-2013,5888
-10122,3776
-7342,-1179
-914,7165
5591,5798
17772,-1634
-7858,-7386
12577,-6856
6327,-94
5387,4798
3052,4595
-5000,-263
-5039,-1214
16616,3634
-5286,-10403
1738,-10697
-9283,-13081
-2179,-8127
7302,8373
6750,3067
-7046,-6547
2660,3717
-8189,-7485
-73,5330
-13447,177
-12032,-11056
-9442,2710
7953,6047
5190,-1797
3779,7501
-6174,-11504
-878,6572
-6186,16170
3903,8262
-10807,5590
-220,1151
5556,-6642
5676,9644
4944,-7985
3159,-3977
-6573,883
16888,10556
4190,11169
5452,5509
3502,-12956
-6407,-3889
927,-4899
4910,1766
-10234,-11092
10181,-4483
3516,-5646
8262,5685
8863,-1435
-9358,-8245
-10412,-9511
-3358,9106
-12075,-1015
1731,6820
-4575,-14876
-1942,-10040
4165,2723
-1833,3274
-5810,-2095
-3819,10237
-5886,-2001
1242,23043
-1047,4824
-2586,-8137
-5705,-6030
-1181,-484
1385,3912
2401,17266
9396,-9658
6673,8039
6223,6074
7522,6322
-6314,172
-2684,-6118
475,-8843
-3710,12758
13373,-4455
6761,-4295
5131,-16109
10757,-3803
-5322,2510
-3071,7937
1559,-6847
-11384,-1588
5003,-3068
-3416,3406
-5891,-14078
2821,-9768
-6709,-13981
-5382,9703
4455,11908
-7186,3476
5599,-2845
-4282,4133
-10101,-2273
-7752,12894
-6622,-10298
-4778,-2545
6558,8573
749,7502
10118,5674
4878,2225
4625,-11353
-6621,18478
-2798,8006
-3054,4327
5787,-516
6632,-8895
7356,-1659
-638,4351
12705,-16027
-1007,-76
6264,309
313,9939
-1724,7698
5018,-8975
4430,-15370
-13434,-3780
1709,-6454
-12205,-1245
5949,-9085
7672,-2233
-2795,3562
-1671,7170
1895,-3410
-14459,-6745
458,391
-20374,7564
-6542,4492
4615,1929
5438,-11410
1677,1922
2636,7777
-11408,1979
8886,8781
-3429,4973
-542,7973
-4026,16775
4303,-7279
3909,-8550
8738,-3146
-5965,-5463
3924,12378
5388,2274
18413,-4803
2415,8475
3461,-1791
-8073,-2858
530,-3439
565,-16313
-2264,1848
-7346,751
12803,-6814
2438,-5396
13469,-8957
-8291,-2451
-15037,8331
-4670,-1957
-1030,1585
-8662,-1400
2541,713
-16080,-4312
7564,-5860
3535,-7074
-7095,4429
-5226,11455
-1582,13332
-772,2705
14841,7761
-13258,-3747
-6896,4119
-3531,-294
3578,-4255
8554,4168
6250,8679
-819,-1407
16903,10373
6702,-9310
2661,2260
-11308,5592
-5680,-2502
3409,-650
13620,-1526
3915,-16318
-2,3055
476,-13795
9151,-3419
-1821,3089
-1767,1372
-12829,3162
-1475,4314
7196,-15450
-5499,-905
-11792,-12343
-6825,-2207
-7171,769
14413,5128
-528,3190
-8837,10138
854,-2173
-5527,5826
-2722,-2096
-5153,6561
-19337,-899
7210,8158
13322,-1263
7793,2894
7917,-320
-7765,3416
676,1412
10809,15505
-3921,-2077
-1250,8511
1068,-6083
5668,-8231
14840,-5090
-109,-6383
-4966,-9626
2449,11688
9757,-5593
8626,9452
-1509,-3856
-10359,-11580
-5855,-4953
-1312,-3504
-641,-10940
-10955,6479
788,-11828
4859,5042
7761,2013
699,-2419
-16622,-112
-14992,5590
1512,976
-7661,14362
3496,-5226
-6216,-1693
-1468,-4460
12923,3475
1818,3468
-7655,9097
3421,4339
-6055,12919
15794,6637
3290,3745
-8455,-12623
-227,-2909
4230,-4952
4904,5316
15562,3308
-4490,-3948
11038,-1897
8305,6365
1712,-8271
-7714,1465
-9605,-11705
-8391,-4819
11824,5729
1952,-7534
3985,-11741
-5270,-4078
2975,-10313
-4340,13788
-3314,3724
-13704,-3311
-6232,5737
-1559,-939
5080,-1699
-11404,-802
-536,-15294
-9771,5935
7048,13107
6689,10405
-1336,8850
-2696,-1507
4978,1282
-9821,9199
7225,-578
-11650,-2947
1705,-2048
13986,4673
11782,6622
7955,-1014
9006,-6669
-11938,-4215
9897,9356
-4996,6439
-1585,-4405
2293,-7600
3153,-11763
3551,-4205
10348,-1235
-11024,-16038
2935,46
-4094,5225
2556,6967
-2284,7395
-4338,-13643
-11982,-13057
-2539,5556
-9326,-5717
-766,4941
-4776,-3318
7538,-1621
-105,15954
5527,6937
-7696,-4987
-9116,5242
-6796,-2031
-1075,16742
-3086,6231
13350,-8242
-789,-5397
11726,2998
5357,3649
-2173,10404
3351,-4802
3068,6489
-3578,7036
13816,5250
-5442,-12838
4085,-14212
3513,-11219
-3563,4791
6326,2534
7998,43
-2090,-11107
10176,6719
-9568,-2816
-7023,-1522
-6122,-10675
-10565,-9821
-3043,2294
3033,10283
-1087,-12389
7947,614
-3702,-8969
-6639,10251
-9114,14941
-6604,1030
-3968,-1666
-487,10151
-845,-5121
375,9534
2579,-13079
4787,-3734
-2489,12959
4828,15348
4099,6597
4520,6019
8813,-12698
-6074,8756
-4114,-2829
4624,-5069
-486,-8478
12072,336
7987,1737
1058,7418
14651,-12625
-2767,-5084
-7195,-4508
-4968,9330
-12422,-4278
4656,-4816
7512,-13816
-7061,-3563
4348,-2093
-5628,-2158
-1749,-9646
334,11768
-11637,4351
-7055,14730
2399,-2494
-5578,-11733
-518,-2183
-11818,5543
-4172,-2451
5180,12543
10072,-5090
2343,13402
1453,12640
-2200,-1101
2955,-1195
-4105,1797
-1760,-2669
-7123,15758
13954,-8635
14017,-5744
10006,-2460
2691,-1637
-2250,3208
-2092,3260
11769,-7369
-10277,7848
1247,-3036
-947,-5985
2456,-14699
7139,-12673
-4256,-4978
-13772,5977
10660,1473
-3149,1572
6943,-1302
-8812,3735
-16700,-4815
-5056,-1560
202,-6969
-11745,-138
3844,9326
-6905,2588
13533,-131
7577,5285
-5406,-1941
-13671,14044
-3297,7505
-2640,-475
11598,8614
-4048,-2702
3943,-3135
4374,2051
15314,-11101
1054,6432
284,10211
-3229,1582
9733,9143
7475,-6839
5193,-9227
-15993,-2231
3084,-12832
500,-4912
9692,388
4036,-4830
-3118,5041
33,-3760
11591,-5198
-15184,-1776
-6848,-2082
-19585,-1148
-3438,1125
11194,-4057
1326,-1898
-8542,-4368
3701,1836
-9715,96
8722,11179
-9722,8424
-12583,7259
497,6139
6742,-908
710,-6368
3244,3395
-13483,-7763
9530,10483
11813,8668
10032,4333
230,7723
109,-624
-264,-7700
7603,7141
-5734,-12687
-3438,902
47,-2018
18578,-6271
10555,23
4730,-3809
-8041,-12428
-6928,8624
1058,-4840
-237,5376
-13295,-3298
704,-10038
-3868,-7845
7110,-1950
1378,-9903
-15385,5498
-4678,-312
4579,13532
-3006,7257
4394,4643
-16767,-7821
-9094,11
5212,-943
-4368,6758
853,300
3744,7382
1941,-524
19371,14985
1773,-793
-9533,1032
-3890,1226
-3619,3969
8824,3212
8973,5317
-411,-19650
8158,581
9742,-6405
5512,1490
-394,4100
-7111,-2809
-105,-2090
4758,11115
4037,-15985
-7766,-5516
-7891,-17609
-1016,-6481
1302,7441
3083,3697
-737,-5980
-7927,7114
5764,-5495
-7550,9942
-11669,-3897
-10342,-5246
-11652,281
5122,9764
12242,1908
-5168,3195
7766,-8600
-4343,7683
-852,10013
3100,15138
-8995,-754
-2315,2703
12192,124
-370,1677
12570,-5784
-2682,-7241
537,-8020
10477,16973
7578,4913
1829,3421
6175,-6601
-7744,-11155
4186,-132
-5413,-308
-3229,-17670
-2264,61
7891,-6790
4980,5122
6750,3493
-7206,-14046
-6517,-4336
-13077,9136
-2096,724
-12038,8631
1109,-12372
-1544,-7635
1664,6167
1249,281
-1139,144
-11104,4860
7256,5469
-8381,21193
5481,7521
-254,-6077
-5214,-7639
900,-1138
4415,6448
-4979,5002
18341,-1834
607,1101
12245,7745
6701,8258
-3696,-6273
-3359,-8159
1069,-3207
-9614,989
13582,5874
908,-12895
10232,-15038
4835,-897
-1288,-1670
-6519,4457
-334,-349
-10862,-9890
1513,10890
-7743,-891
448,-10662
-5575,-9212
-61,-12829
-8397,7274
-100,17486
-649,-3065
3811,7407
-4157,1286
-679,5355
-15391,7930
1271,-7179
-4824,-5495
697,11812
7479,4413
8153,9159
6787,-6277
13877,-2549
-12124,7915
1702,11887
-2598,185
984,-1748
10352,-7358
3116,1555
-778,-7141
15329,-7042
-3867,-14178
5838,5765
-2253,8555
-4186,4607
6573,-5973
1231,-9328
-11672,-11897
-3585,5778
-11749,-13731
4034,-3126
3336,-720
-1623,3734
-1427,9065
950,1745
-4938,-13204
-7320,12352
-15856,167
-7350,10471
952,986
10991,-7987
1922,1577
-328,9981
1921,-4961
1133,12289
3957,-802
-974,14435
-7677,10929
10189,-2413
5927,-11972
2601,-3494
3325,-8118
-6784,8902
11090,-4436
16312,2156
-189,-383
4226,5710
-5219,-6854
-4814,-6339
5857,-12121
-13833,-477
-5109,-2910
6792,2110
5152,-14739
10235,420
-5755,-3664
-17306,3954
-792,4199
-6677,1326
-3888,-913
-7100,11518
-6918,-11497
4118,991
6944,-7281
-6202,456
-4840,14532
-3207,11148
10135,2546
4624,14463
-414,-7356
-11225,6443
-615,-3211
6751,-6515
5372,3830
1104,5459
9756,-1884
6139,8269
19952,-9979
-3299,2185
-11535,265
-4306,-1240
1032,-2229
6045,-2744
9883,-10594
-12250,-3903
10448,-11413
3450,-3388
-1537,-2463
-5126,6991
-12339,2278
-5596,3432
12752,-3126
-13283,-7487
-5660,-6632
-12809,-1562
-1224,-4513
8555,11732
2372,3687
-9375,6315
5906,8959
-4005,-1667
3784,3767
-13120,6082
-9530,-5064
-181,10757
17682,211
8965,-2387
6707,5139
-3745,-6377
7770,4105
1478,11217
6000,-1945
-11528,6420
3810,-4017
8550,-10589
9081,-2528
-337,-13750
-2022,-7056
-7917,2869
18646,1149
-1025,5958
-1133,-1056
-7320,-9658
-8814,-3557
-1799,-5626
-539,-2979
-20338,-4516
6524,-207
315,1528
10384,4804
1936,1442
-15010,-1685
-12421,3032
2950,12327
-10022,3305
4755,7487
-7831,-6548
5136,-3509
11614,5819
5236,260
-5869,1743
1798,12143
-542,1596
14507,17484
1191,-2041
-1447,-12274
-5535,-4803
7194,-5458
4810,-1805
5839,7299
1885,-13501
7794,5774
6327,759
8055,-3463
-15646,-4417
-8547,-8621
-6695,-6721
-123,9932
6734,-9943
-1163,-5468
-6009,-11267
9230,207
-8878,5953
-3690,8051
-9799,-2334
-12676,7639
5293,2970
1526,5853
-9520,-10802
2081,-3825
-8560,-3961
6615,16466
9123,11587
-3102,4905
4634,295
3621,7974
-2867,-1631
2858,8896
-8660,-14212
338,-692
12120,6258
11141,2425
10900,-3323
4060,-4162
-867,-13838
271,16856
-2343,-1391
-4216,-2508
-3014,-6934
3771,-9880
4590,-4310
64,-270
415,-21668
-8539,3659
-132,2215
1255,13355
-6602,5255
-1937,-8102
-6877,-10510
-11738,6360
1522,-3895
-11580,4113
483,-6450
7468,7485
510,10613
7235,11690
243,-4664
-13356,169
3134,4308
-9402,14469
2176,1531
9514,-625
4312,-13555
9882,6012
9899,3196
-4614,-893
8415,-542
-3428,3669
2826,4422
3622,12066
1902,-19938
-640,-12905
3149,-8899
-5688,-3375
4574,5630
659,-3462
7296,-10484
-2583,12387
-32,-3660
-11101,-918
-7528,-8474
-9200,-10993
-6018,7714
-5096,8282
10234,-8280
-2920,-243
7916,-5630
-8244,10971
-9200,12956
-2567,1757
-2608,2234
-6121,7856
9437,4176
-7935,1369
12702,-11042
3180,-4490
-1659,7112
4807,15848
6768,6648
2202,-1623
15550,-525
-11644,-1248
1388,-829
-995,-6806
1965,-14885
5669,2236
7155,3991
-74,-2650
15817,-1863
-4056,-14302
-3467,342
-14728,9245
-6706,-6468
-2831,-2865
5742,-6727
-5442,-8742
215,7102
-3713,-10625
4270,-4307
-9375,10031
-2932,8456
-11697,14082
3100,3512
2103,-12759
-5189,4567
-9868,-1219
1772,2644
-2405,3387
18654,2008
-434,9749
1730,13648
6910,-2183
1201,-500
-2487,-4671
-277,5619
-13767,1793
17694,-571
11680,-10498
8489,-3907
5175,-1278
-3949,160
-64,-5115
9007,4070
-13342,-4234
-940,7843
-3205,-8709
3852,-15051
4376,-9530
-7335,-4866
-11648,-1826
4293,12174
1772,-7480
4076,10517
-10415,2865
-10156,-2817
-6900,-403
-519,-3544
-7170,-4378
-6823,16797
2704,-4458
12965,7554
7682,1084
2583,2002
-14819,8953
-2828,8860
5999,-2437
-149,11486
3822,-6095
1514,1407
4910,-7912
20104,-5249
-1148,-2494
-3877,8822
3798,1465
890,7006
13815,-6262
-529,-2609
-15432,-13489
1744,-4092
-10,-12327
3006,-7
4842,-481
-9322,1102
6867,-2188
6378,3149
-9205,-10498
-13379,8120
-16786,-5287
-5678,2288
9951,3395
-1606,-3535
-2181,-3705
-2213,6649
4218,-7126
1051,17640
-5533,5199
-10867,7814
121,9909
8435,-599
7634,-5724
-7292,2594
1002,-13051
971,10296
15277,4492
10771,5649
-2028,4930
1603,-984
8287,-5970
-4225,2434
3711,-11712
-14902,-1955
1683,-6017
16619,-436
8239,-4426
1591,-4124
-1455,-8823
-14651,637
8319,2777
-10654,4764
-10912,-5364
-4003,-561
-383,-9965
3743,-873
4114,-3562
-18754,-5163
1154,7613
-1025,13397
5306,6727
-2799,12125
-7909,-9294
-8616,-728
6236,5899
-4035,-2928
2181,4862
-2150,3481
14829,-495
10505,16303
10765,-2274
-8563,-3659
-5459,3523
-487,-1879
7490,7604
-1030,-753
10061,-16246
-2213,-3989
16102,-5234
4406,-2085
-5742,1557
-5280,-5485
-114,4161
-3598,5791
11067,-4815
-17064,-12652
-3556,-13814
-2553,-4981
-2542,4821
1705,3651
-96,541
-9619,-580
12179,10351
-10540,2582
-6959,-412
-12571,-2926
-9130,-1515
3381,11145
11450,8943
-2150,-8528
10354,3260
-1830,-1378
5422,12029
-2499,13640
-3123,-3183
-3435,1367
9478,7654
5375,-7894
7722,824
-1624,-18169
5770,-5894
1111,12032
11862,5855
-158,-822
1110,-1849
791,-14361
-3280,6015
-6956,-8537
-1103,-11650
-11915,-7533
10107,942
3714,3457
786,4691
1913,-13690
-10513,173
-11630,3785
-1357,12796
-16777,-1294
2539,-2343
359,-6198
-1016,5771
7485,1950
-3077,27
-5501,-4011
6111,18541
-6017,10443
5582,15046
2397,-6427
-2880,-10207
3299,746
365,5743
825,-6599
10458,6286
6824,-9028
10045,13438
5867,5819
606,-9566
-3517,-9067
-5104,-1340
-3571,-4611
-1264,11275
7126,-19437
6867,-9349
1530,-3572
2117,168
-7362,973
-6694,588
-1351,-8018
-12477,15709
-847,-950
-1953,-3783
-6196,-14654
2463,-5586
-7601,4450
-6389,15296
9846,1045
-3949,6619
5229,3416
-2440,13254
-10964,-1758
1665,-779
-1466,-8112
-4796,7776
12430,10073
3146,2470
16186,-8026
9297,3053
-4153,-2570
-3391,15329
406,-2972
-1657,-6674
9218,432
-2445,-2871
5785,-9035
5019,-5275
6291,-21379
-3854,8175
-2428,7792
-3943,1594
4321,192
-1779,-9210
-4468,-7919
-17243,5744
-263,-14881
-4834,-2166
2558,529
-125,5960
-2395,11159
1413,524
6549,-6586
-17890,8370
-4860,4888
-13537,9299
3001,-441
12509,-2541
2477,1040
-1238,5202
11881,338
-4291,237
12238,5175
-7236,12382
-3905,6668
8676,2337
9041,-13261
-250,-9156
4586,-944
-10846,-6226
14473,301
8461,6
4973,-2728
-2961,9387
-660,-6687
-4611,-11611
1750,-2213
-16217,-9871
-5950,3775
-2182,-36
14354,-12265
1269,2253
-1881,-670
-13325,-697
-4526,10693
-3206,-3010
-3495,8305
-15600,8127
4796,-4309
-1300,-2131
10723,-3995
-1932,-2475
-9445,14075
2270,6207
13641,10131
-374,6326
8411,3198
-14221,-1618
2688,-2644
9161,-7115
-320,249
1126,532
9727,4472
5273,-4984
23413,1867
-5822,-6673
-10455,-421
-5835,-70
-1257,-4089
3659,-4351
3491,-669
-10253,-16219
8732,31
3178,-10332
237,-1200
-11170,8148
-10657,3205
-3335,3056
6213,8547
-5792,-14111
-10738,3048
-11255,-7857
4322,-816
1950,9752
4451,6564
-4110,3809
910,14372
9781,-4999
-701,9602
-12110,-1866
-4605,525
-4686,3561
18260,4511
13026,-4541
-1116,2600
8071,-9190
4129,5487
2881,1254
5281,6739
-14692,-3671
1950,1006
11766,-8381
1298,-6555
4040,-13461
-8711,-6560
-4428,-7403
13010,12928
-623,-2070
-4658,3894
-4874,-4926
-9611,-5810
1136,-1505
-9016,250
-13896,-12389
-2764,10463
6730,-2957
9013,9238
2355,3861
-10468,-4502
-6812,4776
-3417,15192
1117,-180
-7521,12877
635,-9817
6324,-160
10677,3877
8609,-2171
-2018,-1757
-5654,8876
12885,2232
2348,17685
7589,-4310
-2116,-9007
-6467,-10687
7079,-3819
5571,-3825
-5595,-143
10562,-8880
-2093,2850
12391,889
4243,2561
-14327,-12115
-11320,-4567
-4844,-3049
-8743,4337
9580,-9
-8724,-9273
2020,-10473
3935,7638
-1971,-335
-7924,10000
-6806,1971
-12650,2754
7386,14995
-2519,3089
354,-10685
-6049,-1230
2793,-7931
1910,15382
9104,12987
887,-1940
6125,6805
2313,4610
8330,578
-9060,4657
1275,-15804
-5052,-3362
8409,6873
13010,-791
8786,-2153
1159,-10796
9480,-7659
-11425,8969
3767,1954
-10129,-4418
-6292,-6791
4081,-5410
2268,-871
-4382,-7687
6538,-12177
-15616,-6964
4482,9957
-3618,14203
-5180,3775
-1490,-2293
-4262,-4691
-11733,217
2814,8179
-13566,-8637
4329,49
3047,8337
7070,9182
5805,12800
4757,-2196
-7251,-8424
674,15029
-8063,3559
3852,5939
2472,-3934
12809,-12588
5275,3701
9838,3911
2069,-10992
1706,3748
-890,-3863
3042,11538
-5653,6018
9191,-14378
-5156,-16579
-590,-5947
-1419,-6758
-5291,5989
2575,-9206
7807,-89
-8527,5251
5288,7620
-11843,-5465
-9088,-6555
-4834,-7182
-13453,9127
-3479,4597
9649,2741
-1581,-11143
11060,6803
-5995,6044
-7508,10561
1090,4342
-4252,2542
-2364,5153
4710,15321
-1314,-11781
11871,-3196
4875,-10449
287,3807
2494,14607
6100,4474
8516,-6198
6578,8592
-2666,-9960
-4150,4216
-1831,-13490
3753,-14379
-1571,571
2594,5000
6304,-5836
4872,1716
7136,-17062
-9905,6066
-16321,3482
-4451,-428
-7035,-5201
887,-1302
985,-5148
-10185,5997
7985,-10799
438,-206
-7670,3054
-2498,18171
-10052,9101
1824,6528
10286,-5637
-11466,673
-1379,-176
-2794,3807
3655,-7377
14273,10812
3115,3841
545,11806
12755,2370
484,-7499
3014,-3300
-9796,6882
-6096,-7789
7578,5197
15190,-13948
5681,-5431
3517,1505
-3345,-6872
5005,-4711
-2902,5219
-4025,-6048
-14211,12123
1138,-8367
3941,-12751
78,-6878
-8253,-6931
-7105,-531
-6550,9219
14458,-2708
-6535,12382
-4943,4657
-6887,1600
-6167,-1533
-300,-2613
-2968,-41
-16689,8875
14039,2728
7104,4316
14465,385
3015,5967
-10728,2329
-2411,6791
10224,3244
-6919,1191
7951,3103
-4174,-4365
12346,-10773
14580,-2347
2467,-9164
-7948,3981
3921,6858
112,-2938
13648,4613
-7412,-6040
-7829,-13451
-8016,-2520
5139,-13428
-2539,-2895
-1145,5597
-6369,-5692
7256,7040
2607,597
1082,-5126
-23813,6062
-9509,-1975
-6316,1636
4041,8794
2458,-5336
-1984,2146
-3407,-388
16558,834
-6302,9305
42,8656
-9386,6329
-1772,10248
13381,616
7286,-971
-9555,-9040
7525,-4216
-3266,-2862
17278,7337
8193,4297
-2958,766
4188,-483
8522,-403
-4268,-9111
923,-398
-18198,-14228
1488,-1724
10559,1119
8757,-6024
-254,-4661
-2999,-3285
-8107,-8817
2173,14995
-10887,-2828
-10548,1146
-10247,940
5422,-5677
2814,-1145
-482,862
-8690,-12847
-5206,14509
3467,7791
8394,14548
-7883,7942
121,-3237
-5059,-2888
1527,7763
5129,-6639
-6704,5012
1795,-4034
17455,7972
7662,6318
14396,3357
-4978,-8928
-9499,517
6327,-331
-1991,7081
-277,-7863
6506,-6060
-1688,-15335
14552,2141
5115,-5675
-9820,-4398
-2577,-2069
-6135,5955
204,2672
2503,7888
-11674,-21573
-6749,-5961
-2057,-4599
-3423,1744
359,6121
-4212,1726
717,-2374
3445,20884
827,-2720
-9486,4065
-11501,-4487
-5224,-834
1768,12310
5978,8993
9692,-10653
640,4786
11675,-4708
2960,13504
-2932,6534
60,-1558
-3408,-201
3103,7771
14665,-4974
-4363,-4703
7653,-20435
944,-4409
111,3358
9221,10275
314,-3953
-4291,-3730
8163,-4731
-12362,768
-1436,-7291
-9014,-8508
-9207,-14560
3371,9366
5267,3834
-2084,527
6898,-3985
-12209,-4949
-4304,7714
-10379,16657
-7935,-6350
-4709,4012
4422,-2683
201,2557
8085,7753
-1702,-8044
3647,-2754
-3735,18368
6323,8954
-2008,15245
6668,-5234
1575,-11950
708,3571
-924,-1311
6897,-6310
-2003,-1139
17412,-5595
1612,11055
7405,4914
4135,-9916
-5507,-9559
-8026,-4534
-962,2365
-13896,1143
13415,-11060
-212,-11112
2916,-3243
1796,3661
-6775,-1719
-7893,-3338
1004,4213
-18318,7012
2849,11336
-5834,-5449
26,-14571
-583,-598
-4773,3291
-6342,8452
10027,10589
-1029,-3476
8282,14730
-4981,10378
-534,-2754
-3122,-1155
2424,-7553
-4514,1511
5866,16097
8384,-8244
17370,-1763
5359,-2951
5589,-496
-10954,9006
2692,-2094
189,-10207
-1117,5532
652,-7100
3848,-3372
82,-14660
13152,-13579
-11828,440
-3544,10597
-1145,1346
-2247,2364
2441,-7285
-6371,1913
-19458,-4500
3519,-3098
-7896,-10276
1073,4811
772,9193
-3912,9456
7961,581
7030,2755
-13441,-2758
-5688,16955
-11940,236
4278,1848
10838,885
3041,-754
2884,1590
9351,4579
5712,-12810
6150,13463
-5880,4157
-2208,8148
4713,2104
11168,-12165
1523,-11827
-5435,1464
-990,-15817
4619,4165
8705,-6059
5178,2913
-8644,5939
1969,-2674
346,-11974
-9363,-206
-7944,-10215
-16821,6766
-611,-4724
14896,-1732
-1436,-3090
-1302,4789
-5878,-552
-10008,7547
6231,1694
-11492,11346
-11478,3349
3981,7343
3092,-9895
9756,103
2521,-2044
-12332,5163
9432,8678
8654,10414
7222,579
1704,12680
-6101,-10164
1134,-1623
9621,-6017
-3214,-7512
779,1648
2001,2888
15870,-9551
11753,7720
2053,-11745
-13595,-454
-7790,305
-1018,-5859
1172,-647
-7863,-381
859,-14867
-3397,1498
12065,-10698
-2788,504
-14110,5795
-8286,5244
-529,7302
-1538,8563
5679,-5747
-20560,-227
-1678,-6901
2974,2067
1575,4191
3668,9038
497,5397
-1535,8217
20877,5393
-6392,2211
-4737,-2237
-8851,2443
-716,-3476
13441,6933
14027,-2492
-3301,-8081
12732,-903
1617,-3831
8905,1016
-5249,7610
-8696,-8386
-4524,2967
11204,-2392
982,-13508
615,-5906
-11732,-14599
2364,-5015
218,12558
6897,-694
-10686,4164
-4661,1166
-3312,-7026
-2126,5829
-11941,-5125
-7034,-6529
-13716,5600
16097,3888
5760,8005
2416,5064
-2163,-5108
-5802,7344
-3249,9240
6813,9028
-15868,1989
7643,-1761
5206,-2160
11251,1487
11211,-3026
-2170,-4451
-5049,-1258
14868,13380
-1731,4904
9278,3702
-4898,-11308
-3463,-13055
4284,-2200
2501,-4088
-6780,-10812
5241,2144
-860,-7448
12275,10308
-358,885
-8195,-12416
-15106,-3543
-6391,1984
-6304,-690
-755,10127
-3935,-16220
3294,-1390
588,4682
6641,3085
-10860,5704
-7021,5393
-3893,1503
-1373,21965
4267,-701
1648,-3728
-7947,-10065
10234,-1176
-215,7601
5859,11893
8766,-3347
-80,6781
9566,2256
7647,8044
-9889,-9097
2589,-7808
-6437,-10546
2836,6116
14295,1368
2480,-6039
6494,-14102
5723,1364
-8082,-3516
-1149,11056
-10395,-9525
-8941,-5585
2233,1937
-1786,-632
212,-10227
-1071,-4820
-6037,-16188
-2477,18742
-2354,11197
-2977,5182
-2231,2148
-3020,-1290
-3564,375
-7534,11710
-893,-15289
-2853,4057
4862,5025
10562,12366
4993,9662
6832,-2256
3826,-8536
-9920,13325
3019,1783
-4710,5916
3479,-10005
13337,-5730
3826,-1807
6948,2100
9848,-11154
-7738,-4248
6747,-578
-6331,13174
-3748,-43
5584,-4926
-3230,-20310
-5523,-5138
843,-1548
-12377,-3774
7244,-4602
-359,3138
-1492,2232
-1357,17142
-4445,-8126
-9754,-6621
-4189,1090
-15668,3119
-563,9258
1817,3303
11409,-12733
2687,11846
2949,4068
-5237,6693
1028,6726
-1793,-1585
568,10016
-5027,12818
12605,-10991
2430,-5703
11274,-11669
128,824
-1501,10870
7357,155
11915,-2191
-3201,3433
7719,-2332
-13570,-1972
2336,-13922
990,-12646
-6712,-2620
-1145,4365
8173,-343
-755,-7178
14516,-4339
-16172,596
-11808,4437
-8097,3721
-5727,-6675
-3025,1492
933,4665
-10354,-4455
12512,530
-1036,-6886
-773,4178
-8929,20277
-2826,7407
1839,5989
10140,3955
-6616,-7923
-1856,7699
-3735,-5453
11930,-6772
3999,7916
9009,4149
440,7134
10707,6172
8856,-13830
-687,2246
-13875,-1821
-271,-3281
-3557,-2061
17998,-8644
3469,-7772
-2614,1793
3795,-10077
2238,-1207
-6164,-2546
-1626,5770
-22029,3540
3604,531
4259,-10730
-4169,-6609
-5109,-5706
-9294,2255
-5027,-698
15015,11845
-7711,3288
-2637,12904
-4301,3281
-2524,-3120
1892,-727
-6316,3548
-12400,-2415
9944,14010
11742,-5768
15902,5680
1816,3954
-4173,-1356
-583,4096
5967,6292
-719,-6858
-3424,10965
825,-12544
12971,-6135
9420,-7075
5728,-9302
-9579,-1585
-2858,7770
9379,-5228
973,10425
-3471,-9217
-8225,-5772
-11634,-9083
6989,-6829
-4438,-5963
-10506,5270
2650,-2878
-526,9204
9651,-429
419,5099
-22504,-3543
-8120,6451
-3294,869
-2001,7500
7665,826
-6989,326
6103,-4171
14384,9312
239,-2879
-2922,13406
-5617,4109
-1988,6547
15777,7134
2615,-3102
-1695,-14179
-1198,227
6228,-13347
9599,9528
6909,1591
-2275,-3138
4132,3101
5334,-627
4219,-10106
-13910,1262
-8949,-18520
-6961,1064
7537,827
8831,-4150
-2336,-3874
-5874,-3966
3921,-5023
-10560,13408
-1630,-734
-17218,4159
-9669,100
7415,2243
3643,-740
-4281,-2281
1916,-7560
-12640,6473
13092,11890
3149,16367
-3553,2686
796,3699
719,-3352
-653,2612
9279,14
-12669,-7598
7670,-1410
10463,8675
14615,279
8706,6269
379,-10952
-9159,-6370
5236,7978
-6389,-2350
999,-4204
-4717,-6086
7896,-16112
5127,3959
7267,-5487
-8709,-10860
-6642,3813
-6200,1902
3098,10549
-9216,6560
69,-16189
-13876,-6057
399,-1181
-1086,-39
-4933,7207
-2667,-2006
7101,6585
-3392,15211
12712,6392
-13010,-1235
-7490,-3832
-2119,1108
-1580,11222
5188,4333
13264,-3132
-2089,-7751
19459,5275
394,5358
146,2748
-982,-672
-3604,-1686
1454,4695
12182,5045
-4954,-19048
8314,-11334
-2617,-11213
2693,1663
1629,10354
1242,-4441
-3522,-6486
3147,7718
-7780,-7751
-4590,1720
-12764,-14172
-3978,-10913
-5922,9687
6378,7641
1551,-2764
1643,3246
-1432,-9201
-5846,15801
-12471,9724
-666,335
-10529,-93
6223,3977
5427,1711
1758,7439
8738,-12932
2793,915
-4181,7918
10317,18156
-4735,5341
7625,-1164
6533,-10219
-5057,679
3746,-4230
2066,-4683
-1533,-14594
14304,6227
436,1814
5868,7201
6200,-8013
-7000,-12710
-5989,-3512
-9311,8066
-10406,-9596
4831,981
1898,-16084
1718,1355
119,5595
-4175,-4551
-3837,-3715
-6804,10849
-8588,2696
-7134,20843
345,-8804
2753,-9187
-3049,-861
-1863,3269
-1763,4816
2032,10388
12789,-4697
-868,19006
1905,6550
3100,1595
-3675,-7893
3263,-5170
-1870,-369
-5248,10771
18775,-7208
8757,-3118
10773,-7357
4237,5714
-10066,-1767
532,33
2446,-8262
-11141,900
4648,240
-4524,-5111
6345,-18811
6637,-5037
-8463,-7770
-8875,12679
898,4904
-4487,-2006
5236,3434
-12409,3166
-9564,-6450
-5317,3152
735,-14779
-4446,6772
22,12624
-633,4499
12097,6296
4306,1914
-22,-2330
-16696,17035
-953,-2456
1083,1645
8061,2197
5386,-2563
4360,2365
5510,-1999
18959,-10717
-6226,7054
1311,4178
-5986,7343
2970,-89
11857,-9118
980,-9465
-12716,-6405
6834,-9281
-5723,-5802
12483,-2471
-1392,5292
-7953,2491
1801,1990
3424,-7110
-13164,-6819
-5935,2080
-22924,-2570
3821,549
8130,2470
3890,-4857
-3941,7402
-935,3085
-5678,-1237
6249,13288
-13029,3579
-6176,8469
-2968,8142
13876,-9516
5740,-887
3109,-282
-6265,-5138
6447,13413
9650,2371
12167,6122
-7949,7911
4684,-6959
-1806,-5693
6810,-4622
-259,-12543
-7637,2713
1003,-4541
19794,-1136
2702,-847
8258,-3991
-15953,-5298
-9608,569
1860,-3621
-6369,2207
-10391,-4747
1950,-2124
-6172,-9071
15849,229
-4309,-3240
-13897,3638
-5933,8631
-1173,10437
912,5173
3619,8675
-16732,-11917
755,2316
2975,-1691
4354,1460
903,8938
1073,5935
6076,1975
16292,16014
1608,-8622
-5985,3068
-10690,-3652
4190,-3312
7098,4797
9949,-1128
3162,-14143
3696,3349
11123,-11203
5226,5446
-10266,-496
-5191,-3306
-9081,161
6422,2760
6720,-12533
-11189,-5335
-3877,-17771
-1017,1005
-2489,3870
7301,9269
-11512,-205
-6379,5298
5411,-369
-8780,4885
-5441,-5737
-11400,-272
-10382,-4595
13956,15624
8275,3130
1794,4077
4742,-703
-5635,2898
4211,8097
-625,13981
-8530,-9044
1194,6890
9346,-5597
10981,-425
10492,-2245
-2576,-11344
1408,-4523
3887,16246
7991,-1526
-1635,8515
-1727,-13510
-1887,-11304
109,-1354
-857,-6626
-3058,-12402
-8726,1508
10644,-6129
1992,13941
2588,-645
-5498,-7802
-15845,-4840
-8182,4445
-1424,3794
-13638,5956
6746,-10128
-3154,341
6346,2609
7605,8947
-7727,-969
-7578,4776
2978,8567
-8017,15057
11929,7045
-3532,-5452
464,-14823
6436,4352
4082,213
2116,6566
10897,1253
-1387,-2730
14026,10113
1208,5653
-464,-13922
-7034,-5382
-1756,-13298
-2652,3026
8974,6319
2412,-14168
8359,-7842
-1351,-662
3060,-2419
-13365,9774
-5047,-8465
-10907,-4963
-3740,8651
-239,-1734
1655,-4525
-7389,-10274
6454,-9321
-12332,14037
2875,13764
-1814,5703
-3448,3855
1435,1270
-51,7268
-11853,1625
8406,-6712
-9087,-5342
8604,7591
9233,13295
6234,4887
9928,-3541
7570,-2782
-10822,914
5058,11920
-9370,-5507
5752,-8130
7113,-2970
5583,-4625
4899,-1145
9002,-7139
-4740,-17032
2761,10521
-9844,5468
-983,3915
-2648,-3198
1989,-17109
-8077,-5688
-4653,4145
-6396,-13128
1096,3382
-1211,-1770
3616,10556
-8424,14610
4236,-2701
-7001,-8109
-9105,5854
-7902,333
-6911,13398
2808,-3686
17267,-2566
-1761,3743
9114,9489
-678,1411
-1673,4006
5543,-1297
-5299,12861
-4303,4433
14111,-129
1550,-18106
11863,-5806
271,-3224
-5037,3854
10058,-89
6911,134
-696,-3513
2425,10946
-10421,-13379
634,-8001
-1594,-12857
-9323,-5275
-3998,5785
2757,2622
7141,-12708
6007,7936
-8713,-6225
-12838,9804
-9597,2584
-2437,-4535
-5293,4083
-5434,9255
1408,-7412
3767,5567
9634,-11907
-1407,8325
-10765,14089
2580,10371
4071,4578
4815,6285
5034,-6167
-11678,5876
5571,-10741
9708,-3550
1461,-2160
8122,8881
2601,2802
6319,2992
18376,-8570
-9693,-1891
-8568,-4826
-6713,1771
-2620,-11976
11492,-405
3442,-8241
-7216,-2852
8921,-3596
-2183,-5836
-361,-2930
-12015,13006
-15150,-2901
-2758,8818
6922,-7043
-4799,-8427
-4919,654
-11067,-2497
4424,-1299
3725,15788
3718,721
-8430,16650
850,4777
3482,-3888
1424,2466
-9247,-580
-3491,-2310
-2403,10565
24025,-5076
9265,5219
3863,1009
1074,-2267
288,1817
2334,2077
4998,-1912
-17186,3065
9300,-7542
6567,-6746
10030,-10721
4014,-6899
-9801,-5696
-6681,2292
13501,4848
-8121,2270
1154,128
-13831,-4666
-6001,-11270
2311,-903
-3847,-6517
-14277,-545
3503,8182
-815,854
14970,9197
-4568,5235
-11522,-5457
-12733,9073
1393,2948
-2101,2753
3199,9568
-3748,-8228
11799,1926
9234,4898
12268,-3392
-10373,8529
-1704,4656
1908,2787
9409,12502
4803,-8597
501,-9229
-8412,-8996
15650,-8629
241,1639
5280,1796
-228,-4680
-867,4627
8112,-2008
4936,-1540
-20669,-10054
-4214,-7944
-13081,-5185
5438,4035
7371,-670
-5286,-4603
-2324,-5404
5853,5698
-10101,1481
-873,11693
-18969,-1830
-6920,3751
5880,8244
4904,-336
-1438,-6302
511,-16
-5024,-6710
11000,21474
2809,9113
1491,3978
-1927,4666
5779,-1466
3156,-1769
1241,4002
-4674,-19248
1264,3916
8907,1638
18368,4047
2391,910
3541,-9019
-3589,-9611
-4956,10254
272,-6465
-8462,172
-7085,-12322
10227,-5378
-42,-2246
6461,-1725
-3752,-12540
-14387,2082
1407,4449
-3805,16841
-8153,207
751,-2214
-12043,-12387
-226,4396
2296,1368
-9671,999
3489,-223
3163,11744
4131,7882
9738,18079
-5806,-10268
-6650,-1733
-486,3475
-3270,5764
6800,3998
6231,-1572
8970,-15467
11097,12676
7725,-3045
-671,1129
-3169,-2170
-2949,-3408
1544,6276
925,6642
6150,-22340
-3897,-8441
3299,-14918
-38,3377
-3738,5885
1474,-3238
-717,-3752
-6449,9510
4263,-2412
-15411,1250
-6317,-15594
-6129,-4506
-8628,5293
4503,11971
6274,-807
-3254,-947
10987,-115
-11735,12625
-4598,7192
-3713,5985
-6728,-6326
2987,9235
9020,5291
-595,-2229
15957,-6847
-872,-5907
3781,4514
1642,21299
2568,-2075
3298,432
8033,-4991
-5181,-6703
3358,848
-3682,-12386
5805,-16318
-88,7772
7548,27
256,6562
5933,-4647
-2905,-15623
-8116,2810
-16013,3921
-2578,-5725
-9467,-915
9737,-10586
-2739,2759
-980,6483
1805,-5601
-2507,-794
-10502,6628
-94,12787
-16781,14052
9237,-1667
1707,-7656
-2075,-2287
557,3917
76,3598
566,196
18466,6582
-5792,8521
8174,12446
1844,428
1395,-12503
1005,-3851
-3079,465
-7437,-1036
16900,2909
7168,-14360
13391,-1290
-1845,3949
-2956,-5751
-3952,-1053
518,-3803
-10924,-5359
-3702,11506
-3548,-12698
9201,-11552
-1472,-7312
-1065,-5550
-14098,9128
-431,8748
2291,-4137
-2219,13015
-8683,58
-4854,2151
-10311,-3954
8845,-7589
-8350,2098
-3183,13978
7541,3449
8530,8380
10301,-2115
3650,6831
-18692,3831
4448,5257
56,-4335
4130,1938
7704,-523
441,70
10486,-9358
18160,-2121
-5784,-8181
-766,11983
-7031,1617
2179,-822
10224,-3894
-3235,-8417
-9715,-12189
-188,-710
-581,-18120
5851,6084
-4392,2271
-5619,3629
466,5374
3693,-3048
-6485,-8758
-16878,9669
-13483,-9607
-1625,7812
6535,121
7871,161
-5478,5561
1049,4755
6450,-3009
-3699,14846
-2713,658
-11086,12943
-1976,2220
18141,-1436
4887,-6310
448,-1365
3045,-6819
-2211,6995
17971,1302
5310,9648
-6425,-1125
4706,2369
817,-11539
2089,-5416
1844,-9373
-16808,-5438
5390,-3702
11508,3801
7479,-8438
1759,5562
-10882,-9750
-10825,-218
2050,3508
-11616,-1692
-7998,-1188
-7552,3250
5574,-12735
7400,7685
1426,-5915
-12697,1383
-5959,12041
384,8710
6515,9437
-6698,10669
-1433,-12216
-6702,3959
9272,-3808
5126,93
-2681,5810
1973,2943
13799,4702
7003,11884
14895,-5227
-14265,-1110
-5788,-6930
3379,-824
2828,386
5004,-2542
6839,-10096
-4076,-5719
20392,-3406
-2851,277
-7081,-4045
-9711,1824
-8109,-2115
1561,5082
7295,-3039
-15709,-15051
985,-7951
-6262,-2753
3507,2487
-1338,13820
-5745,-1639
-6804,6091
7303,10668
-5824,-2709
-3578,2428
-15640,-5378
-224,-3840
3644,16738
14949,3334
2223,234
4755,3848
2630,-3873
5450,13057
-6330,6058
932,-5959
-9628,2347
14724,-1672
10260,-3142
5325,-3418
2513,-17149
1175,-1930
-2142,6894
13599,7345
-11481,-23
1680,-7441
-1833,-9204
-4036,-2025
-538,-7578
-5799,-8859
-12592,-8961
12732,8506
-2698,5837
5416,5380
-5160,-5232
-12810,-5788
-7199,6625
-3916,10641
-12733,-4846
4774,4023
-1593,-6992
10658,8173
5353,8365
-784,-4666
-5780,2118
941,14720
-1247,6420
5532,16894
-14,-13635
5332,-10157
881,474
9097,-925
719,-684
4571,2449
7720,-7973
5407,16593
3812,-1001
2641,-8101
-13187,-13283
572,-7736
-5297,-563
-1423,6199
9277,-14539
479,-4257
2077,-4884
4120,7926
-15919,-1364
-4107,-549
-9838,-4434
-10481,9970
4557,4097
-3623,-2762
-1113,-15924
5092,2626
-8945,2336
1495,19732
1122,4567
-2940,2027
5841,7994
-2707,9118
-3086,-5806
1942,930
-1448,-16419
3916,11779
8236,10846
8780,460
11887,-2664
5022,-2216
-509,-4099
-7468,15203
-1169,-13507
-521,-4687
2722,-4224
6363,-3085
3291,-2971
3757,-8823
6349,-17802
-11437,10857
-2529,4000
-6579,8411
-4437,-5804
3443,-8439
-7950,-4855
-11148,2600
3499,-9483
-9510,-1107
6310,586
-1259,16883
-4974,8575
6095,5387
-920,-8007
-12180,2977
-1582,7902
-13562,5260
10069,-2779
11039,2568
5578,-3457
5886,13657
6098,-1909
-905,-3864
7268,5799
-9979,5730
891,5360
4003,2001
11907,-22766
3211,-3588
1780,-4878
-4708,-4222
6974,3181
3799,-4583
4240,1176
-10704,11305
1898,-12129
-7153,-7527
-1604,-11021
-9514,-6081
-9826,7739
386,-489
14629,-5135
-4624,4517
3392,882
-17192,7486
-6199,2344
-142,-619
-8067,5822
-8027,7192
8456,1705
-1110,-4748
19415,-3658
-5080,3552
-6513,9429
3031,12478
6579,3485
3633,2823
7084,4773
-13053,-7734
10448,-4112
4689,-9273
4895,-6453
346,9433
4845,1200
7253,-2948
15970,2114
-8031,-12470
-8831,2157
-13441,-3301
3424,-10955
15,614
3027,-4580
-5550,-7118
3938,3639
4250,-12417
-827,4698
-19008,7534
-6479,3851
-9760,7177
8729,288
-752,-8071
-11142,3505
-3452,-7325
6045,4478
-422,6218
10299,10770
-11550,9474
4751,8909
10392,-2129
-2268,1102
-5223,-4392
-4826,2392
-3420,-3383
25100,6419
6905,-4007
4512,1399
4067,-1934
512,-2527
4333,-1024
-1613,4964
-16009,-9777
4169,4747
6355,-12863
9640,-8455
-352,-6305
-9142,-8856
-4221,-1047
5328,12798
-1569,-4901
-7306,11485
-11056,-8004
-1655,-5462
-2459,-622
-3163,-4925
-11604,-3665
-5493,12241
11724,-1709
8128,16453
-289,605
-5209,703
-13476,3578
3702,6881
1899,1505
-7586,8098
7451,-8223
6464,4040
14136,-2571
13887,2976
-10435,-3532
-2079,6377
6646,3540
757,8382
10370,-4908
-6721,-8697
-3072,-17168
10892,271
948,-9353
-838,2577
686,-2491
-4111,210
11982,4788
-2253,1123
-12825,-15970
-13524,1102
-7479,-10352
-424,7400
4418,3239
-4775,-7850
2071,-572
1364,7852
3198,-988
-12202,15492
-9782,-4653
-8189,7285
4058,11250
7574,-155
1927,-5415
-4993,-3525
10191,-6529
-403,18359
10411,6392
123,4993
-2007,1789
8794,1593
6426,-803
-7183,-3794
4948,-15619
-9995,-3430
13342,1449
12758,6980
2491,-5999
2852,-6274
672,-6626
-10786,2487
3714,2879
-17976,-7066
-3127,-9652
2299,1840
3966,-5770
1905,465
-655,-9314
-13953,-6380
2779,15966
-8330,11958
-1367,3823
-7505,2744
-1073,-11780
-3835,5990
2967,4517
-5936,-8270
2380,5992
1975,6517
13579,12460
410,15558
7157,-9321
-8059,-4357
-1299,5325
358,814
1733,5534
2953,-9055
16864,-8540
1102,4695
16174,378
-3275,-4868
-5039,-4459
-650,-2560
-3496,9405
-3875,497
9714,-11082
-10815,-18848
7414,-6499
-4300,476
-5198,1829
1050,-880
-1705,718
-6594,5390
4947,12983
-15411,-9848
-2870,-6820
-9410,-4741
-6023,4084
784,13653
6973,2087
2656,-7785
9382,12903
-5628,2224
-1564,12464
-6947,1679
462,-5461
-1975,9221
7340,8770
6710,-10063
9656,-1741
6242,-15413
4180,8646
-4765,12399
8995,716
-674,-3451
4569,-284
1391,-8141
-6705,1913
918,-19472
3602,-10172
-7233,-1900
8989,8985
-2216,1146
3383,-2253
4448,-11330
-15294,3877
-12195,1091
-5982,3279
-10625,-11263
8191,3133
-2689,44
-1787,6349
7860,-2020
-3441,-2837
-4345,4154
-5437,22530
-10413,2900
6575,9221
5117,-9693
-444,-2558
974,5214
35,-1368
7693,-5897
8973,12422
3872,-212
2054,18341
5357,-4044
5674,-12207
-2467,-4389
-6716,-1166
-2528,-5397
2867,3776
17162,-17544
4404,3219
-1229,-813
683,-2798
-5881,-4956
-3515,-1705
-6202,-2115
-18122,10620
6157,-9529
2392,-7075
453,-11429
-1035,2132
-13161,2739
-2752,8889
9503,2676
-10448,9831
172,6801
-8887,5268
-2321,-10340
5916,954
-5215,-3751
-6806,11006
11951,8618
7119,510
17745,2861
-1946,7574
-7405,-4087
-2372,9257
5341,-8521
-213,-669
4294,4430
-139,-7675
15402,-7078
9382,-3985
5361,-12111
-13136,11675
-2254,-294
880,-1113
4657,1404
-4207,-9625
-6842,-7984
-10179,-4855
11225,-14816
-7121,3814
-1870,3361
-5326,5850
-673,6879
6191,-697
-1537,-1559
-24819,2535
-2628,-1127
-9375,3045
10106,2200
6166,4562
-3717,2118
4076,3791
13413,2935
-6447,3013
2877,10242
-16010,5364
3936,2653
13813,3183
8188,-9874
-1559,-5312
4471,-2848
-893,-7475
17490,9800
-564,2210
-910,-392
-3035,4434
7435,-11134
-944,-8064
-4025,-3920
-14688,-15848
957,3958
6279,-1225
13589,-2801
-8497,3770
-2950,-6022
-9108,-2060
-3308,8886
-7224,-4648
-13107,5947
-10551,-1622
14144,-1771
262,1710
7245,-941
-9525,-2143
-8157,11197
7510,8790
4134,15051
-7632,2691
4848,331
-8051,-6559
12918,1180
5050,-3092
-5706,-540
4915,1556
12272,8440
9220,1537
13971,7046
-12985,-13876
-4337,-2967
484,-1390
740,-3227
1163,-3180
1332,-5791
1729,-14750
13941,8377
272,-9565
-7533,-426
-14459,722
-4926,213
-1102,7044
-68,3749
-6625,-19632
-7434,349
158,-8473
3994,7936
-6925,8534
-595,2767
-4092,5890
3058,15697
6652,-2383
-11766,4438
-8453,-11170
822,3054
133,7679
16161,8894
5155,-3993
1365,1557
14504,-1347
-1023,10563
-1177,-1041
-2535,980
-9387,-8619
11422,6642
10934,-4898
286,-9339
7423,-14295
-4314,-5500
2787,1554
4004,15537
-7230,-9730
-3608,882
-212,-6155
-5342,-3994
-1195,-3152
-11409,-11250
-5254,-11732
352,16570
6367,1392
262,10594
-2139,-4046
-7183,-5116
-6567,10444
-8394,9874
-3013,-5369
-8136,6077
10539,-6758
6559,11223
7132,4438
5075,-5278
-3394,-328
-2738,12261
8601,9913
-7059,11826
10293,-11878
1222,-8166
2007,-5301
8541,970
929,-6692
-1270,-4112
14053,-348
-4381,9387
10403,3103
-3053,-6379
-8798,-19151
-4682,-1341
-5544,-1426
-7948,12
10069,-4644
-4012,-11049
7979,1865
-2968,10352
-6259,-6394
-10175,3568
-6457,-1115
-11667,7466
2044,14663
-3311,-8915
6335,-10472
-2627,2327
3742,850
-5729,17464
5294,5073
1552,-631
3173,14997
-487,4742
4171,-1852
-6742,-6518
10008,-13529
-5056,6565
7896,9756
11741,-2214
9127,-2550
6503,-5878
4390,2684
-16198,3137
5822,-6588
-8329,-9779
566,-2655
4290,447
530,-4545
3874,-13388
8716,-8015
-15940,-1448
-326,14843
-11204,4042
-1659,-3615
471,-835
-6955,-2459
-10406,-1508
2686,52
-6802,-13691
5825,11501
-4455,12958
2516,9668
3698,7556
5294,-5207
-8043,-1132
-6831,15207
-6909,-6202
7843,3948
7329,-2964
12835,76
306,8740
11143,-1702
5453,-9917
-1102,8610
-4135,-492
-3872,10561
-84,-5892
17260,-13844
-3723,-10262
791,-2725
-827,-8232
-1610,898
8457,-5760
-1291,8915
-12802,3068
5061,1187
-8242,-14371
-3294,-5866
-8584,-3679
-16250,4362
4368,-104
10831,3254
-649,-4052
2504,14666
-12177,-849
-3795,4759
947,3040
-9746,3981
-5508,7497
3530,7893
9491,-14378
13968,5793
210,-5206
-4500,8213
1799,10564
8913,1954
6168,2400
-2281,8959
-756,-14366
1519,-136
8423,-16179
3442,-5026
-6533,3946
5092,1543
11283,-3679
5572,3638
3332,-11761
-19166,3556
-9604,-7984
1890,-3682
-5765,-4207
-766,831
-1520,-5286
-3234,752
15706,-6783
-8482,4670
-13851,3105
-8525,13214
-6894,1542
6148,7425
3257,-2857
-14802,-2903
5188,-1997
1778,1638
7258,418
2833,17702
-3918,1816
3753,11411
14700,2435
-1829,-5900
-2787,-793
-11001,-2179
5987,-8300
11892,10033
13567,-8804
279,429
4640,-916
4426,-7656
4239,1807
-11109,1432
-7086,-8966
-10659,5425
13542,-10679
4605,-6681
-3926,-6967
-6256,-10328
-2753,858
-2349,9139
7546,3163
-19401,8354
-2165,-2343
-2374,-915
-2357,-2139
-2954,-2717
-9827,-2517
-9955,4635
20283,9685
1736,9120
7758,4460
-5745,2702
-6646,-1507
2926,9034
3008,3703
-10906,-2577
9687,2484
4172,-5336
20425,-57
7339,1758
-2738,-10528
-5874,4506
6862,7177
697,94
5279,5192
-8600,-16364
2608,-12687
448,-1553
7483,-10467
-8590,-1426
-2199,936
704,-3318
6558,14031
-2542,-3133
-6524,-8448
-22469,-3776
716,-3500
-6109,5185
-297,5919
993,-8044
-242,4154
4647,3576
10067,8607
-17359,3834
-2405,3376
-8909,4880
2485,12520
10935,2484
176,-5305
-1520,-11842
13407,3333
-1764,2756
11731,12452
-1389,-139
-138,37
9380,5494
4929,294
-5056,-13251
-67,-6467
-8253,-17102
9440,8895
7231,3157
5044,-7426
317,-5011
636,-2842
-5343,-2994
-6676,11496
-13152,-15753
-7245,-753
-2858,861
8427,-533
-1781,-1486
-1070,-6651
-3801,-9242
-6855,21045
-381,7939
-3515,11216
-8879,-1998
5872,-1554
-4223,2454
653,5047
3261,-10455
-5973,3330
9899,4031
10985,18905
1613,4518
10917,-415
-4755,-10601
-4024,4590
4423,2551
-6848,-957
7097,-11755
10475,-1272
4696,-6380
12142,8501
-120,-12422
-6728,-7266
-588,2734
-9450,6837
-1292,458
-308,-3383
-2026,-25528
-816,2599
-2099,-3212
-5513,-638
-1099,1874
-2811,1211
-218,8503
-5540,18804
-981,-12563
-9666,-1683
-5609,-6109
-4607,5944
-2717,12087
6691,1251
12230,-5690
74,12345
9557,2966
-7333,10985
-2124,-3733
1919,-979
-4443,5777
3617,8422
13733,-7663
987,-10081
16785,-11865
-3483,5369
-1608,4504
5792,5369
415,-7907
-294,1171
4217,-65
-13168,-7835
6238,-13879
-4916,-11771
-3270,-6230
-724,15363
1936,-1957
1433,-2490
6267,-918
-15457,-2506
-8811,8098
-13289,1749
-977,-11744
-3406,8867
3070,1397
-1365,4200
8560,2881
2299,-8964
-452,9304
-12762,18229
2531,4890
-3051,8054
12022,-6330
528,-3301
-2018,4671
4391,-7886
10603,-4354
483,3604
13083,6395
-7090,11076
11211,-2035
6813,-11127
-5777,-6454
-7760,-3419
-3125,-2111
-4617,-7768
20838,-5382
-3590,-3856
1920,1822
-288,-811
-3818,-8043
-5236,-960
-8445,6588
-20759,564
6522,5045
-19,-12391
4903,-6790
-6055,4222
-7100,-378
-2280,6275
8116,11063
-5782,1864
-2065,19092
-6827,-871
6458,-6091
-701,-593
477,-3837
-7767,5122
7664,11660
16090,-6585
13392,9844
-942,-139
638,346
-8671,960
9670,-4910
-2588,-4527
-5219,5257
6343,-10496
10156,-3622
9240,-12095
8126,-3416
-19201,-486
-521,5451
1043,-1536
-2632,2650
-1062,-5436
-11677,-3635
-7560,-12775
10572,-1903
-9103,-7646
-3744,10021
-4422,6382
-27,6069
10460,4818
-3867,3674
-17849,-5699
-6526,10486
-4093,-7070
7767,8305
3891,4375
-1,-468
7840,3834
12370,5101
4225,-5269
-6839,16229
-8504,-3688
2594,7165
9905,1389
10747,-8740
-2232,-8666
-920,-3977
10509,-12730
4117,10832
4275,-3377
-4164,4568
-5869,-275
10307,-4043
-1124,-9350
-13122,-5030
-6238,-14401
-11105,2549
10989,-2155
8637,5571
-8595,-3680
-1193,2552
-3644,-2223
-7983,7005
-1212,2391
-21439,3071
-3681,-1323
9393,8206
6169,-6243
4632,4986
-3536,-4602
-7360,4790
11848,15248
-368,11048
-62,1503
-2919,6645
3769,-13129
7296,4410
6389,-5820
-5710,-8533
3744,3678
8751,4485
17234,1633
1059,8207
-539,-17230
-10556,-2052
-4,-1906
-107,-4752
-4841,-2252
-4508,-8143
10469,-9812
948,6144
11009,-7189
-13724,-1405
-13510,-1034
-3402,5374
-3354,9537
-5524,3046
1528,-10255
-15430,-6155
10327,-1779
-1114,6842
-4267,3047
-716,7309
-73,6604
2225,13237
12804,8714
-14640,-6884
-693,-5686
-4188,1576
5310,2269
9403,10846
8543,-5766
2572,-5351
16218,8207
-359,-1157
2197,2273
-10872,-2818
-1479,-10048
923,8578
11205,-2809
645,-15788
2877,-8245
-1922,-13621
4377,6727
-6977,10126
1649,-5943
-12203,651
1410,651
-2209,-3833
-7629,444
-8838,-16260
-2839,-4365
-8264,9494
14396,11021
-4735,5679
1747,-273
-369,-2114
-8452,11381
-5700,6101
-1370,2038
-11922,-5654
15489,6026
4032,4680
10039,3427
8295,-5411
-1774,-4216
-431,7449
6361,18130
-6827,-2542
9713,-448
-66,-13739
4376,-4930
3902,381
1125,-11202
-664,-10712
6803,8438
-100,-633
5283,13150
-3660,-11549
-3495,-15276
-11629,-812
-6040,741
-7264,-4290
-343,1729
4601,-15026
2771,11296
-2543,5047
1281,-646
-13571,-1124
-4674,4675
-7358,7842
-7772,17285
6972,-9750
3239,-4533
-369,-5158
8327,9000
-6805,5956
6177,6834
7637,214
-3290,13392
7424,6152
702,910
-2373,-17842
8148,-3538
-5667,-4660
3579,9829
13136,-1947
5852,-7701
11052,-3383
-1658,6497
-9411,-7736
-1955,2527
-5933,-16692
-4935,1135
171,4266
-512,-7605
7244,-11934
1447,-3971
-5282,-7072
-11556,21377
-5023,-201
-2194,1394
-2610,3392
-4965,383
-6051,-494
-4723,-95
7316,-15187
-5747,13358
1760,9907
3935,13232
4349,4291
9449,-1436
-1990,-80
-14999,10188
5282,-4636
-2360,166
11796,-5514
9671,5399
1176,37
11787,-842
11382,-9775
-8244,304
1540,5755
-13302,5499
4727,-7721
9913,-5433
-1228,-16073
-4577,-1097
1478,-6668
-4683,-8697
9707,3070
-9183,6577
-5568,3707
-3540,8481
1341,-15892
-8091,-2895
-9478,1030
-15360,-2751
4340,6601
6117,1137
9950,-696
-7603,16164
1446,-1318
-3949,3757
702,5552
-6584,1151
-6985,11206
-576,2949
21509,-9004
3311,175
9820,-4311
-5959,3452
1418,6498
11861,1392
4460,5091
-8125,2513
7394,-5149
-6538,-10228
13562,-12000
-2590,-7100
-9066,-1818
3476,2607
11331,-379
2361,-3010
5866,1975
-22872,-6903
-4965,-1856
-4018,-2050
-4737,-5813
-6852,4134
-1271,-177
-49,-6671
15600,6510
-7096,-4785
-9189,8202
-13691,12330
1959,2769
1710,9437
2616,3334
-8043,-9902
2229,5432
6425,-7735
11058,4357
-5614,10717
5395,4037
1987,7948
14104,6437
5698,-9531
-9865,1326
-8267,-10780
7936,-2383
2305,-230
16608,-2005
-3121,-5470
2710,-546
11566,-7071
-2225,2229
-10830,-4693
-8644,1169
-15212,-5146
13678,2182
1804,-8969
-6487,-7503
-2671,-7532
-4795,625
744,4238
2971,15533
-16767,-2427
-2021,10296
-132,-1074
246,-1575
-3575,-446
-10752,-3588
-3508,-1731
13172,19416
9878,-730
5417,11644
-2919,-1448
1091,-1226
1341,7982
336,3490
-5014,-8439
-2128,6710
14059,-11216
15342,4657
5835,-5959
2193,-9328
-7937,-1260
3112,8444
6492,-38
-9052,5717
-341,-16842
-2450,-6468
-668,-8477
7108,-3430
-11137,-8691
-7153,1463
7544,2243
-2704,12887
5154,105
-10643,-2002
-17274,-11281
-1284,7833
-4881,735
-5233,5066
5132,-1670
-2676,82
13491,6491
5296,12780
-6924,-6456
-7129,10323
-3172,1716
837,11660
10120,7676
-541,-11104
5884,-11839
5148,4207
10116,-5272
988,12959
2664,-4526
593,-551
6388,9178
4028,-1831
-68,-12757
-12384,-9263
3108,-17440
-3857,8644
7585,1085
4446,-5672
-1907,-5112
960,-1192
977,2109
-18053,5617
-2981,-9721
-16921,-958
-569,2456
6539,6615
-1236,-4715
-826,-7000
3878,-2560
-12227,11779
7428,16311
-9266,7840
-1745,-2455
3361,6862
913,-212
-848,1652
6487,-5887
-6857,-9701
13084,11655
4917,13944
10280,1547
4521,2175
3422,-12233
-5612,1092
983,7355
-6716,-12454
5239,-5724
2348,-5110
12970,-4181
821,6442
6818,-12747
-6627,-10782
-6216,7639
-7598,3054
-4162,7311
-7644,-7559
7560,-15779
-10950,-719
2569,516
-4696,-3421
-5008,1775
1336,1741
-74,16642
-8863,11897
8693,-153
-13155,-9341
-816,-728
-4835,6117
-4819,7622
8973,-95
13382,383
1011,1746
13776,15013
-6852,-1645
2517,-2144
-698,-367
-4376,2784
1177,6892
10910,-2681
4999,-22232
13235,-920
-3521,-5767
325,5093
-751,2990
3729,-7445
-3198,1605
-2254,7681
-6022,-15474
-1054,-5371
-4136,-18564
-2376,-483
-10044,11227
6428,1942
2723,-3423
1094,5651
-4631,-3371
-15240,13228
-9603,-4534
2030,-2358
-9806,2655
5502,9244
1943,1475
5578,1927
13874,-8226
-5099,10193
-8542,9819
3701,14037
-3129,-2961
12148,2407
2475,-4180
-5390,-585
10432,-7951
5822,-6698
3956,-5606
6219,16032
-3833,-1177
9222,4214
8073,-10320
-7108,-9427
-8401,-1281
-9779,-2825
905,-14496
8098,4714
1618,-10437
-2330,7293
335,-1284
571,-8409
-5802,1567
-15354,9081
-11440,-958
-6074,11539
9716,-13409
1626,-561
-6861,1145
-1435,577
403,3876
3078,10964
5579,4671
-13111,18884
4918,-1032
5888,-1336
46,-7215
1093,-313
-6294,-174
1905,6023
25177,-1624
3927,4372
7068,-454
-2535,3380
-3916,-8823
5801,589
-2882,-6291
-12846,-632
8939,-2561
3897,-9734
14994,-10633
-906,361
-11858,-9061
-6900,9663
3205,516
-5649,223
-3036,5122
-14346,-7076
795,-9475
114,1083
1097,-10751
-12430,11152
-1523,7811
4335,4611
9852,12170
-3674,1334
-7563,-2015
-15986,7279
8995,-5366
-479,6817
3641,3827
3914,-1513
8287,4021
13327,480
12960,-778
-16975,5522
1496,500
-3561,4100
9496,502
9367,-5539
-3798,-10873
-2674,-10376
15255,-5248
-4118,-2433
7314,3697
-10854,1646
-2419,-1019
7298,2910
-410,-7900
-15714,-10242
-6811,-3901
-13093,-8865
11577,7717
1351,4208
-1627,-3744
-4763,6372
2749,989
-5055,2515
-5336,11979
-18143,-6212
-2210,7538
3994,6145
15883,-3101
-1582,2103
1955,-3897
-462,-1446
6476,19276
4454,3813
73,7466
-7848,-240
14008,-5515
1026,-1963
6186,-5439
-2513,-13706
-3814,1946
12101,374
15289,8596
-3997,-2684
5246,-6409
-13245,-9354
-1055,1044
-659,-3408
-12657,-4628
-3681,-9387
7742,638
933,-4377
11136,5606
-13276,-9607
-11494,1029
-3536,10201
-5085,10011
-4140,2884
-2568,225
-7443,-15656
7709,10129
1028,-917
-1294,2413
-2953,7015
3571,7341
7117,11943
6331,15476
-2544,-15732
-5697,669
-1719,-5387
7412,4165
2278,5191
9386,-5551
8072,-8269
7497,10278
11287,-5552
-5751,3731
-9742,-10749
-562,-2530
-5638,3139
7631,1741
4027,-16153
-6448,-10518
7627,-11802
-3601,8506
-5615,2030
-197,4419
-12046,-5028
-823,8757
1883,1550
-13175,-4010
-1744,-12424
-8686,-2109
-2743,2790
8190,21551
976,-2064
1872,3427
4930,3286
-7313,6508
-903,8414
-7535,1625
-1970,-11909
4957,14101
11073,-918
8519,2571
9369,-6051
2063,-9721
2328,7887
-2891,16032
4129,-6018
-3611,2131
6919,-14481
1417,-2785
-192,-2593
1981,-14316
521,-11226
-4137,5701
9849,3854
-7532,11560
3805,-10226
-4518,-9546
-13266,-2962
-7618,3857
-5884,-2754
-9052,-3800
13306,-4246
-5714,8258
5390,6415
469,3685
-7969,-6878
-5823,8887
-4419,12540
-11792,9149
12525,1027
-374,-10000
7978,-4209
2433,11050
1578,-2786
3198,4980
9686,4003
-2847,5371
7579,15139
-1585,-6249
6534,-17216
-3069,-3636
1220,-8017
-3893,5755
10390,-267
8898,-13467
7844,4092
-4857,1328
-576,-4027
-13712,-1966
1366,-12423
-12142,898
-5431,7434
3032,-8238
5225,-7158
-460,-8489
2685,2124
-20387,12003
2863,6369
-4054,1702
-4032,6064
-1816,4935
-5520,2365
-3798,-8240
12922,-4084
-10391,643
5735,15991
2763,10553
8587,1577
11364,2003
-515,2487
-12814,-457
4733,5072
-2727,-13540
11239,863
3176,3011
5840,-3428
9806,-2153
11975,-7688
-4440,-8802
-6551,14599
-11269,-4880
3834,-356
1775,-6430
3417,-12083
-10001,-3334
-468,-4285
2444,-14376
-626,9576
-5879,1619
-5239,12478
-7744,4157
9520,-6060
-10207,-4920
-12922,3977
-7357,-4185
-3490,7778
11229,-2032
9979,9005
-8515,5891
8685,7854
-272,-2070
-759,5339
-1533,3244
-13366,8687
4357,-1428
19146,537
5331,-12787
8751,3465
-3493,-4956
1341,1853
12842,3975
-870,3314
-4969,-1017
87,4199
751,-20766
7030,-3688
-4142,-12038
-10320,-4741
87,3947
8599,366
7814,-3706
-5353,9984
-11014,-12497
-10357,4935
-3629,-4018
-4043,-2265
-12169,4376
-3292,2130
10007,-5539
5420,9099
6206,-6409
-13799,10523
-10281,6757
6014,9401
292,7177
-644,5432
1586,-7225
-5683,405
18097,-7387
4691,3921
-3565,605
4832,9931
4910,2301
11143,6600
11245,-3940
-16820,-7464
-1356,-9004
-197,-1766
5169,-8540
7007,5028
-563,-10318
438,-2277
14147,405
-5197,-4924
-7520,-1297
-18424,2849
-6294,-8023
2046,10499
5195,-8321
-7882,-8584
-2997,-2210
-2309,-4198
5496,7961
-7533,14778
-3546,-1566
-10724,13608
7520,2108
2478,-417
-6024,230
-8333,-7902
2355,682
3393,13563
21819,3657
-3056,7152
4558,-1766
4919,394
551,4701
-973,364
-2622,-5312
-11210,-3520
21389,-1682
6821,-1435
9239,-8007
401,-7973
-6048,-6572
362,6998
5903,7512
-15054,-4948
2066,-3997
-7557,-9767
4118,-6844
-629,-368
-7891,-12519
-9704,-917
6360,12087
-1018,4937
5269,11999
-12232,-5858
-6784,-7569
-8964,9773
767,1591
-7230,1107
1360,4432
4822,-5942
13504,14594
4208,5547
4461,-3528
-14016,4125
3671,5175
678,8836
3217,9437
5636,-15160
4478,-7517
2960,-5147
16537,1182
-7286,50
5303,-1639
1007,-1509
937,9567
7059,-944
-3088,-8577
-13808,-19624
4133,-4703
-9808,-2461
5631,5905
2444,-5132
-2550,-6115
3767,2547
-732,8843
-14618,-4855
-5768,3686
-15852,-9035
-1087,10343
2750,8991
2219,-6056
1797,-7118
2888,2856
-2815,2375
830,24918
-3946,-1139
905,3539
-59,7099
6530,1929
203,-2377
1623,-5432
4022,-17133
2552,15268
8590,6006
11254,5802
948,-4551
8460,-6773
-4382,-1950
-7704,6065
1222,-14677
-6633,-5152
4202,-8900
10054,5106
-2131,-3591
8187,-6445
-3295,-12672
-12794,6162
-2168,8146
-13091,7510
-3217,-9747
3435,-2181
-8139,-8566
246,7743
-1054,-5495
-6440,-3192
5354,8223
-4747,17245
-309,8812
3245,9757
-2289,-16795
-3951,5178
-3463,4948
-4041,1339
9433,1532
9534,-761
11308,-833
3356,18523
6178,-9210
-888,-1312
-1376,-2322
-3821,1739
-2339,6755
4378,-4690
15101,-21376
-770,-1656
5973,-7957
-5428,4274
-2044,-2243
4349,-3100
-5248,3400
-9514,7678
3477,-8579
-11816,-9816
3888,-14830
-9358,2308
-10054,5079
5280,7778
6080,-2485
-1941,4319
3450,7750
-19690,5273
-559,-1014
-3619,916
-5031,-2222
-150,14922
6678,1001
6702,-4805
18218,623
-5991,340
-1576,10876
-3879,12934
7030,-7060
3747,5859
4452,-2292
-4093,-7645
8580,-3597
5360,-15882
7561,-3544
-6994,12002
6530,-1328
1214,3515
9603,-6532
-4952,-10547
-14087,1955
-10916,-8420
4551,-8504
-5361,-614
9251,-2496
-9279,4619
3303,536
5718,-6005
-8149,3267
-16124,6187
-7264,8590
-12695,2589
16820,-729
-2675,-3092
-3655,438
1521,2010
3004,1049
3954,5661
6706,14999
-13911,6030
9933,9784
4910,-5320
4994,-8494
-3296,138
-4836,-3895
2507,-2338
20811,7238
6008,-7682
6032,7769
-4624,-2626
4135,-8694
-1886,-134
-3894,-4783
-13405,-6090
-431,5021
9311,-16259
11416,-2112
-5769,-5823
-4046,-4931
-12822,5071
4055,5720
-2837,281
-12960,10791
-6479,-8248
191,-943
-1869,-6261
6338,-1493
-16654,2308
-425,10990
10974,6138
4818,12813
3948,1410
-7518,4249
-12696,-4471
11297,5950
-2251,-3023
1022,4720
6323,-584
7027,-233
19078,-1021
9177,3809
-11763,-8904
-2546,9906
-1947,-4009
6682,2927
5027,-2789
-5207,-13770
545,-12344
7665,-460
3367,-12741
-3723,10856
-8580,-4166
-1440,3698
3312,6136
395,-4982
-12483,-10625
-16360,-541
-1266,-12007
140,13264
3499,527
418,2100
-5360,3900
7290,5740
2148,2953
-14471,10228
-5763,-5259
-10334,9351
8394,2933
15742,4875
-1259,-6648
3469,-2488
7510,-2086
-233,11821
12224,6715
-7918,5372
-1844,-5230
10489,4422
3913,-10224
1414,-5075
-564,-13613
-8686,-7501
14659,5660
6287,7380
2705,-7285
-3135,1828
-5067,-13745
-5569,3491
-2926,367
-15211,-10782
-3897,-3218
43,1969
11399,-3931
-580,9562
-2509,-12155
-12143,1948
-4250,13585
-2878,9030
-3678,7500
-8853,-739
6909,-10653
-2832,8915
10546,-1757
-2482,31
-3422,3306
7236,7993
9766,14786
447,9594
9658,-8941
-13654,-6829
5519,-3957
2720,3856
-15,-2345
7310,-5260
10154,-5772
3067,2033
17101,4289
-11960,-7163
-4485,-9010
-7436,819
-4636,-59
724,4643
3780,-11334
-7148,-18804
8430,566
-6770,-49
-782,4220
-8693,5823
-3927,-4258
-5368,12726
2038,9281
-8495,-10747
-3390,-3384
-8297,-8700
3479,7450
-2231,18037
11307,-509
589,1697
6220,8302
1193,2633
-3976,11544
-6848,-6859
4176,-5404
-5489,6524
17461,4629
5972,-3199
8340,-7638
8901,-11529
-1499,8187
-4311,7089
6375,2756
-10630,-8971
9571,-3625
-2052,-4617
-2762,-5172
3246,-14008
-2824,-11060
-5080,-1362
6952,16992
-8749,-217
5485,673
-5120,-8687
-10822,-2211
-9616,6725
-7835,-1168
-5796,-10626
7103,9406
-922,-568
6157,14444
1042,288
797,-6644
-7321,9124
-5754,15589
-4810,2969
3870,8662
8127,-16463
7225,2363
-289,3434
9007,-2767
1274,-1945
6643,5439
4626,3172
-3419,17169
6544,-10890
5000,-10991
-6802,-12498
2331,-1581
-7729,-2434
4392,-952
14792,-10896
-1992,4096
1187,311
-3228,3171
-12193,-12575
-482,-683
-13687,-2289
-11299,8202
6443,-2160
868,-8717
6232,-7982
-2402,10241
-12728,305
-328,15185
-37,-513
-4705,7548
-1027,11756
-5623,3
5015,-10141
4976,814
259,-8677
-2344,19601
6715,5523
12035,769
10527,4477
-544,1227
-4535,-2783
-6594,4143
8791,-17821
-527,2806
2252,-864
6863,-2114
8005,-5161
10659,-8120
2510,-7284
-19900,9980
-1144,-2966
-5687,1503
1876,-7436
1150,-3432
-10960,-6755
-2813,-4787
9457,-9207
-10299,2456
1226,8225
-11846,13549
-883,1748
7827,4663
-5776,-6753
-15362,2795
-2802,2094
-6441,-2217
16214,4721
2887,8733
1637,1272
4580,12551
9304,-5263
-1183,1711
-2583,8639
-13597,-1063
7121,3256
10618,-1282
15605,-14168
-2296,2632
3551,-8255
1962,-3494
8162,6690
-1132,-1758
-4767,4200
-9162,704
12481,-14983
-4964,-6109
-1676,-10791
-11713,-6780
-4957,3611
9520,-134
9027,3943
-12950,3942
354,-1605
-15846,-153
814,-57
-5981,813
-15126,2486
-2675,2596
13589,2731
3474,-805
12925,5221
-15528,847
-3241,7321
4454,12267
2360,4976
-2282,4565
2315,129
-2204,-12114
18969,2603
2080,-6815
539,-1055
-1914,8357
10439,998
9649,4527
6878,3137
-11327,-17715
-5320,-1093
-2768,-9443
7710,-5014
-5628,1367
3070,-7704
776,-4553
8867,6226
2554,-9119
-13261,4500
-19551,-3579
-1121,2149
-7119,6231
7328,-124
-6448,-9730
-6913,-986
7354,-4366
1987,11463
-7133,5876
465,9970
-11927,4876
11212,11457
5431,12
-8496,-3369
-2334,-8276
-207,1981
5924,2666
18754,14585
-1330,-5806
6349,3349
7483,306
1387,385
-813,-440
-8591,-4204
-6522,-12991
11737,9837
9585,-10684
6517,-4440
-1741,-10292
-2275,-8448
-620,6718
-2230,10786
-7583,-9667
-9875,5361
-760,-12247
2410,423
-5230,-3838
-4479,-10881
-8950,-2836
-448,14909
10115,6122
-5192,15370
-2465,-7600
-4709,556
-9252,3952
2559,7009
-5748,-2685
-5134,2042
15712,-1365
5873,12710
12720,1544
3896,1221
-9770,-7371
2812,11325
2499,6882
-3397,3882
10435,-9403
-1573,-11408
9608,-8148
8553,5881
-2106,-12814
-808,1720
2515,-906
-1944,6343
6765,6685
-7909,-11319
-5928,-20190
-7898,1337
-2190,-7908
-3970,8439
2233,-4300
-192,-6832
3748,9505
-2921,8101
-3543,-3658
-17351,4434
-3796,-7853
-8337,13673
2073,9497
6038,-5239
3223,-6077
1985,236
8922,5883
-9895,17131
7619,461
-3370,3954
1463,5740
7935,6195
1421,-5109
-1355,-12441
11334,-11092
-7294,3741
13966,9217
4842,3739
4939,-9378
6311,-732
-2270,-2032
-11558,-1146
2038,-6002
-12787,-15747
5696,-1234
410,6196
4171,-7012
2744,-3160
1207,-10573
-12495,1210
-5255,18402
-13519,-507
110,-1306
-4993,-172
2284,-5504
-6770,7621
3377,-4503
-1548,-8790
1100,14590
-1915,11660
4671,15258
-2736,4811
11206,-10362
-9480,1672
-2004,5682
-109,-3405
3900,814
11269,-5633
13909,6337
-2840,7036
15893,-2146
-4079,-9257
-1376,-1792
-4028,2728
-8427,4705
3673,-8611
14514,-11157
-4873,-13593
7759,2661
-8363,-4384
-695,-3273
1949,1111
-7562,4939
-9609,6286
1023,3584
-7953,-20368
2278,-2157
-11899,-2937
-6990,5067
1172,8958
9107,-243
2197,2711
-1063,17864
-8962,-4282
-1700,6966
-3771,-4564
-315,1512
-7100,12074
9307,2652
13528,-9085
11173,4150
4802,-6643
-5316,13535
-3962,3109
11972,-471
-2704,333
2716,2061
779,-9705
-1,-5916
13071,-18662
294,-714
-9276,1113
6848,8362
-425,-4083
7564,-353
-1684,-6533
-20790,-1224
-5426,-7400
-2004,-3334
-4235,-9031
3279,10830
-6771,-2556
3818,4193
9873,-1188
-8635,202
-11673,7831
-13012,13277
-3305,-4624
8752,11322
2580,-7685
-3169,1719
2938,1921
6983,-3542
8139,4324
-2194,16335
-1283,279
861,14963
12504,-8667
5160,-6126
-7319,-3533
-3841,-6784
5485,-5135
8880,5203
16303,-7611
-5898,7700
2091,-5895
5030,-3929
-4887,-5061
-7078,-2113
-12091,-5038
-11509,1221
18104,-8585
877,-2650
-765,-7867
-5761,1358
-9475,-1968
1714,10246
-184,5682
-19287,5621
912,2446
-4235,-1941
6412,-7377
-271,4585
-9995,-5909
-2934,11348
14653,10810
5088,5863
7656,9487
-9943,267
-333,-6432
1642,8651
5095,-7924
-5353,2223
4945,1295
10436,-6636
19511,3623
3906,-1995
-767,-9522
-14743,6630
6224,-3347
290,2793
-862,-900
-3398,-15039
12,-8613
1804,-5757
11718,-6891
-16905,3048
-1909,-106
-3991,5845
1702,7880
1940,-569
-11547,-6493
-19396,-7238
6088,-235
-8105,4015
7523,5885
-2273,3234
-517,1591
9867,9694
5856,6569
-14059,-281
-2743,5991
-11986,-1091
12155,8803
9427,5147
4885,-11087
2145,-3906
10208,-33
3159,220
7659,14669
-8165,-5506
1797,304
2358,4041
10736,-9134
-4617,-8659
-3425,-11907
-3938,-15286
5773,12167
5442,293
4987,-374
-10876,-2598
4044,-5963
-8823,1427
-7742,3289
-10256,-12567
-11873,1312
1324,-939
13762,7315
-5630,-99
5150,-3471
-10176,-1990
-5219,14603
2263,11543
-8448,8613
-5251,-5030
8738,2502
-2171,-3196
12640,5932
-1468,-7397
-2556,-1115
9508,10244
7291,14663
4591,2664
6265,1450
-7565,-19338
3146,3908
-11,-1618
-499,-6657
3162,-5464
7227,-4411
8467,-2746
7376,12247
-3377,-17336
-8435,-2790
-10310,-1817
-3244,3488
-5769,4522
-318,-7846
1201,-19471
-2685,6144
3100,-4298
-4925,8295
-9588,-248
746,4196
-6799,12208
-843,13559
1948,-8606
-11704,-4334
2070,-9258
-877,11746
-1885,7526
12884,6893
3817,-3466
5012,9307
9972,6908
-9563,4431
1182,-8610
-1980,-1228
-2741,-3427
11132,12838
8495,-9794
6432,-11140
12282,-6797
-5326,1119
88,5570
-3564,5737
-2957,-15814
-690,6131
60,-5285
-4505,-7045
1483,-10591
-4525,-15143
-1087,214
-5957,19450
3256,-2589
-3228,6168
456,-6430
-8416,854
-12084,8360
-7948,-3339
700,-7919
-5141,8555
11843,3089
-1212,13823
8251,-2056
5737,-3751
-6935,6498
-6732,14072
1635,6267
-5543,966
18433,-8935
-238,-166
4313,-1535
8506,-1462
3424,-9486
3228,2731
7009,9718
-10052,6392
12475,-2289
-1156,-13346
-1876,-14698
-6130,2588
-5730,-7878
-349,-4729
13266,-1864
-4081,-3934
3209,9901
-7869,368
-1700,-12445
-10380,3553
-9640,-734
-14435,6332
3002,5735
5022,-13830
7921,664
-7250,5859
433,2031
-8217,11650
7211,2694
-4041,7190
-5315,16055
782,-3384
7972,-5140
250,-7484
9663,-2847
-11365,9230
11460,6389
13810,-521
7248,3981
2813,156
-3278,1125
-9817,-8213
12961,-7231
-9215,-7277
1273,2036
4219,-1599
7490,-8281
11460,-7966
1105,-825
-20382,-2606
-1734,9697
-8368,-6129
2106,-650
-5058,1072
-8247,-7231
-2006,-5662
7574,-2127
-5357,-7832
-4069,19272
-9955,6260
5007,7980
3552,6699
812,-3411
-14001,82
-6483,5906
3458,-10217
8534,11277
3951,1335
6941,6391
1245,5956
17207,-1525
1332,-2661
-9977,8443
-4999,-5124
-954,5840
11025,-7712
16005,-5040
-7477,-8589
6128,-4193
4778,-7840
807,3788
3023,-60
-12915,6404
-6567,-4735
10829,-873
-5826,-15508
-4672,-3864
-11163,-8266
-8353,-389
12010,4633
3008,7506
-6779,-1324
-3431,11413
-7243,-8306
-681,7042
-6656,1489
-14960,-571
-1439,5463
10100,5637
14065,-5571
4062,12037
-3956,-8130
-3079,9586
4251,10055
4904,4674
-3412,4293
-3152,710
10566,-14177
6847,3672
10122,-13071
-3688,-1112
-4425,1145
12584,4145
9242,3689
-1217,2438
-738,-14539
-16428,-3716
3968,-10008
511,-591
-9279,-6504
656,-1214
3376,-4245
3722,4490
10532,-890
-20729,-904
-11688,-2458
-6776,9815
-3791,957
1636,8201
-2704,-8435
-7208,-5630
13212,4321
-1036,4502
520,4806
-7133,13481
-541,36
6189,17243
9187,1934
-6597,-9712
-1572,-3831
-1727,-5036
12710,2180
5146,12813
9891,-9406
364,3323
10537,1449
4655,-2780
-4648,633
-12459,-9996
-408,-8986
-3438,6406
17625,-6682
-1752,-6510
-843,-11342
1238,-7043
-2916,7246
-6739,6971
-2339,-956
-20000,-825
7594,-933
-3118,1100
-3575,-5721
-4056,-7862
-7358,-3714
-2155,10736
13772,17583
-8649,4545
5423,2301
-5961,380
-2095,2127
-1083,9429
-3507,-4756
-5338,-5373
15014,9483
6982,1203
16220,7391
512,-4286
676,-10083
-3630,10966
3527,7641
-3508,-3249
3580,-1592
1626,-19102
9768,-1283
463,-1205
6108,-12543
-9255,-3355
2656,2972
342,4925
-1959,12320
-3455,-14792
-4818,-11342
-14540,-5202
3712,931
-11660,1382
1460,-1044
4541,-4436
-827,12467
2824,6843
-1120,4296
-17790,-6849
1085,5256
-11266,7567
1326,11692
8655,-2932
2885,-8008
7415,-2397
8444,12821
-6268,934
7525,9768
-2598,-3336
2551,7974
5718,8909
1989,-8094
1989,-17697
4955,-4835
-2020,-9332
5939,16122
4340,-4284
7705,-7028
1672,971
-1122,12
-8450,-4871
-8327,-1620
-4555,-21561
-4956,6972
-1480,1991
7025,-1288
-831,-6469
3808,-5837
-6320,919
-15304,19569
-2690,-1309
-6759,4718
-3253,-2964
4662,5840
-7533,214
4841,-2233
6106,-9247
-6239,10446
6843,13332
-351,16947
3560,-2778
11608,1375
-6277,-6591
-4303,6554
3273,-3931
-1192,-7681
14913,-3102
5954,7833
4365,-2163
10202,5605
2742,-17467
-4903,-624
-6272,5432
-11699,-1165
4345,-5505
4888,-7846
4143,-16878
-4396,8476
-836,-10113
-2226,-2897
-1197,3702
-7503,5392
-7925,10537
-6980,5519
6385,-17753
-9410,939
-4949,-4134
-8065,6052
-496,5912
11677,1932
6704,6263
-7680,14921
6462,596
-8741,2787
3976,-5130
-3311,5042
-8424,5407
8662,3854
18475,-7298
5690,-4131
13531,220
-11733,4204
3121,55
6324,3691
-1249,-4946
-3275,4860
2445,-5775
-2476,-15750
15038,-9619
-7068,-8185
-4700,-319
-3194,11223
6800,-6396
2225,3044
-2004,1007
-18661,-7856
-5677,1222
-6170,-7853
1998,-5270
-10261,11805
2924,-1242
2377,4025
11022,3847
-2025,-3297
-12458,12648
-14585,7276
6857,2049
-2550,7591
10729,-2255
-4695,-1125
3464,344
13856,-6360
6903,4806
-5682,7129
5839,8445
-6023,4754
19019,-1141
2324,-7515
-9023,-7555
-2969,-7741
3640,-5190
4930,-4455
15494,4345
-10535,-4491
6114,1503
3009,-3779
-2848,-7024
-11246,-54
-14721,-1655
-11165,-6364
13426,6284
718,-11204
741,-407
-8870,-307
-868,-2455
-1109,10808
-2049,11052
-13740,41
-4677,13885
2351,-7599
9284,284
-5892,-901
-1540,-4998
-4703,6049
13062,13542
13420,2249
6,13589
-2359,-6000
3721,299
-2936,-922
8777,-2468
-9588,-5375
-178,900
17284,-6481
11519,3616
7825,-7877
-1160,-2656
-16050,-6457
6654,6715
-2733,-1094
-7330,-592
-1038,-10117
-4882,-8350
5960,-8935
6257,2660
-14639,-10431
-4799,9651
-2383,4465
1518,9778
2321,6038
-12704,-5668
-11446,-10077
-1011,9279
-215,-5781
901,12514
-685,-206
4843,2368
10840,12071
6645,6654
-4362,-4817
-12529,8920
-48,-6795
4704,13589
8011,420
8084,-9525
1237,-7931
9254,-897
11920,-2205
-5832,10756
1448,-7994
-5197,4003
2074,112
10489,-1257
-6643,-14022
-8126,-12998
2587,-12098
-6347,6666
11067,2732
-2708,2992
-6577,-7871
3095,5830
-5535,-1082
-11947,2508
-6554,-5882
-17858,-4515
6720,5199
5995,11813
3170,-6734
1252,3771
-1538,-4905
-4889,12316
3204,17526
-9528,1597
648,-844
996,5476
10411,-6622
3433,7219
4965,-12380
-1317,-6142
6903,12499
7128,9482
8916,4769
-3554,-1179
6468,-17598
-7653,2972
2174,-3518
-2379,-9172
-2634,-6909
5617,-5468
11849,2855
-3221,5737
8369,-11218
-16311,-6423
-7164,-205
-5863,8278
-9519,2949
-2684,-6869
5405,-10067
-8520,-1746
10943,5860
-9891,1434
-3447,-1320
-1486,10365
-3659,11686
-1939,13811
5487,351
-10368,-15303
6264,1263
-5141,4767
4444,4467
6173,7360
10667,-5163
5157,6920
9485,13970
-4458,-7710
1369,-2340
-6756,-7851
3105,-1550
-1525,10434
12914,-9631
6275,-15422
7416,-2110
64,-5923
-3163,9713
-8863,-2233
3943,-7729
-12105,3444
2568,1793
-4236,-8366
-3927,-9426
881,-16580
-4385,5812
-10271,10760
9188,8931
-7477,-984
5006,2700
-5782,3485
-13882,6659
-3233,-3798
-661,-2857
-5586,-1187
12485,16711
-911,2408
13024,1781
8314,-3354
-4426,2761
-5154,12413
-1162,9642
-1191,-10460
13091,4052
1085,-9455
5308,617
5519,-5211
7344,-13537
1788,-195
-410,13903
-3041,-2053
3631,6994
2600,-18665
-1650,-8149
-13645,-1100
-3263,-6945
-1620,-8095
4052,2332
4634,-4879
-6403,15709
-1397,-4042
1901,-3802
-14173,-1804
-8086,6660
-13454,4603
-4141,6436
15328,-9951
706,3228
-787,612
2535,9417
-5571,-390
8239,9670
-1244,6759
-10096,13032
8618,1191
3985,-6231
6849,-13700
3906,4583
-7430,-5143
7982,9248
15695,-1619
5159,-163
4656,4861
-7388,-712
-1160,-14021
1573,60
-4385,-15364
-7627,5582
2316,-1861
8886,-10215
10925,-3981
-4276,-747
-10017,-4927
-14255,13046
1394,-7602
-4888,5385
-8026,2475
-5058,-4316
-379,-4416
3572,-2866
5986,-5567
-16642,16234
1310,6516
2934,11892
5301,4829
3632,2744
-10757,-1302
-9726,881
13647,-5076
-2178,3251
10439,2363
2346,7587
6699,-1661
17405,3397
5056,-4595
-14336,527
-1012,1975
-7828,-3340
14688,-4038
5705,-1994
-1862,-15337
598,-1548
8528,-8353
-1372,-3389
219,8553
-16836,-430
-1153,1074
704,3329
3714,-15131
-13609,-1991
-9078,-6801
-5913,-5145
7927,11700
1651,3498
141,4861
-11353,9872
8100,-3523
-6007,6239
-5571,2970
-11504,-2661
-4639,7608
10657,2125
20708,1597
-4119,2346
8528,-3201
-5369,3362
6310,8553
5905,5542
-6905,3019
-4026,-3849
14854,-4375
892,-9060
14015,-5933
-9097,-9123
-2810,-2724
10010,7148
7777,3837
-3111,-1890
-1200,-2671
-15937,-15246
4452,750
-6252,-4649
-7522,-7659
-6154,1467
5551,-1121
6040,1325
6504,10097
-14471,-11035
-10605,6536
-9942,6929
2808,5325
-6419,8242
-87,-4386
-469,-9020
8126,10463
7524,-3600
-171,8830
-9734,4755
8714,6995
1346,13011
10167,5953
-382,-12586
-8148,-4441
5351,-9973
9046,6054
64,-38
12950,-967
-2046,-4985
10622,5140
8662,-1711
-11246,-3248
-8951,-12446
-5598,-1695
-5395,-3952
13345,6522
-3156,-14378
-1165,-8971
3462,-3193
-4818,4635
-4328,5803
-8680,6924
-13591,-8834
2099,14237
-311,-2545
-2455,-3561
-4858,-6717
-4828,-5487
2085,9168
5481,22819
3188,-3024
-346,10583
1080,-3042
2169,5696
-4417,6040
-2113,-6316
-947,-8491
4140,10797
18569,-1809
7294,8562
5844,-11520
4332,-5895
-6418,4303
1445,9284
-809,-4412
-8279,-4282
10757,-14846
26,272
3071,-7834
4072,-6613
-9427,-12468
-990,7168
3022,9408
-9970,7961
3844,-7119
-10720,-8744
-8133,-8388
-3030,10405
-8173,-6918
-2519,1032
7370,1716
-1767,8062
8621,13523
-4409,3517
-5098,-11125
-7367,12541
-3767,3326
-2782,11738
8417,-197
6058,-12932
11011,1328
2762,9045
7038,-3778
-3871,8189
6059,-5316
-909,9033
2045,9648
4319,-10573
3720,-16318
-3661,-9705
7630,-6882
-8711,9734
9973,-4766
4785,-4818
-566,683
-408,3317
-6292,-2231
-15348,-8540
2977,-11329
-16720,1709
1888,5837
2983,2442
2245,-9903
4327,-1498
-2273,5719
-17552,10106
2693,9898
-10917,-1886
2523,2822
-1302,10939
-181,-4055
3723,-2838
9534,-6138
-4478,-470
6235,21885
-1510,7528
11755,135
4092,2770
3072,-7129
-8598,3177
1948,-2832
2244,-17133
8479,3214
2317,542
10388,1789
848,187
12535,-14102
-9055,-3471
-11330,7579
-8287,-4372
-2333,-621
1691,-11529
8066,-5818
-13577,-65
6601,-3826
-3116,-6460
-4025,4611
-4393,8439
-11227,14603
-5686,961
11133,-3045
-12313,-8964
-1362,4473
-8671,1800
700,2275
13464,4698
5876,9112
-3736,7205
8031,12421
-3755,-10389
5567,2184
-6786,1654
-6514,1660
5942,3370
17255,-5351
10674,-12227
6555,8649
-5315,-8927
2872,4104
1397,-455
1472,-2858
-9712,4180
-1213,-2003
5090,-19976
3856,-3389
-2153,-15196
-8082,4492
-8225,4330
11843,998
-863,2191
-6026,6349
-8867,-6700
-13844,3319
971,-10054
-1646,2880
-13918,2822
5934,8417
5040,-21
9993,5507
7079,291
-17370,9172
-6246,3911
4215,10069
-610,-2773
7753,8194
-1826,-6603
3537,-3120
18759,-3800
2998,-1309
-903,1976
-1760,13841
1991,-5669
12626,8199
3749,-10119
-9951,-10262
-4474,-6117
406,-8997
8346,-6952
969,8857
-834,-10512
-1239,7629
6423,-4466
-837,-4910
-15330,952
-17645,-1684
-4413,-4456
-629,9303
11552,-9573
-7067,2776
-4333,-3471
4439,1783
-1214,8303
-4668,11452
-5432,4151
-13996,10824
15057,-1623
3482,1835
-2020,-7166
-917,-1187
-1838,-1094
10195,11092
18800,7628
-6866,4261
7065,-800
-500,43
3424,-7308
1463,2336
-8124,-11794
-5147,-3075
17727,1108
7482,-5256
11198,-2950
-8299,-4569
-5696,-10848
-3430,11569
-92,-1437
-11946,-2248
-4603,-1686
-3765,-12476
8942,-2025
-3165,279
-2954,-11049
-14902,9442
3923,7335
2331,10886
-1164,11408
-8365,-7529
-5454,-3819
-8033,4266
11159,-633
-9504,6259
4250,587
7979,3278
10283,11751
10185,4432
691,-1230
-17305,-2638
8619,2573
-3662,5934
9139,948
5873,-8311
1869,-12066
9710,-3204
12877,2646
-9666,-4336
3175,2143
-10113,-2729
4628,3913
3749,3273
-4685,-16040
-9882,-15260
302,-4059
-5743,-4661
6763,13281
-5927,-3341
256,-2892
-2707,9619
1264,1955
-11851,-186
-10764,648
-11014,-11273
1886,15138
3918,6385
11066,-1434
-3913,-835
7585,-1072
-1295,8486
-2310,18848
-1244,-3318
-3249,4616
577,-518
16179,2829
-2507,-3904
8886,-10205
1288,-11022
666,9642
11629,8064
3779,7214
-2828,-10184
8616,-4134
-10274,-7493
608,1192
-3966,-11552
-7762,-10964
6278,-2612
6066,8168
-53,-3403
5590,1652
-12181,-15821
-7829,6901
-8569,10170
-10176,1328
-2736,-4003
1059,-2920
249,-7422
3599,15779
-2077,-8389
-1954,2181
-3272,9912
591,13553
-783,13839
1300,3770
3191,-19006
-3200,6317
1758,-2560
3515,5863
2511,-492
14414,-2033
7013,5017
2994,13425
8122,-9102
-8238,-3892
-1301,-12047
-1465,4661
-6494,956
11187,-4268
8152,-17098
462,-4421
7926,-1465
-11861,5323
-3280,-5985
-1757,2062
-11301,-2753
-2408,11425
-1543,-7093
-6718,-13435
5493,-8859
-10453,2934
-3748,7715
1393,16244
2141,-7054
1454,10918
-1685,6709
-11391,2047
-654,590
-3848,-6062
2615,-2276
-203,20020
11106,-3088
9652,2794
11785,-3738
41,-423
-5789,12472
-5198,4613
8204,-9413
-1887,3362
10239,-8479
-1177,-376
5793,-9779
9912,-14106
-482,-1555
-7510,9657
4532,3691
-8160,1607
11161,-11650
-8063,-5307
-13716,-4731
-4515,-3498
-1537,-9092
-1951,-1286
8819,6748
-12983,7537
7692,3005
-798,-1330
-7923,-4665
-12240,12135
-10717,5033
-5419,724
17009,2433
-739,-5242
5691,5641
-1529,6864
6425,-5498
2613,10624
1327,8322
-8787,6531
6519,9463
6453,-14130
11018,-8851
-6123,-851
2479,-7611
-325,4187
16212,-158
7163,-3525
-1739,9710
-4748,-6429
3451,-7783
-8766,-6856
1772,-8729
-17708,510
622,346
11916,-8827
5784,-1168
-2802,-3656
-6137,3389
-18850,2125
7668,4558
-10435,2402
-8837,5845
-2976,299
18,-4100
6613,-6219
6825,3883
-16742,1359
4655,16632
3023,6784
9318,6541
2551,6732
-7914,-2401
-5446,-5470
10503,3043
874,-10772
5996,9873
339,195
13098,-1555
13589,3179
7159,-4257
-11193,-6188
-9512,7294
-1252,-12037
7118,4186
88,-7136
2209,-10766
-4942,-5792
10025,-5456
2784,-6619
-11420,10953
-9134,-3341
-5801,9369
-744,-449
7450,-3178
-17512,-7993
-8900,-3126
484,-5004
-582,10504
8242,3976
-3409,10815
-6716,1664
12425,9776
-3504,-1470
-6655,4966
-7579,-1519
-8649,2680
15834,3256
15031,6367
2158,-9572
6256,5575
1078,-6513
5627,8252
4532,6822
-9628,-2074
-1270,-3265
6952,949
9570,-16990
2939,245
-5172,-17544
-3934,-3149
5760,7889
6609,3437
-1309,-686
-10709,1125
-2308,-16147
-6881,6174
-3155,-7803
-9634,-4618
-10630,-503
6576,2780
11089,4183
-2415,9326
410,-8466
-17567,6744
-3044,5317
1751,12366
-8279,2926
-474,-578
6721,-5926
2408,4476
18208,684
-6869,2652
-2342,-1000
6014,13800
4685,6463
6614,8359
3654,-9566
-11017,-13857
10183,-3669
702,320
4724,-6029
2627,3188
4620,-10174
6460,7122
9107,3193
-11410,-11597
-8356,-6244
-13012,-3933
1382,-2863
-1975,10144
4100,-15155
-4118,-8167
3285,1510
-851,948
-4465,9908
-14463,3294
-1874,-2527
-9829,15325
8580,2258
-3874,-3652
-5091,-7330
524,-6602
3217,11318
-110,15184
13773,4172
-7628,3380
10816,2622
1788,6285
-4217,902
-1171,-7532
-442,-7447
-1108,1403
22084,8763
1102,-3615
11901,-8716
1861,-5751
-3408,-480
-2696,9495
-2489,-1660
-10597,-13352
8550,-231
-3494,-7793
5825,-3601
-2921,-7976
-2875,-15001
-5996,7863
808,15701
-6745,1265
-20,5215
-8194,-13250
-2867,-241
-11608,7879
-110,-5895
-6178,-2069
5351,7079
5978,5054
4318,19657
998,-3467
2924,-4010
-13395,5222
3139,9295
-5857,6131
4857,261
13382,-13405
6105,3147
5535,631
10696,2068
-7579,-6598
9211,2812
-3493,5479
-2247,8811
7333,-8336
-302,-15814
-2241,-16204
3748,3417
-10664,-5641
7885,3050
3188,-6658
-983,1679
-588,8502
-7779,-504
-10002,-14353
-4143,1174
-13273,-7544
-3163,14764
1411,392
7401,-8673
4118,1236
-2085,8430
-8025,4158
-5533,16258
-886,-8150
-1207,11271
-3360,8138
6107,-1230
3616,-6919
8469,-5817
5030,-4411
-5466,20891
8260,1745
9000,4839
3347,-3257
6279,479
-9443,-3295
-2415,-4837
9052,-16881
-4538,-422
6774,-682
4370,6445
2945,-9532
12396,-3984
-7732,-7674
-16666,6454
-4725,799
-10316,-4311
5603,-7980
-590,2886
-7615,-8490
2795,4633
2406,-10147
-5461,3198
-3768,15302
-13363,11204
2034,3694
3730,4371
-296,-13444
-9001,9816
-3214,-2538
2719,-1338
11777,7328
5106,6242
4211,7770
-337,12207
12460,-12791
-2935,3107
-4705,-1600
-6430,329
1972,1193
15015,-6943
16338,-9458
-5671,2912
7469,-7911
-4805,773
3292,-3193
-1238,2141
-13533,2084
-4840,-1361
10734,-12345
-5928,-10552
4718,-7962
-16181,840
-3942,670
8555,8542
1058,1537
-8728,7487
-3672,3286
-14916,-5697
6777,-500
-8823,749
-7734,-159
-656,12994
12584,-1342
10463,3361
8648,7995
-13565,-1904
-1518,9428
-1089,6060
8373,-2623
-3954,8869
4272,-6892
4999,-7845
15975,-421
6250,-10342
-1279,4434
-9331,6068
12481,-1153
1261,5676
6864,-6054
-10011,-12100
-9627,-5628
2907,-12445
5880,-1992
-8805,96
6086,-524
-8028,1673
11145,1732
172,-2293
-18348,-182
-15679,-1810
-4278,3461
-4814,714
14029,5157
-10277,-5426
1484,25
6353,3826
1685,5064
-3971,9770
-5873,10974
-10234,117
15245,12786
3652,-6054
1973,-5709
-4459,-3308
3535,-5141
9601,6651
13371,12531
-697,-6760
2957,8460
2227,-7034
7705,-3362
-7664,-2070
-5766,-11848
-6946,-7366
8815,5859
14203,-9870
2716,2734
-6411,-11747
-257,-3394
-10129,5488
1003,5005
-12750,-3608
-12889,1498
5063,-9501
2569,3454
-1265,-6648
-438,-1802
-16117,-1308
5970,15343
5136,11705
-5508,10453
-76,-3360
-7303,-476
-2038,-3121
8427,9784
-7993,-7530
2910,4818
10623,3208
10425,7922
14193,6178
-2028,-1667
-8290,-12060
852,11916
463,-4085
3136,4297
3037,-9402
3671,-14562
10115,-2311
6515,2502
-702,-11991
-9555,6758
-2861,-7117
-106,10543
-904,3278
-2507,-13441
-9435,-14912
-6657,-2671
4307,-4655
-7655,13535
1827,-5299
-1146,4048
-2369,7668
4904,9114
-8354,-1331
-16012,-1677
16,-5749
-8801,12763
10568,6098
8064,3479
723,-9306
9617,4950
4334,6379
-6267,11250
5512,2128
-9727,-1201
7088,634
8636,8743
3480,-13873
4280,-8115
4683,-13014
-2178,1592
10964,13902
-1792,474
4142,-9135
-1649,1769
-834,-10758
-8130,3112
-4153,-11686
-8298,-15672
1989,4340
1164,5657
7777,-273
-5316,1933
1771,-13900
-13700,8753
-8571,11848
-7851,910
-5352,-43
-1288,-3429
9573,408
-6493,9549
10961,-5729
-4856,-1016
-1069,8393
3024,16349
-838,13676
319,-547
11868,-9352
-10067,-4001
8858,2432
-1932,-109
4655,-6894
12226,947
7724,4680
1227,6729
11442,272
-10269,-16763
1591,-4406
-10009,2487
-4161,-2663
3263,-1847
9317,-14910
180,-9371
4801,8983
-10022,-6232
-1010,607
-9161,946
-4312,1079
-11281,13924
766,-2310
-1981,-16901
360,-442
-6219,-4059
-2108,13104
-4658,9529
13304,-485
-3511,9430
1160,11794
-3799,-395
-4779,1820
1395,-11239
2708,4241
-7109,8816
18265,4597
7292,-5282
13625,-2080
5027,-663
-9999,8710
-2001,-1149
6526,-1679
-6221,-8203
9441,4125
-4051,-8427
6162,-10468
10255,-12596
-3815,-4488
-7366,5523
-563,12660
-4951,-9162
7744,3238
-8818,-8388
-12188,-2711
-7510,-1955
-1150,-9508
-400,-3579
-46,16098
-3837,-837
4766,12948
3343,-4952
-1944,-216
-16329,10892
-8660,6259
61,-2083
7223,7756
10084,-9091
296,10051
2474,-1740
13435,-1788
-416,3362
617,10426
-3489,4626
-2912,8386
16837,-13762
3850,-5576
-5651,-10393
2589,-1680
-2105,-6945
12440,2146
9673,-1222
-10348,5773
2983,-3187
-1768,-4075
-5168,-14183
-5022,2425
-17711,-7684
-3997,3096
13431,-3147
2206,-4405
1957,777
-10905,6063
-7676,-4973
-35,14814
-5367,-1324
-12020,9026
-2743,5141
3041,-6598
11620,-3484
-447,3991
-3458,-5055
-4930,18852
11919,3280
9002,8812
484,7444
-4200,-3915
100,-5508
1642,-323
11835,-11635
-8416,6470
5737,-3249
12573,660
11876,-362
7457,-3143
-7602,-5932
-18442,496
7900,-5444
-6006,1127
1974,-6529
-2529,-5049
-3507,-10962
8726,-2339
5825,-3166
-18138,2055
-3214,6667
-11981,6419
5696,3062
895,5376
-11589,-11996
-10952,-1568
4076,-220
-1475,1176
9258,12870
-6916,5314
4534,3111
6332,14104
7424,-3575
-9814,2915
-7413,1034
-5169,-5533
13717,9764
9788,330
11427,-8291
-3414,1477
12650,-6857
2712,4330
210,7060
-7095,-6529
-4649,1387
1894,-3299
16568,-8867
-9528,-7944
1270,-14578
-6777,-6247
1875,7184
7453,4841
-4083,3540
-13140,-4011
5065,-1840
-13093,-2189
370,-629
-13451,-5716
-10844,-2706
7015,6963
11312,9218
-1286,1015
4470,4441
-15259,-4525
2016,12433
-2172,11992
-4920,121
-2545,746
7966,-1174
7522,-4670
14878,9608
-3324,-11298
1034,1911
720,10520
10767,6865
1794,6485
1580,-5980
-3518,-20619
1901,3085
2448,-9206
3355,-2593
-6333,-4306
10497,-4633
3000,4978
4926,6947
-3386,-13838
-16558,-2874
-9750,-7680
-331,7101
-9922,1643
6941,-5292
-4040,-10868
1268,4028
7049,3398
-9806,8857
-9162,-1470
-2090,9546
-9525,6384
9097,14442
-1709,-7396
-4567,-9408
5689,-3560
237,8538
4574,7764
8952,12222
-489,-8507
9367,12594
4196,3170
-2561,-2902
-1844,-7520
-3633,-9516
3023,-3743
9480,15249
9123,-13848
6710,-3526
3048,-9058
-311,-97
-6942,8100
-7045,-1747
-4382,-14148
-6038,5952
5370,-8913
-1290,1043
-2851,-13312
941,-10459
-8192,5580
-3691,17615
1887,4123
-10410,5602
3744,-8919
-7148,6005
-9505,1272
1068,271
-4692,-7725
1643,7240
13508,10990
-2062,13215
12245,-1697
430,-1120
-6604,-3031
-1000,16358
-3273,-293
929,-3349
16081,-6463
1840,-4172
11442,1372
3600,980
2232,-16206
105,8079
-1000,3421
-5718,6302
5208,-1990
-1537,-20182
1555,-12318
-8545,3316
-443,-10118
-3903,4122
6578,-5677
-1102,3466
-3765,13625
-5821,-2196
-2863,-9573
-14892,-368
-2067,-2843
-14442,13527
5231,868
10170,-5649
3699,1963
72,7385
179,7836
-12030,6685
10494,-97
-9068,8365
35,8264
6225,2081
6000,-11548
8282,-8864
8623,408
-10973,6121
13818,8776
3649,-987
8162,-3179
805,5555
-6019,-7123
-4606,-9381
7589,-9801
-7940,-12310
4285,8428
-2092,954
10649,-8785
4588,-475
-2231,-6414
-18156,3193
-8777,8058
-7153,-11232
2255,2989
-7141,407
1638,-3473
-4637,2133
10406,-7199
-3599,367
-9095,19150
-6398,7059
2373,11164
1298,-254
9247,-3339
-15756,1926
2463,-491
5700,-5312
6546,5513
9089,4078
3405,11775
-169,1329
19725,-1349
-6630,-7650
-4061,1369
-7701,-1595
-1889,-3197
15085,-6822
11921,-3541
-5546,-9260
7326,3436
-4068,-10757
3428,882
-6348,4014
-14632,874
-5543,224
6632,-3528
-844,-18526
-2334,3747
-13651,-8592
-1674,4311
3926,9018
4703,4358
-7906,8003
-7055,10057
-1854,-10681
-312,7758
-5382,-5879
-6213,4262
-5469,7429
18264,2681
13607,1025
3033,9023
-104,-5613
-7525,10218
3866,-716
7899,4853
-9641,-463
5134,-1408
8427,-10726
9372,-3608
13723,-10179
-9925,1335
-5518,-1936
9538,8944
368,-3260
3002,2403
-8288,-11669
-13524,-9589
6704,-7531
-2624,-2575
-5771,-5893
-2129,9937
-1269,-5875
8637,10023
2404,458
-17465,-3531
-13110,2727
-8656,4718
3274,-1491
1555,13511
-291,-11023
137,3736
9500,3435
6579,2434
-3236,9447
-10291,9176
2424,-239
3046,15824
13845,-7701
-1907,-4736
-4505,-8919
7185,-5786
9109,3587
5019,8097
8956,-4463
-8345,4646
12221,-5043
3113,-230
-9197,-8955
-7937,-8558
-7166,-8772
469,2293
19067,-911
-7223,-4075
1615,-8895
-4052,1079
-5552,-64
-4224,11224
-11352,-2212
-16465,-2131
8495,3772
-1462,-1805
5533,-3639
-7014,-294
-5228,-7144
899,18929
8465,14118
-4198,5024
1094,5904
-5480,-5702
6497,465
-2118,7547
2701,-11700
-4703,2267
12482,4458
13877,3783
11208,9379
-999,-8796
274,-8530
-10405,6050
8874,-851
-7023,221
941,-8993
6068,-13879
6215,-567
4599,-3040
4229,-6311
-18884,-4065
4234,2535
-6917,9520
-1938,4969
-2061,-8523
-9667,-13321
-7126,-5945
6229,6090
-12792,75
5812,4354
-3578,2477
3037,9206
4356,14374
-4521,-1188
-13076,-7869
-406,5656
-7702,910
10292,14387
4412,-1545
9445,-10175
6719,5464
8564,6427
-2408,2188
-123,8021
-4540,-10908
4866,9131
2152,3790
10505,-11898
-2368,-13307
5715,-11564
1136,-3974
152,16137
2937,-6063
1998,-1336
-6358,-3154
5243,-277
-14146,-3115
-5635,-8987
-4655,-15766
-7854,5929
4701,4864
5543,7632
-5094,-7579
7484,-233
-13514,2686
-9017,14657
-4437,3212
-9440,-1366
3155,-2009
6541,9973
-1910,-3078
11591,3991
-624,-10431
238,8589
3073,18340
-1290,10070
5113,-2442
6818,-1366
-1499,-14225
1750,9749
110,-10175
5071,-8595
7310,617
7002,4158
4615,4134
2722,3968
1976,-22840
-8238,2014
-9964,-2449
-5164,546
-3439,-4658
8288,-10895
4311,-8042
-6044,10012
2875,-7607
-8474,2882
-6102,-2383
-4387,11048
-14233,10057
363,3107
5408,-13469
-7293,-2936
4024,-652
-8636,11657
1305,1885
12538,9118
-187,3458
84,15601
3211,2560
-7104,-6285
8239,-7000
-5237,2880
-1629,606
10565,10803
13912,-13087
11038,-1319
6746,2375
-10275,-513
1068,1044
-1993,-2647
992,-10820
-5239,10263
2154,-11909
3273,-10685
8200,-10154
-3331,-8748
-7379,7827
-9519,10580
7138,-6355
-5369,7181
-1478,-5082
-13615,-352
-9017,-2358
1417,-9498
648,-273
-9311,12084
8563,5749
-2969,9242
13641,-1705
-1474,3200
-15498,6569
-7099,6777
3616,384
690,341
17089,1222
-6256,1162
11069,-2367
11985,-996
3240,-3859
-2961,10174
-2203,7392
-5245,-1686
18855,-1557
-1695,-12931
-1289,-9668
-5783,-2032
3759,-12666
5956,1342
6847,4312
-9638,-2265
1719,7671
-2646,-9036
1282,-8910
-17232,2380
-10988,-6953
-9179,1832
10426,3196
6905,-7438
-1303,8320
-9450,17
3119,1497
-8507,9900
2339,4770
-15034,7117
-4730,7991
10842,-6430
9579,244
-542,-4346
3650,1518
-10155,5568
18469,9617
7433,6152
-1526,6139
396,-2701
-215,-4372
1921,-9602
10969,-1612
-13757,-8965
6040,2742
10169,-1584
12350,-2347
6426,-990
-8949,-4398
-15264,-8567
2853,7411
-6782,-9062
-1981,2187
-7644,-5577
1392,-10217
6768,-661
4028,344
-12023,-5632
-10854,16095
-5036,148
5265,13076
-3633,4345
-4289,-7684
-11407,-3778
3023,2661
7393,-3414
-1448,15599
833,-1021
6478,10112
5502,7651
14297,3380
-9889,-3512
-10645,181
3353,-6300
3016,8638
13512,-4085
8341,-2313
-3068,-10784
15391,1338
3634,-2319
-5329,4071
-3607,-3770
-12363,-455
5591,-3514
9301,1370
-7335,-19437
-2736,-6106
-4625,-10554
-912,5293
6687,10182
-8512,2214
-6183,-3620
-1674,9292
-2998,-8568
-6513,7070
-11480,-8807
-9402,-3557
5469,11135
9670,9279
7600,-184
-3778,7964
983,-8946
-3162,16312
-322,8318
-2834,574
-4883,-308
6566,-587
16636,-3804
2887,5531
9484,-14710
-5166,333
2443,4891
10683,11465
-702,2421
-2321,-6260
4378,-15334
-8987,-2997
9349,-6575
-6348,-4504
-4999,-11281
6796,3691
4189,2870
799,6635
1952,-5904
-21137,-10455
-3645,-131
-9315,9315
-5304,-2850
-788,2502
1745,-11266
816,3215
9521,11344
-8919,-793
-2881,2953
-8683,10338
1743,5925
-532,18839
5185,-7718
-2360,-12779
4839,856
2404,542
7751,8757
-212,6129
12842,-6919
-20,11926
9618,4431
-911,-5874
-5741,-8428
-3040,-13700
3512,520
-2929,6889
17730,-7790
-2046,-9101
7277,-6669
144,1757
-10202,5236
-8048,-3639
-3337,-5830
-14134,-1201
9793,5083
-7648,-4895
1714,-12104
21,-6734
-6667,3303
-4932,16241
2937,12733
-9556,-4239
7349,6470
-8625,1757
-3011,2331
-3289,722
615,-10533
716,4094
10748,18564
3528,1491
12931,6867
1564,-8023
1811,-648
-9470,13227
1128,-1278
-105,-8449
8832,-755
7576,-10661
6708,6402
2217,-8980
9709,-12072
-9124,1436
735,8121
-6430,3870
-2697,854
5012,-19879
-3734,-5407
-11352,-4796
2988,-1185
-9836,-6377
7506,1704
-56,5444
-8162,14099
1477,266
-3689,-3686
-12453,-8176
-2620,11015
-15695,2361
5564,6257
11903,-3902
4296,40
4723,8443
-372,10030
-3640,-5333
6404,11360
-6048,-917
-1423,12758
4537,1502
9630,-14444
9488,-10231
2682,1833
-2491,-5241
3803,13905
8870,-8802
6555,2533
-4471,4332
-2595,-5829
-3869,-11876
-1183,-7955
-142,-15262
-10488,11544
2214,-3805
10367,-1761
1623,-4210
511,463
-15495,1659
-15734,7437
3056,-7260
-9228,5454
-2910,-321
209,5583
-2097,-6555
12552,-443
1135,-981
-13980,14105
2277,12015
-2683,9342
9046,-1386
4595,6600
-9730,-8453
510,2720
9661,-7700
3458,-2096
10304,8455
-1732,7255
9430,-2401
11722,5256
2502,-14998
-11077,3420
-8121,-2868
-2623,-8471
11753,-2071
4258,-5029
2586,-10007
-4766,5005
8104,-13742
-3028,2779
-8971,4470
-13665,1496
-7251,4307
1623,-2452
8939,-12328
-15611,1461
-2391,-7582
-5274,4383
4357,6949
6332,8914
-6725,9468
-8836,7779
10617,-1545
-8151,773
2798,-2206
-11438,3183
-2579,995
17663,6957
16391,588
763,1849
7117,2370
-9985,-1909
10333,3013
-483,4714
-6242,-6141
-1502,1793
11140,-9672
8085,-10995
11828,-2005
-12238,-10812
-1484,1158
76,8653
7748,-3043
-6709,5293
-6709,-7412
-10432,-13686
2136,892
-3673,-9301
-3890,-789
-12673,6341
10472,-516
2887,10240
4659,5099
-11205,-5262
-15870,6402
-5720,900
6806,6855
-8288,5590
9107,-2907
-2202,-1216
13012,4338
12043,1770
-5732,6597
-8063,2758
5986,8826
-1608,4567
17667,3252
-5304,-11647
-2546,-11367
7788,-5190
6714,-10
3304,654
5980,4494
-7569,-8097
12827,7403
379,-4323
-7261,-9720
-13133,-7276
-7879,-8297
-25,-1629
10312,9906
-2873,-14156
9,1129
-3878,-2340
1329,3297
-10473,10687
-10566,916
-11845,-3986
136,13395
7394,-5978
2537,3196
-7010,-8052
3651,-2285
-2633,13288
9028,17121
2364,2841
-6052,7746
5801,-6866
4223,6169
-3105,-3467
5576,-5437
-7574,-8293
10401,6565
18061,4286
3805,5107
6575,-10421
-2604,-3910
-8325,-4872
4870,9945
-9391,-9120
-3724,-6912
6802,-8977
1700,-3326
8021,-2929
-2105,-2413
-11737,-14671
-2701,14562
-4527,5482
-4404,8621
-3175,-3299
-8312,-13404
-2363,-3829
-2317,10368
-2008,-8157
-3527,10390
2880,-602
5348,13629
3301,15459
-294,-1582
-5664,-8557
-9070,6494
4691,-1172
-1627,14986
9037,-6698
11539,-6619
5883,974
10196,6652
3640,-456
-9703,1567
6235,-7826
-6426,9000
4493,788
7584,-5941
-2408,-21020
3144,-9579
4145,-2290
-9313,6984
8824,-196
-6102,-2179
-667,-3174
-709,10245
-9903,-8844
-9440,-7253
-2756,-10198
-12267,-752
6410,13411
-615,5681
5840,-8839
910,7465
-3189,147
-11265,14441
-3597,6931
-7201,-7207
4101,5878
470,8271
10400,-3651
2132,2414
10980,-13042
-1335,5988
631,18391
2114,5180
6024,936
880,-4905
9473,-8657
-10751,3227
7020,-11189
1698,-11689
2696,-1700
6761,4423
4235,6781
-2411,-3319
11338,-12170
-17475,-5150
-6401,2048
-10491,1314
-5216,-7713
6072,-6501
4380,-1618
-8669,1645
8406,4198
-10530,-7042
-693,3332
-9876,14690
-10107,8349
-1468,5986
7842,-6444
-4318,-11117
3497,10266
-7950,-153
7616,3722
6175,8266
8021,3626
-2543,14621
4375,6579
895,-14957
3624,275
-5917,-6249
1118,3517
423,3922
21591,-10422
7624,-4703
3306,4721
-2727,-6100
-4834,3449
-2215,-9114
1785,-1206
-16293,2612
6206,-3635
1570,-13831
4320,-8824
1381,-7939
-13308,8561
-8105,3902
8849,6683
-8838,-1097
627,7735
-12846,-1700
-8470,-3503
5084,-6234
-3003,866
-7157,4839
6606,17416
2358,-2716
15852,8223
235,1311
-11684,3556
-6150,6992
2268,804
5199,-6380
7548,10995
635,-10321
10265,2253
11994,-6323
7730,-5555
-6950,7164
-5953,7796
2286,-6083
6393,5638
5010,-17547
-6327,-4450
-8997,-9128
7515,-9632
1479,-2558
-163,6495
-1892,-1598
-8649,10050
7348,-8558
-2085,-771
-19232,-4710
-9865,1403
-9388,-2218
5259,5244
13832,-1605
-8885,5842
1093,-325
2447,7738
-3301,174
102,14282
-12456,2833
-6856,6781
16387,602
5755,-4399
6280,-6300
-2373,3885
-499,-6903
12434,15451
10124,2551
-3164,3238
1014,2125
-793,-8444
7886,-10140
-2203,77
-5185,-16977
-5055,5249
12060,-3181
12290,-2160
2799,1625
-9674,-6499
-7143,-6889
-9994,7854
3097,-7434
-14389,4534
-6473,-5477
3787,-5457
5561,-184
2767,-206
-3867,-2490
-20279,10117
7508,6748
-1913,14544
-300,3789
-3104,-1159
-7998,-6878
2526,939
13237,1744
-9243,3435
8805,4542
2134,7813
13052,4588
11247,8927
-5118,-8652
-12303,-4761
5091,579
-1555,-2848
13905,2240
-2,-6124
5800,-14096
7914,4461
8851,-4592
-8168,-1487
-7400,2605
-11930,-7503
5167,5926
-479,222
1829,-17300
-13064,-6689
1302,-8742
-1035,2658
398,14450
-5406,-1672
-3556,4805
-6762,6948
9207,584
-15060,2325
-6550,-6402
-7167,-4366
1264,11956
12536,7675
9995,5170
-5930,-2218
12578,1680
-6744,7476
2967,9575
-3305,23
-6778,-3498
7492,-884
16352,2948
1061,-8797
12291,-5598
-7057,-11384
4828,5923
5604,12665
-900,-522
-3523,-7168
1972,-5912
-6369,-13321
4280,4215
-9176,-14418
-3012,-9124
-853,5215
7362,5218
433,5407
-1982,1732
-11357,-16988
-8797,10490
-9819,3864
-2144,2820
-8581,-341
7337,-5452
3962,2059
4478,14460
3048,-6292
-6675,6472
-5878,3831
6157,15547
-5995,11005
8761,-2049
2172,-15147
-418,-688
10398,-1462
1447,7312
1555,-5107
13559,3566
-1340,1855
9288,10877
1531,-7552
-9613,-13408
232,-11608
-4619,2281
-2127,-2611
10689,3206
831,-18999
5422,361
587,3251
-10487,1036
-6819,-1580
-9519,-1453
-7850,-4740
-1489,17470
-896,-11297
747,-7227
7,-6353
-2946,2509
-4065,15971
-2344,14088
3465,-6180
-2755,14205
1400,-399
-3267,5912
-4078,-4786
4700,-9725
1464,1830
2668,16756
15746,994
3506,4841
11863,-10244
581,3781
-10696,4317
713,1354
700,-11094
-449,-3715
14116,-4288
-3586,992
9405,-12008
5533,-7411
-7202,-7337
-4554,14201
-5240,4292
-7912,-3076
8931,-8480
-10532,-7649
-5353,-4489
-5365,3464
-2234,-14170
1028,7237
1858,9065
-7697,10154
4683,9005
-3919,-6385
-2539,-5860
-13801,14177
-4868,-1946
-806,6966
13745,-1914
7957,-2605
4790,11860
-47,3717
8618,-4847
-5133,7853
4301,232
-8980,11362
4282,499
13113,-14635
7462,-9719
-1636,-4404
5029,-2336
-7737,3185
16860,-3910
-639,2497
-5327,3487
-1990,-1848
-3464,-11687
-5391,-12589
2107,-4905
-20307,310
6598,3638
5396,-1345
5787,-4856
-1609,6556
-11862,2676
-14962,1156
4294,5450
-11905,-3405
-872,9052
-5027,5072
7954,-8157
9259,1446
5340,60
-10856,5484
129,19627
1567,107
12017,6682
-2518,4058
797,-7534
-4953,-1558
11777,-7298
6259,-9073
1348,11394
1274,-926
12134,3563
5234,-1447
11028,-8038
-18128,-2856
-9409,-1658
218,-10005
2012,-39
3956,-7760
1894,-1511
-8811,-5733
14938,-2652
-6363,-3302
-10775,6583
-11839,4710
-10969,5506
4194,-1970
7358,226
-15377,-10419
-99,3585
-3968,-3009
6176,7297
5530,12278
-6293,8769
-3025,5207
9479,9260
-626,-10643
-649,6791
-11273,-5082
820,-96
13636,6878
16918,354
5068,-3450
755,7182
1956,-12008
4584,8964
-2705,-2102
-4915,-3378
-8444,-1231
10759,-6281
12231,-12976
-255,-628
-2615,-16272
-8105,4481
-446,2540
8863,6491
-11997,1137
-7853,-1470
-3248,-10846
-6904,606
3826,-8095
-11515,2101
-10622,-1732
11308,11704
4763,4617
3944,9493
-3945,-1842
-18265,1478
2412,4066
239,10372
-3744,-3483
4018,7111
4268,-8649
13062,5147
14977,3477
-6237,-2143
-2936,2370
-849,10752
7484,-1723
6127,10897
130,-17391
-3691,-11907
5892,-4516
5890,-5292
3552,-594
-5311,3695
4635,-9566
904,12553
6193,-4997
-8732,-7552
-16831,-8436
-7729,-7261
1204,1229
-2528,8311
8490,-9917
-9386,1034
4799,-1431
2193,8545
-11096,6115
-10530,3272
-6807,567
-7411,9793
17078,3755
-4774,-1435
1389,-10529
2994,1823
1555,5732
6458,17309
6157,5775
-8428,-1232
12717,3838
-542,1116
3649,-6596
-2680,-4019
-1942,-15658
4673,5697
16917,8553
3177,-4998
7826,-2969
-5885,-8826
249,-3875
-8414,10911
-3846,-11062
-10210,-7530
3114,-2372
3965,-6834
5718,3251
-6047,-8466
-869,-10457
-14182,12508
3031,10409
-7861,8787
-5553,564
-2162,-11849
-2268,2243
-5798,3702
6974,-1512
-11936,542
10659,5482
4878,13949
3557,14108
5074,-934
-2854,-6120
-9933,-2427
8590,9572
-8266,1358
12116,-2626
9064,-7457
8205,-2538
10072,6566
4264,-238
-8561,-10890
4345,4394
-9400,-1138
4001,7247
795,-6420
2166,-22556
-658,-9135
1416,1414
-6510,-3488
1722,9217
-4034,-9216
1178,6536
-7643,10548
-2129,-5408
-11792,-9011
-5558,-4986
-5891,-4642
-3121,19916
3491,-677
10417,-626
-2514,2447
5957,7482
-10770,9258
-5873,7423
1578,-7908
-3871,9083
3690,3654
12095,4137
804,-10806
16168,-6067
-544,-620
-3269,14926
7115,5456
560,-23
4360,-8647
6000,2929
-10323,-10582
5032,-4510
1079,-17277
-1132,-4497
5145,8028
-542,6139
3234,-7791
5202,-191
-10999,-13965
-11983,10652
-11693,-1471
-4748,-7912
2717,-1834
739,1759
-657,-1143
78,10623
2571,-13885
-4581,9810
-10207,12387
-6043,11209
-2512,6087
6582,-3171
6162,-10698
-7673,10601
4441,-5718
3945,4547
6601,1323
10595,9282
-2778,10347
2400,6067
11846,-12802
-6854,-4167
1241,-6987
-6807,4332
624,-6195
19180,-2753
8069,-8821
-1505,2999
3740,-1489
-11052,-4315
3420,-6306
-8242,4045
-13566,-3902
-1014,5816
5385,-15278
1575,-9875
2472,-522
-16114,1122
-1727,5954
532,11064
1515,-3238
-8127,16008
-6329,-1200
-5724,-5278
4808,-986
-3542,-4103
-2169,6170
-3349,15755
17670,-3539
8385,9888
6332,1139
-7937,1549
-7272,5919
2748,-3064
9255,-3089
-6028,5272
11868,-7091
2574,-2097
16446,-8472
8204,-4982
-10023,2566
-8200,4538
6401,358
-3941,-1593
10984,-6817
-14731,-8182
-5339,-11084
4856,-5718
803,-5932
-5026,4717
-354,7639
-10939,850
13225,4729
-6527,-2458
-13040,-4771
-15646,5467
-4580,-3474
3043,3477
11917,8396
-6155,-4197
5347,8403
1897,2848
7771,618
-8506,13829
-6596,2827
-5970,3081
12709,7763
10835,-11512
5400,-1394
-6267,-5555
10386,-5319
2857,8898
13054,4661
-3150,-93
-4590,4570
5487,-10971
5953,-4312
-9184,-9571
-520,-9512
-14165,-4277
13006,1890
11831,-1176
-2608,1301
-5073,-6428
-6628,-104
-11468,-1333
4002,6778
-19927,-4114
-5887,759
4229,-1409
5859,-950
5304,-130
-4411,2646
-14897,-2163
7009,20360
-625,6859
1463,8935
-4685,701
-2350,-8053
5042,-898
8769,5551
-2449,-9597
2111,11748
6174,-592
16439,9037
6357,6442
-1,-8835
-10417,-9116
-2367,3462
5798,-9060
1063,6596
804,-13300
7895,-7690
2963,-1268
11555,-377
-7034,-5595
-16227,2505
-3002,-5895
-5185,11235
629,-2826
1214,-6566
-14585,-15228
2752,-1356
1901,1631
-6702,11017
1911,2222
-8319,7523
445,4381
7682,13722
-10867,-8036
-7361,-1233
-3577,-4517
-1334,7137
15383,11394
5379,3942
4274,-8943
7891,10777
2682,-2247
-683,11482
-3507,-1855
-6468,-7921
6953,2702
9306,3083
10117,-14333
358,-3096
2974,-18477
-82,7535
1865,10642
-324,-1189
-4610,-5099
-4720,-3707
4251,-10390
-10446,4099
-1356,-16841
-8047,-6688
-3488,2806
8066,10688
1610,6297
-6556,394
1835,-9258
-17931,7816
-1861,6058
-7191,6231
-7274,-6144
7027,1873
8132,3303
1559,8384
12559,162
-10505,-2867
2728,5414
-88,19403
-671,3846
4498,2142
6634,-14103
-1472,-7988
11642,5160
-2803,-4404
7286,-6298
3408,4968
7257,-1391
1437,13178
3703,-6039
-7772,-19477
-3266,-4334
-9228,-3606
1111,11
-3339,1293
11315,-16789
-1675,1750
1625,6415
-6069,-1670
-9603,1879
-10864,-4039
-2221,4615
-13901,13598
9441,-4146
-3036,-9102
2360,-5266
1448,3535
-5275,14847
-2198,7984
10678,3750
-8616,5782
9626,9966
-5608,1774
-452,-8563
5428,-8340
613,-169
403,8767
16969,9724
2627,-9146
16392,-1003
-2699,145
-6469,519
-4227,1517
377,-11236
-2509,-9259
7395,7327
-2506,-10709
9877,-4902
1232,-11668
-734,-6535
-12752,13920
-5045,7325
-4816,-6349
1164,3005
-5502,-11820
-6212,3797
-9914,-3116
6581,-9642
-5397,3845
1773,13929
-1086,8592
-435,13117
5845,-8795
-1260,2483
-17091,4822
1459,5713
-4117,-1466
12922,906
12995,-1675
-359,9460
7833,-1171
9560,156
-4905,-5434
4187,11029
-11400,2539
2384,1312
14636,-11453
3174,-12355
593,-7898
-322,2481
-3842,-11539
11489,7055
-1473,-2640
-6692,6184
-3523,2232
-2892,-11833
-2375,-13258
-8078,2713
-13430,-9152
-1884,12213
7904,-4845
8448,80
-4309,8277
-8265,3933
-7023,-600
-4610,9985
-855,-6046
-10532,15000
-1776,696
13074,-2795
8097,-2943
6942,1211
-3345,2267
-8493,15645
14131,74
4000,9427
-91,-1060
1776,-202
-4330,-10597
9985,-6534
9704,-9307
-9546,3276
7973,1116
5174,3974
10300,-6943
6396,2285
-15660,-10760
-13348,-611
1755,-5645
-5193,-5786
4890,-1343
-6644,48
628,-10533
7983,6409
759,-7857
-14228,7417
-11809,9593
-10021,2127
7031,5590
-586,2932
-3013,-12055
-9505,6525
6514,-6423
5278,6524
3036,13125
-3095,5804
2127,8476
4112,7827
13760,-7964
-12419,3519
-3926,-7751
-529,-1207
10179,3591
16593,-157
7272,-2381
-5713,-546
14639,-5823
-5115,2185
942,-2037
-10345,-1221
-10318,-5423
8077,-2688
13142,-7824
-7127,-9927
3094,-7007
-13995,-3804
4708,4662
1639,11931
-9218,-1335
-10706,2505
74,-2446
-6646,-6963
4318,3067
-15624,-6066
-3611,-93
3829,14817
13674,4310
1649,9537
-1490,3481
-10702,-6578
2156,12387
-2263,3310
2496,-829
-6745,3782
14379,-6836
11429,1932
13025,4492
419,-9946
-5614,4461
-2605,3372
13184,5897
-6015,3579
5843,-11834
-5583,-14951
2219,-4740
8641,-7155
-2359,-254
-8629,-4955
8614,2731
-5391,4132
9652,4939
-10284,-8460
-17622,-9729
-6170,-3748
-2512,5129
-4392,603
7558,3835
-8266,-9452
9179,8272
2299,8179
-7051,3121
-10333,4393
-6917,4966
-2878,3519
11612,16733
-97,-12491
3926,-5383
1698,-2081
8268,3612
3415,13537
3733,7041
31,-7811
4773,12763
5821,-5976
2898,-2265
-8399,-12182
2805,-13652
-95,1108
9920,10236
10287,-8284
-1920,-378
1425,-12409
-515,4237
-13741,1894
-2676,-3458
-12872,-11000
-3443,1160
10005,-2022
-2851,2969
704,-12048
-1513,-1643
-12682,2429
2316,21411
-6502,5838
-7651,1187
4032,-3950
-5538,2005
860,179
2028,4731
-4863,-12631
7170,13808
7870,11270
4605,11412
8039,2349
-2531,-8554
-1853,-5602
-2240,14510
-24,-9436
3570,1002
9811,-10312
9845,-3020
7774,6471
2600,-3754
66,-14066
-9197,6472
-204,-3037
-6585,11196
-210,-8788
4089,-18021
-3348,-9503
-2827,1292
1028,-2845
-11030,5285
6605,-5529
-5872,11864
-5582,8816
-198,2610
-9374,-11708
-8363,-4563
636,1930
-12854,12207
12158,3280
6064,1291
4950,-2101
5110,15312
-4656,3967
-6863,2765
5925,-739
-8852,866
7924,8661
4736,3450
10857,-17994
9696,-2391
4705,-4737
-5451,8194
5604,9812
-347,-7838
7132,-2290
-4724,3619
165,-12509
-5882,-4741
4674,-18173
-3394,-7328
-1682,12027
-570,1691
7568,-1915
-3635,-1666
1558,-7417
-22073,8874
-8084,-28
-4035,-6874
-2365,954
653,2154
3998,5571
-5238,2025
15756,-5124
-9926,4392
-6120,13451
-5257,13536
-2134,4258
7603,-2908
9531,-2004
-11064,-2295
11137,2124
698,-5650
10656,-221
6166,11649
-536,6793
2703,2867
12992,-4426
-6190,-16391
-577,2513
-12339,-4666
4267,-7019
9875,-1370
10561,-8190
-3085,-247
513,5388
-4516,-14052
-152,3251
-13608,-568
-9072,1603
-10940,5085
10333,-9824
2647,-10961
-3921,4579
-7700,-4882
-3752,11290
-652,4946
8488,7346
-14928,11301
-656,5458
-204,-6426
424,-535
2983,-6202
-6004,8584
-3468,4512
22981,7350
6391,-82
8938,6273
-4098,-256
-8820,856
6899,-3715
3458,600
-7009,-6132
8540,4637
3695,-13649
16523,-4590
6857,-5513
-11111,-2820
-7526,3587
860,5759
357,-8722
1275,6960
-11841,-15359
-5259,-6456
1685,-5731
2164,-6625
-6552,3823
-7288,12251
840,-3082
5002,15077
459,-5705
-11536,1073
-18389,1878
-38,-425
4114,2289
3081,10313
6195,-5465
-1701,10164
11713,-1969
10055,6202
-10543,4518
-4849,6624
-2548,897
5139,6214
19473,-7873
-3819,-4334
172,-12496
8624,84
3411,-3111
8724,9265
-1853,-1149
-9673,269
11430,-3208
-1317,-5517
-4844,-13818
-9790,-2455
-9819,-13877
6361,7745
11710,1456
-4563,-2685
-2007,556
-8974,-486
-1651,-2139
-8208,13758
-11746,-8734
-11767,5346
5382,2172
9084,-1955
6072,3157
-6791,-833
-1141,-3121
-3964,20942
10657,6218
-3568,10591
-3943,65
3166,-6828
6333,-586
3310,66
7168,-8903
-10297,3771
15869,804
11686,9951
6351,2030
1394,-6295
-8274,-10403
-7841,-2004
10357,-1154
-11683,-3216
5026,-9380
1767,-5300
6282,-5271
8286,4305
-4822,-6182
-19045,-4457
-540,6609
-10856,4772
3903,4719
-6600,-3410
-5748,-17574
-1675,2767
5139,3544
-6246,2897
789,11182
-6725,996
7667,12177
342,14440
1536,-8424
-12468,-2849
-638,-2642
1906,1352
9487,15552
6443,-4109
11323,-4162
776,5014
14840,1316
-6833,5141
-3957,-2506
-3329,-9934
61,5430
7579,-1318
12582,-7571
-7627,-14909
10776,-10771
-5387,1551
-332,9960
-43,550
-8276,-3584
-4606,-4617
5107,2990
-14564,-8006
1134,-6783
-11293,-11629
-2629,3426
5797,15354
1887,7033
-2783,-3399
2681,4034
-12995,-2821
-1788,16279
-9463,727
-2483,-6105
2978,4564
10272,5530
6580,1860
8619,6309
-557,-14764
1468,12153
-3045,13142
4874,5726
-1468,-920
7845,-10699
3830,-11751
1406,7339
4571,-13833
2723,-3337
-630,-3073
11015,6798
-4302,7640
2902,-2347
-1342,-19329
-13073,-3322
-4402,-4846
-5799,5189
-6121,-8434
12437,-3980
-2891,-3320
533,10592
149,657
-13505,-1356
-4592,-2199
-7718,13401
-11241,4728
6963,8741
1239,-15373
3070,-3055
4311,6315
-5727,8402
3746,5520
5380,9323
877,-2076
2915,20361
246,-4814
1345,-9447
3834,-8195
-251,-4111
2394,5391
6379,10514
14909,-15575
6824,4658
1930,-3886
-5579,1549
-8391,-1997
-794,-10824
-1096,-8037
-7151,8198
8202,-10190
7,-3663
6108,-14661
-587,-573
-15706,8758
-6433,10092
508,-2338
-8653,2307
4400,-3091
-13969,4040
-3304,-7467
5596,-2616
-3510,-2891
-1297,16472
4499,12689
-2967,5983
15639,-115
-5702,1529
-8896,-13
-4613,10671
1904,-9371
8389,1072
13588,3034
-968,-94
12844,2917
5651,-4415
5232,-9264
-8341,13809
-5277,-1670
-2353,364
11788,-6467
3560,-16752
-317,-3813
-7828,-3134
7281,-11901
-2512,6091
4266,-489
-10467,7485
-5969,5322
1412,-10951
-1608,-7459
-16415,-1702
-3985,-2731
-13127,6349
14904,-232
7028,3123
-4435,7545
-3489,5367
-1617,2787
-7728,2219
6038,5436
-18510,6223
4123,4413
11800,-827
11644,-7270
6788,924
-453,3178
-8188,2207
16903,10855
-63,103
3201,2973
-4267,798
2214,-14527
6254,-7935
7004,-6246
-9776,-8965
3150,9765
4092,-4203
14697,-969
-3069,2479
-8034,-9615
-16759,-2753
-1742,-251
-2099,-10604
-4330,7172
-7476,-5399
7257,-2501
1078,2266
9446,-1911
-15726,3753
-14451,12062
-1788,2010
1735,12044
52,-959
2099,-1810
-13008,-4425
14021,304
5524,1268
-343,10439
2451,5943
435,9844
8155,1682
15335,4016
-13648,-10813
-2690,-1766
-1382,-6159
7719,-205
14933,1335
3201,-2396
-1091,-9122
11596,5575
-1416,-10185
-2819,4701
-14446,-4054
-9529,-5860
4293,972
8452,-3465
-1942,-15779
-5894,1428
-5413,-12640
2070,11610
-2475,9689
-5303,2398
-12249,3783
-1170,3571
3858,-7618
-6806,7324
-6723,-12088
-5388,4698
2303,8881
18520,11076
2003,5651
-2712,4363
2556,-5683
-5923,10955
5145,-2
-2461,3257
-7580,-6826
15340,1701
13011,-3260
8778,1246
7641,-8743
-11976,-2384
3644,1625
5448,12668
-4581,-6436
232,-2325
-2930,-17494
-973,-6725
9010,-2308
-8708,-6842
-4118,-6442
-778,10135
3318,-1075
1843,14119
-6316,-8921
-15968,-10459
-6817,2259
-5530,3354
527,1068
-4485,7030
5936,-11438
3304,13333
7663,7111
-2613,2029
-10692,4013
-6906,3998
5079,6974
-1305,14964
12777,-11610
-2236,-6555
6245,-6052
10579,4531
1624,7466
799,3024
7516,-3171
-5281,6842
15079,427
-4853,-4847
-5625,-18062
-225,-9254
-1297,-3257
3295,7217
12609,-1213
-7722,-9800
8447,-2951
-6676,4309
-8300,-1822
-10089,1991
-10091,-11799
-7555,972
8889,9336
-3776,-5813
5680,-4908
-5853,-3292
-1350,1537
-6530,24132
-577,6210
-6585,-817
2707,5628
-1274,-3068
4080,5295
-4342,-2299
7751,-12457
-2448,10417
12615,12668
6690,7897
5310,3954
3352,-12590
899,-326
-10710,5188
7846,-4567
-6880,-7347
11215,-7512
9546,-2339
3370,4429
5106,-7498
1987,-8958
-14806,-3995
3031,9691
-14553,3913
596,-4783
2510,-13172
-4250,-9724
-3105,452
395,3464
-10801,-7827
7308,8634
-7890,6914
-1584,13796
-2285,6290
-3538,-11910
-6888,-5606
-2694,9835
-8213,-67
8795,12427
7424,-5756
11845,2250
714,14171
2914,3174
-3620,-3004
409,3800
-1742,-6219
-132,15167
4143,-4763
16666,-13282
3171,-9071
8161,-2422
-4153,1952
-2743,8894
7406,-10176
-895,4080
-6147,-1632
2488,-2286
-10523,-14569
4988,-12334
-3252,-8438
-10736,9992
4815,3303
3007,2697
52,-6898
1693,7573
-20876,-869
-8081,5850
-2162,-5456
-6150,-746
3019,6665
140,8982
3846,-6851
13299,6191
-2843,-5590
-6979,16869
-4700,12900
250,1180
9426,-110
3918,1620
-942,-10185
2128,6705
9086,-15772
8036,1160
1716,8697
1658,5580
4184,1948
6691,-2522
4937,-17974
-14694,4442
-6780,-10325
349,-4034
4366,-5631
9973,-3115
-2465,-745
-6109,4091
8360,-10494
-10986,2756
-8448,-779
-13726,8928
-11587,-526
9842,-1031
5889,-8894
-9549,820
2026,872
-8999,5690
7580,4053
3183,15522
-9687,4418
-2152,11995
6298,-4755
-513,-6717
6210,113
-11341,770
4401,883
14386,11391
15715,-6461
3429,8747
-433,-258
-5897,-6511
6312,1056
-3023,-4350
-1967,-6315
-6021,5245
14297,-15492
9625,-3874
5984,-5293
-8824,-6848
-9710,5487
-3558,3071
7492,-1911
-13901,5931
-2069,-10217
-9819,-5751
2072,-5804
3778,-4912
-8890,4027
-10877,7959
10591,6876
-2691,9368
10184,2840
-14230,921
-14309,-1563
1213,3201
4704,2312
-906,3748
10749,4543
-3659,-1772
20328,4365
6917,3914
-4858,-1616
-8588,7588
-158,1199
3836,-466
16477,3270
-5217,-16271
3693,-8178
2377,-3958
10548,-6386
-708,7987
-2101,724
-7341,-4825
6232,7672
451,-11446
-4111,-7121
-19245,-7571
-1332,-10506
-2355,5795
9950,6102
-416,-4647
-6766,6232
-2285,-3603
2517,6832
-15419,6011
-4274,-181
-16366,1014
5614,6751
14353,27
1995,2958
-1175,-6534
3263,3907
-5407,7909
14765,16606
-6060,3497
-3030,852
6822,-3376
4843,-2308
5096,-6370
3951,-3013
-9287,-12577
14230,10822
9793,3807
7050,1680
-367,-4318
-7247,-11051
-5260,-6032
1125,7556
-8872,-15114
-2365,-79
292,-8815
9760,-1552
3421,4684
-3463,-5305
-13182,-8052
-9741,14322
-2119,989
-3620,13650
-7075,-6997
645,-10251
-4222,104
6135,6180
579,-704
-8386,10760
5275,-13
3776,18775
2491,8262
6280,-47
-11995,-11210
-974,-625
7175,1137
-633,9553
13507,-5249
6685,-1410
5580,-4098
14063,10994
-4926,-5482
-7111,-3109
-1276,-6783
-7118,973
9456,1584
3829,-4369
-852,-24241
3997,-1124
-1345,-5231
-4267,9661
-1671,4023
-9581,-5874
-1208,1343
-3691,9254
-3565,-12461
-9070,-786
-4782,-15175
-3872,5347
2379,17397
3749,5739
3703,-973
-3603,6196
2979,-1826
-11783,17130
-2780,-2909
-2200,-4103
198,2863
10922,6858
12101,2011
1375,-626
14080,-12321
-7219,7933
1818,9887
2176,8818
-2394,-6889
5832,-7588
7230,-7638
-6979,-2220
11429,-8929
-5860,-10533
3441,-5167
3719,13537
-1964,2581
-496,-35
1987,-12224
-16073,-10518
-2982,5152
-13648,74
-118,-9161
2587,2559
4393,-3927
-2281,11705
2617,6001
-8672,-9126
-3045,6674
-12744,10646
-2102,7372
-3877,9639
11888,-13951
2025,-3948
3427,8435
312,682
4390,7297
1704,2915
11103,4343
-8146,15573
9169,-1997
993,-12413
982,-9531
1611,-6701
-939,5773
448,364
21866,-6293
-1744,-3865
6957,2190
-7436,244
-9339,-5859
-1309,-8973
-4644,-2910
-12731,369
9226,3397
-3261,-13804
10338,-7560
-3843,664
-12737,5453
-7701,11260
698,4029
-6646,-3652
1741,12779
-12160,-4653
1868,-2338
1725,-4071
3107,-4194
-4647,14557
3771,16381
5879,-1839
11971,10094
-797,-5684
-4681,4638
-10848,3749
9089,-8232
4065,-3198
7637,5720
6581,-5523
6415,5355
10796,-12221
7669,-2794
-16227,3796
-2012,4335
-5054,-3814
5268,-3741
8296,-14203
-8862,-2554
-4821,-10029
7541,-3114
-6077,-5528
3518,10121
-11180,5582
-7994,6295
7127,-4343
-5482,-4881
-12795,-6241
-8060,7845
-9625,-6244
12967,9677
7885,2198
-2719,6347
570,8606
-73,2691
809,-3222
-2533,14496
-11331,-4361
8,10599
12607,-3422
15411,-7971
5322,-334
-1908,572
1916,-4756
5369,14136
8456,-5613
-3914,7998
-5862,-3233
6422,-11193
3575,-10650
559,-6747
-3249,-11150
-10903,7834
12989,-4946
8581,5190
-4067,-2073
-5950,-1514
-15420,-6009
-6445,741
3628,-4801
-16921,3761
-385,-2701
3171,3631
6399,-4215
8720,7292
-11217,-837
-15976,9301
4642,9790
-3382,7604
6087,2859
-4260,2711
-2501,-12890
9887,5970
10505,-3526
-2336,4126
3085,10010
81,3437
15303,4409
5693,6374
-2150,-16643
-11971,-538
2019,-8921
5872,-3736
8519,3739
595,-7134
5306,-6683
1166,4379
11313,-9048
-14011,3773
-13092,-4649
-9426,-3702
-701,3860
5314,-2738
3046,-9901
-15669,-4838
7515,-6258
-5140,9135
-65,9153
-5350,7212
-11331,3743
-575,5374
10365,2109
-12914,-3030
1485,-4642
-10041,-705
7650,6494
15200,15553
5629,2070
-1854,853
7888,2900
-5558,-1250
7632,7448
-9377,-3376
-1752,-9524
7105,4642
16993,-4403
7038,-4564
5478,-3514
-8277,-14222
3372,8779
-2529,8012
1592,-4176
-11191,-2035
1728,-13302
-879,-8614
1938,2490
-5333,-14366
-5828,-820
-6773,5169
12196,8364
-6986,10991
-1071,-3146
-11547,-10212
-10923,5140
-1237,1855
-1523,6458
-8723,-2414
14091,805
267,6002
12474,11173
1458,709
-11077,67
-2435,3163
3677,13707
-2932,3148
13969,430
-2571,-17271
9195,-3783
9463,3474
1347,655
996,-1052
3998,3117
-1717,-3126
9855,13482
-4499,-13913
-4130,-15721
-5922,-9406
-796,-4237
263,4301
4524,4247
702,-16875
1775,8406
-3368,-407
-5253,3384
-16213,-1098
-6802,-7297
-7357,1307
-324,14978
6861,-8313
-561,-62
160,-8818
3371,9203
-10043,15877
2580,10908
-2147,-1926
-3416,7351
9262,-157
-2092,5817
691,-11704
8598,-5211
-3249,-1649
11003,17236
9635,5641
1487,-1075
11032,-8490
-4500,275
-6445,-3235
774,3413
-5189,-19170
5407,-1903
8552,-539
793,-598
7902,-4843
-2543,-8793
-6868,-8927
-8877,19292
-8985,-2503
-4649,802
1304,-9272
-2626,-9092
-2685,3350
-4923,2553
1413,-11307
-4747,13482
1692,5698
-4094,18606
-1577,5814
2570,-9310
-4158,-4345
-9161,8093
3362,-118
-3284,8522
17113,-6625
9669,5974
1714,8432
6636,5056
959,-6092
-5592,-1476
5788,-22
-12366,8393
9948,-4847
11628,-9777
5449,-16454
4815,1283
-1857,-693
-7619,40
10999,-811
-9021,-745
-1825,2580
-5797,3143
-3225,-20003
-1252,-7748
-2526,-6124
-13549,2917
4212,12018
963,-2058
8305,-1322
-7311,12074
-8378,-2394
-12894,6703
153,-2503
-4270,-4085
-864,13518
-645,3814
14519,-3283
4904,2779
10659,-4144
-11915,13002
-3368,11823
4970,-732
6118,3135
1359,-2250
6181,-4300
-7057,-4386
18712,-12179
1800,-4248
-503,5780
2233,6257
2885,2027
5202,-6437
8480,-6333
-22339,-7435
-2983,-2869
-5597,-7636
3806,-7005
5247,1911
-2936,682
-5017,-1502
10604,2319
-10736,-7996
-7163,9169
-18969,7180
-5890,-73
5105,3792
7729,-4488
-6374,-5120
-179,9594
-2018,-6024
9640,10968
-2003,11671
-1035,6710
-6297,10890
10249,-841
5824,-11504
-1726,4295
-5960,-9264
4167,4460
8547,2796
22610,-480
-2275,2714
441,1629
1665,-9298
-1805,1622
-624,-8720
-6631,117
-12150,-5308
17615,-4186
5885,-9991
3552,-3238
-4849,-6188
-14551,3002
310,1895
3051,9020
-15236,-3423
-2727,4367
-8125,-10501
2718,-3440
4355,-1547
-11366,645
-6492,5027
7003,16445
5397,253
6925,15163
-9904,-4476
-9748,-1173
546,4434
4515,676
1765,-332
1679,9249
8793,-10545
15190,10755
10393,-2777
-1372,-1642
-12333,3219
83,1739
7551,-1759
2607,5609
4649,-19563
-4478,-5583
4585,-10607
11514,-1803
-6308,747
-5136,2868
-1662,-2568
-4156,8175
9730,-6640
-12473,-4145
-16493,-13866
-2413,-991
-3253,-567
5191,9639
4166,-222
-11156,1811
8358,3036
-1592,9621
-8457,-826
-9311,8864
-11163,-5113
2904,9533
16635,5756
736,-4638
5633,-4243
-533,2656
6264,729
4707,21441
305,-2329
-5028,699
6648,1155
6084,-6872
6761,-5394
-5733,-7362
2112,-16865
586,11528
14938,2092
4084,1893
-3193,-3642
-4265,-11297
-2693,-2371
-10415,3991
110,-11598
-16336,-2481
5407,-6034
7904,3189
1675,2631
-1633,-4320
-7732,-4547
-16050,8753
6792,11879
-13151,9304
-1056,-4097
-462,-4024
-387,-3320
5604,6953
4489,1163
-10656,-1287
11547,10732
-200,12774
9687,9714
1702,2933
-3955,-16284
-3414,-1501
6883,4764
-2059,-3325
11734,1976
3359,-8894
13400,-1845
4681,11045
3377,-8523
-11001,-6839
-4565,-1909
-5628,-4692
2794,9651
-1186,-10158
6776,-18766
-6570,-4123
6406,-1751
-7746,5913
-5967,6089
-4127,-6259
-4589,9916
-6076,6283
4155,-2095
-16382,-9293
2387,-8345
-5156,3518
-969,16356
8406,6114
4156,2607
-1201,-26
9446,11344
-14047,4239
1553,2218
-3318,-6561
-476,318
10607,8584
10913,3147
4898,-12413
14482,-1498
-5642,-5606
1959,14445
-2420,5573
-80,-9155
2395,-5268
3688,-2454
-3147,-11426
3641,-849
-2472,-21888
1762,807
-3732,11417
2416,4870
-3034,-277
-325,-5677
-7499,-12794
-13489,12466
-9044,-6680
-876,-2408
-3259,-1698
9680,4361
-2457,8996
1202,7889
4029,-9767
-10123,8984
-6755,7136
-2942,15346
-5815,-171
15677,-4216
3912,-7746
320,6313
8800,64
-778,2016
7548,-2324
7070,13516
-6626,3780
7927,6683
3875,-16590
-1694,-12548
2181,-3682
-7853,667
4154,-5659
12955,2140
4277,-12782
920,10951
-5252,-2297
-8044,-8187
-3161,-4653
-10334,-2162
-8651,-613
-3538,10364
8048,-18440
4428,-685
-2081,-708
-8807,5580
-8376,10999
-874,5352
2429,-531
-10957,16407
1133,-4744
-2044,113
4660,-8725
5995,-1161
-5893,9729
1063,13956
16819,1037
2770,6256
10585,-2639
-9674,4950
-7409,-4831
8065,-3487
3181,-8262
477,2903
11278,-233
-221,-4113
19056,-8669
705,-1929
-11926,-3960
-8850,10280
-2754,-6145
-10,-4616
7416,-3559
-13266,-9829
482,-5918
-59,-2691
2944,-9667
-7071,15333
-6834,6205
-7123,5270
7104,5539
-3955,-8129
-7958,-985
-17088,5567
3649,-6906
3045,10072
12069,3835
20,4763
420,10897
5586,-1400
7731,994
-12502,7684
-294,-520
-9033,5682
15969,-2453
16340,-7181
2211,-3202
-619,-4833
7239,-1575
-2463,2458
14342,3547
-12883,2219
-3575,-2165
5378,-6722
2710,-12612
-2846,-9530
-3949,-4670
-15320,-5496
15225,7124
2986,1293
-155,353
-9652,3455
-9909,-6210
-6642,-694
382,5334
-16689,-6813
-1655,8515
1474,-378
15233,-834
2800,7990
-3764,-1107
-12616,4272
1684,16734
3065,632
2545,11372
-6555,-3498
7729,-8359
3465,375
15135,-2620
-1111,-2796
-3803,9902
7949,-1217
12292,10573
2646,-1306
3822,-8236
-18105,-10468
3501,-5065
5258,-5933
-1404,1549
3431,-8187
2125,-1216
1626,-4207
13424,4260
-16985,-6805
-13433,382
-9252,-1103
-4936,3790
5966,792
-1289,-3142
-10523,-14768
6608,7105
-1778,-496
-64,12883
-6476,8471
-8131,3205
2959,8362
6855,9308
-3619,-12345
-5053,3353
-3918,-10200
8507,9116
10603,12985
9270,947
1578,-1637
3738,6130
7168,-6727
-3334,10623
-5848,-11539
-2719,-5615
961,-192
17676,-479
7855,-7933
-2732,-5430
3682,-15130
-6901,9511
195,3643
-1848,3914
-14610,-8588
1337,-4099
1824,-6933
-6183,-506
2175,-10998
-13671,-2679
-1171,2273
7989,19812
-3780,3318
-1928,4534
-5309,-7339
-12234,1540
3260,8091
-7958,3340
-1294,-7204
6954,9726
9636,-1074
9866,14421
5696,-225
-7733,-6951
-3,7062
-1997,11656
5068,14
948,3791
8037,-21913
4611,-2449
8541,1382
3100,-5221
-404,-1959
-2477,761
7823,60
-5094,13879
4797,-13422
-8914,-14277
-7858,-11018
-955,-2182
-2650,3918
-3321,405
10577,-8918
-8451,5522
6271,5060
-8448,5569
-14074,-5601
-6873,-1344
-6332,4050
-6106,11051
13585,2062
-5146,-8711
9837,-4237
141,10754
-3608,8563
-99,13132
2049,-540
-4129,1942
11206,11593
-3954,-4499
7421,-10381
1254,-7035
4789,-7084
2728,16454
10830,5884
3788,-8598
8968,655
-4537,-6416
-2152,288
-11088,-1120
3076,-18919
-4807,-2682
5953,3425
3375,-4068
3552,-582
-661,-13724
-1356,-1182
-19932,13334
-770,4591
-10946,-1111
577,-4132
1222,-5453
-6125,5492
-2936,-3361
7299,-3338
-10322,2653
8181,16497
-6555,14797
1543,6278
7125,-5142
-3583,-3726
-8020,1824
3970,7934
-4507,-7421
19008,2697
7061,1473
5450,6323
6400,5454
3804,-8012
-3411,-8565
-523,9897
-11410,-4632
6468,3297
7530,-13944
9774,-15185
-1632,582
-1346,-1021
-3609,-7217
1761,7294
-4025,-6432
-6700,12586
-9513,-425
4139,-13644
-6748,-9804
-3830,-2059
-8826,-389
-5449,14632
9973,-4614
6577,7908
-8052,6402
-661,7185
-13006,-304
324,772
1089,-2879
-10019,12116
6546,1899
13453,2280
8108,-8395
13160,5876
-10362,2430
-3966,10587
8955,1158
484,8
4421,-1965
226,1391
-1307,-17541
14196,-3374
2832,-13101
-4230,4293
301,8089
1439,-820
8978,-4954
-615,1501
-13629,-15249
-12265,4752
-2888,-12529
1751,-4596
-845,4451
-3288,1183
1521,-943
2939,6636
3374,-9968
-16834,13940
-14682,3874
-3709,4924
2105,3535
7824,-657
361,-4321
-8087,6180
13467,-6175
2197,10008
2073,6667
-650,12440
-5266,4928
10717,2275
12225,-8663
-10685,-3724
2525,-7099
-3806,-33
12608,-3568
16735,6739
-380,-4787
-2054,2341
6806,-4898
-6310,-6710
1520,-2270
-16865,-2059
-6754,-9072
7569,4217
10939,-13029
-1065,-2635
-3985,-1583
-12882,-4516
2805,8898
-5186,9248
-6040,-2226
-14083,9889
1997,-9313
1795,-2424
2440,1519
-8278,-5057
-4032,7895
1538,13145
18792,4933
-3681,13738
393,-2984
-7796,-1911
-291,3228
6348,-1478
1231,774
-6037,728
19893,-3312
6839,3182
17066,-1428
-2855,-3112
-12555,-2635
-149,2226
6803,2661
-5398,-3188
7978,-7875
-10636,-14621
9454,-7530
6001,-532
-5483,-4894
-8966,3294
-1085,4451
-4553,1374
9375,8552
-15014,-11214
-10794,-9655
-9020,948
2483,-1569
12,9126
2861,5773
-4391,-5489
8247,14597
1002,3304
-1020,3258
-17199,5205
-2117,-2909
149,7655
12751,10117
7944,-10786
2416,-609
2644,-6031
13391,5853
-4324,11312
5941,1582
-6622,-3130
2592,3560
11736,-6812
454,-4230
-6452,-17165
4375,-8586
-6371,-746
15520,10033
1612,-969
-5762,-4253
421,-6897
-5825,1270
-10142,-3197
-3371,529
-18011,-14173
4353,4787
6354,3947
2749,1335
523,-1951
-7029,-2012
-9170,2281
777,24476
-8513,-666
-2119,4286
-799,-3939
5499,-2456
4910,5878
3010,500
-1072,-10048
2712,17261
8091,5554
7906,15257
-150,-2199
3024,-13613
-4685,-4849
1238,4902
4882,-8578
-1747,1629
10271,-13245
10373,4732
1981,3187
6653,-3005
-11020,-12304
-10627,-1031
64,-690
-10314,8756
3434,-10884
2620,-10241
-5185,-12247
5627,7888
-5837,797
-9746,3688
1595,1223
-10457,9727
403,8587
-1010,6627
-8144,-18767
-908,368
-1608,622
-2689,12052
10187,10202
3379,-1069
8300,550
2172,17329
-1412,-4420
-4779,4975
-261,-9694
-639,-1787
6652,10862
8282,-1023
13513,-14197
3538,-1678
7214,-9146
-7452,14112
-1912,1619
613,-7801
-2004,-3447
-871,-1408
3402,-8269
-9171,-6211
8427,-19810
-7467,849
-3848,8893
1943,10360
-2734,-1182
-2099,-3654
172,-3087
-22325,5402
-565,-810
-7530,-3224
436,-4364
6331,12530
1626,6512
1650,4591
11520,-1406
-11582,-946
-909,13905
-9432,13164
2294,-4438
9061,1280
9137,-8654
-509,576
9361,4391
1088,-10818
10442,1963
-2056,10607
2679,2733
-1891,7271
9360,-15381
-1896,-15769
-4281,639
-7668,-7777
4217,-2128
2617,-2683
13726,-6507
-9560,8984
-461,731
-4820,-8934
-8105,-1785
-9890,-3151
-9140,6858
-11780,3042
17545,-7015
-1645,-5231
2001,2765
-5756,6041
-8352,8119
2100,4467
3925,9039
-14335,6832
7059,8253
-3070,-8072
9551,-7647
4421,-349
-5153,4150
1712,8984
16955,8045
5447,-5639
10297,9539
-10198,-3892
-2276,-5165
2108,-4016
3923,-10020
-3250,-1267
4507,6051
6140,-14704
14946,734
-338,-8736
-7560,-925
-17174,7159
339,-2659
-1004,-5177
-2595,4145
-5706,-13449
-4480,713
898,-9357
8050,-1941
-14524,8774
-3809,12002
-2479,5086
1810,9401
5719,-6066
-12106,3760
-14644,-3484
7641,2762
254,-467
11868,9379
3627,3768
-1399,7143
15085,-196
5209,3341
-9167,-3275
-3393,9544
-7823,-6280
13556,2445
15554,-6255
-167,-8642
2514,-5636
3265,-969
4067,-7750
3970,13550
-10079,-6230
-6505,3030
3423,-4041
3587,-12792
-3927,-8843
-12226,-3156
-5607,-11702
3007,14500
8797,-2061
-1978,6434
-11055,3181
-3833,-2653
-3544,270
-8115,6934
-6009,-7079
-13465,10405
9985,-1906
15492,5629
2489,1913
525,1803
-6371,1444
-3715,13362
13364,5086
-8221,8664
272,-5643
6212,-2017
6144,-9070
13001,274
1326,-6760
-9585,1003
14160,5051
4701,6767
8124,-2431
-3527,-1584
-11804,-18964
-2096,-866
4890,-4969
-7129,-5802
2503,-1114
-2899,-4086
10304,-2887
3029,10223
-7032,-11453
-19154,2879
-8264,2636
-4309,2186
2948,8375
-5627,-5012
1046,-12037
-3310,7749
11206,-977
-5045,11589
-5826,7969
-2796,3405
3550,12931
4095,7123
7229,-7539
-15278,-4300
7309,-8362
3613,6419
9172,8492
10447,1254
2971,-2240
2109,958
15357,2084
-12369,-1212
-536,-7880
-9337,-7096
862,-3556
12885,3869
7428,-7992
-4992,-13427
7109,-4153
-10443,-1429
2693,10177
-10040,3973
-9613,-9504
-4249,2376
3565,-1565
-5784,-6928
-169,-1381
-12086,-12734
2534,9373
265,19177
6032,4715
-6272,5408
-485,-1977
-5585,-2358
-1777,14625
-5271,-5639
1829,-2288
-736,4153
20066,4207
5303,9115
8020,51
352,-11253
-5026,8484
-133,5814
5278,6409
-7200,-7038
14328,-12427
355,-8261
6788,878
5853,-7356
-5677,-5178
-1476,-3441
6153,11467
-9229,2857
6313,-877
-10410,-18755
-7941,-9416
-2490,1485
-6669,2142
-2480,-4263
7120,3304
-4099,-3924
5758,18015
-6887,916
-8951,-5237
-8755,1824
-6308,6249
-3241,7511
6374,10688
5103,-18237
8032,4204
1832,4646
2922,8312
-3426,8689
3607,1004
1832,-125
734,16764
6387,-10744
2872,-7056
825,-15646
7953,-2879
-3411,8296
8275,6496
10099,-9723
-1000,1487
4281,-5891
-8336,4273
-11560,-10873
2413,-9369
-8839,-8903
151,7452
7137,-860
-2882,-4325
7778,-10872
-6162,4678
-15895,4615
-4560,15941
-8137,-6508
-2104,703
3476,2146
-8163,1238
4062,-2764
2652,-704
-324,-6084
342,25195
-236,9182
2679,6919
8806,-718
-1589,-6427
-3455,1617
-5136,6813
7509,-14980
7075,5815
11560,-2177
5308,6394
4956,3437
6756,-10305
987,-8230
-13316,7861
-1408,-4626
-6918,2909
10867,-14780
7832,-10014
-5130,-3042
-1707,-1192
1649,-6217
-8403,2375
4670,2041
-17324,12268
-4140,185
3097,-5221
-4951,-13296
-6665,540
-5083,3159
-10689,5027
17552,5005
1051,6110
268,6303
-3609,13541
-3993,-5979
-1322,983
2343,2593
-12318,1935
8833,9013
9607,-2804
18493,-9751
4285,7573
-1094,-3023
-6115,6115
7735,4663
1407,-6517
1444,5090
-6404,-3411
9124,-16007
1971,-6129
9107,-13233
-9216,483
-4580,8981
5045,-3085
7501,2132
-6939,-1623
-4267,-6586
-22478,-1510
3391,-7655
-1951,-4249
-6182,4653
-1116,2650
3514,4075
2037,180
12017,2742
-22142,4140
-8682,8941
-4597,6058
2718,2239
7459,2490
1420,-233
-5922,-5548
17935,4560
1551,-2897
5151,9601
-4985,11229
216,1853
9598,3352
11369,-3377
-7970,-15019
-2085,1182
-3294,-12216
13740,-167
6895,4322
4487,-4793
-4633,289
5283,365
536,-12750
-8028,5363
-17104,-9422
-5580,-1880
-1680,879
15878,-5806
-3779,-5185
-7265,1098
-2358,-6640
-3490,13296
-3041,4918
-4541,8454
-18510,2537
8275,1654
3417,-4460
-1040,980
-974,-5438
-8064,6551
6389,6641
18990,16213
-3310,1624
3134,5792
-3746,-5434
-465,65
8062,76
-4863,-1899
-2881,-7709
14401,6886
11623,-8912
13962,5148
-2464,-7735
-10609,-6645
-1420,4188
1082,4114
-2175,-7713
-4404,1403
-2438,-21785
4946,-592
3827,-3654
-3401,-5522
-11874,2424
-4464,7743
4664,2453
-3183,15335
-4357,-13173
-13575,-3719
-8897,-2933
5674,3551
-2358,5609
-1540,6121
7670,-2873
253,14468
13088,3430
-3463,6487
-14761,-4071
-419,4228
1068,3771
6750,8460
14854,-6889
-4206,-7933
12237,-6624
8431,8212
-606,-653
808,7275
-3987,-6624
-1398,2137
13313,1448
-5487,-11237
-1454,-17488
-5060,-5856
663,-8440
4773,15726
3560,-2366
-6247,-5909
775,1891
-6581,-921
-4659,-519
-15585,1881
-6746,-15969
-6012,9564
9034,5925
4903,968
164,506
-3971,-4446
293,6134
-10232,21447
4130,1754
-10108,3869
3434,-2684
8612,632
3861,3230
2967,-5010
6831,-7751
-6419,7552
17620,11830
506,11206
3823,-4792
3569,-9133
-3818,-7817
-2710,784
6160,-3528
-9758,-11797
14032,-4195
3115,2293
6493,1133
2027,836
-6790,-14677
-13040,-3467
-2236,10118
-13691,-1096
3486,-724
-3289,-11455
3469,-10296
-2186,10675
80,-34
-8648,-1295
-1062,10208
-6267,4523
1095,18457
-5349,3042
4418,-14840
-8310,-1748
3592,2536
-1110,6494
4943,11454
10043,-6266
10101,7503
-1576,9931
9498,1811
-11016,-4426
2720,-7395
-494,-3230
-1248,9418
10479,-4544
13144,-9475
654,-12831
12103,1740
-12649,2801
-1438,3265
-462,-5994
-6338,-3314
-1508,614
381,-252
-8457,-18494
7890,-6837
-9414,-7773
-3847,12184
-1238,12570
-84,-1298
295,-1483
-2452,7501
-15250,-4221
-4609,9648
-5339,-11133
2852,64
513,13009
6576,6993
6166,1156
8737,3548
621,-8240
-7762,19868
-6872,4742
5892,21
2829,-2906
11819,-4396
1879,-3772
2159,2584
12429,-16286
1922,3445
-1607,3271
2997,10697
-6008,-1231
10282,-8316
340,-15720
-13675,-1727
-1665,-7419
-4330,-2125
4165,-9066
9984,6419
-9524,439
-719,7671
125,-7082
-11336,-4385
-6572,2565
-16425,8984
-5938,-2844
11551,5664
4784,-12271
332,7854
-2274,6004
-4993,2292
5846,7381
-1574,11201
-4726,2668
-2450,15872
7841,-14297
7836,-5276
2961,-2555
-2977,-877
2565,6522
10604,6511
17055,-6740
-2855,11762
-574,-7348
-4174,-3789
-638,-8275
3034,-8499
-6045,-2492
-5474,3072
16892,-10757
3200,-1325
7123,-8131
-11252,2613
-17157,712
-478,3420
-432,-2296
-11358,2290
1649,-3372
-11340,-4257
9563,-7711
3170,2992
-10571,1146
-6592,16687
2874,7738
876,5280
10555,5721
-15186,-2514
-5523,-3442
782,5036
8548,-7061
4512,10715
6005,4640
1935,-546
17344,6937
4264,-3431
-1645,-3059
-15403,7490
2217,-8713
4920,2305
13186,-3932
1400,-13299
-242,-3032
2069,-7524
11427,-4063
-10469,8202
-2004,-2200
-13108,2701
2600,-503
5997,-9833
-7862,-6412
-15258,-8611
1147,-3691
-6797,5834
15348,6977
-6427,5676
-8063,3455
765,2567
-1519,2340
-9502,1334
-3180,3545
-17403,-1844
15303,7559
12440,4114
7535,-1317
612,2833
-1444,294
-1118,4937
11314,15630
-8775,-3923
1556,1879
2006,-4629
13317,-10400
6393,-1556
1498,-8154
-6932,-8669
7349,12957
7454,-1565
6733,5372
-10262,-5707
-2980,-14896
-8830,-3119
2305,-1633
-5343,-10356
-8074,3435
2065,-7808
10895,6730
-1956,3829
1132,-2997
-21850,-2499
-8390,7196
597,4447
-5713,10564
-1030,-6881
2473,-2776
-2822,-2829
16405,9400
-5315,2275
-5588,7324
2411,6255
945,12498
8593,5416
5008,568
-11106,-18710
6615,1180
3656,-2298
7277,5747
8591,1702
2391,-4907
7166,-1542
8986,10269
-5395,-13535
-7724,-522
-9693,-12781
115,-1485
5792,5458
5417,-7765
-69,-16179
-1830,1707
851,-7063
-6107,16138
-9978,-560
-6941,-3098
-8399,3547
3191,4214
710,-6787
-10195,-1434
862,-14230
-4029,12980
2216,13650
8672,12404
-5486,126
1259,2708
3514,740
-9915,9535
4019,-5551
-4875,-2353
2875,-3509
17735,13461
7804,60
6908,-839
7048,-9036
-9319,651
4437,8585
-4017,6371
-2093,-14795
5850,-2570
4373,-13250
2480,58
5692,-5456
-7359,-13471
926,420
-3829,14145
-164,183
-5013,6357
-2825,-19394
-9482,-7017
-5777,5173
-6754,-2044
-317,-1946
-1906,3757
9709,-667
-4449,20355
2798,511
-6347,-4093
-9634,1901
-4845,6927
-563,10164
-2552,5269
18637,-12538
-89,342
9657,3566
3334,7953
-2685,1169
3791,1113
4821,4414
-7104,8771
14012,-2049
-4043,-14949
6179,-16683
2058,-426
-2971,466
3615,5018
11483,-4451
-3947,-6673
6586,6774
-13418,-2000
-5434,-10649
-6858,-5613
-5150,-10330
-6740,8276
5415,5919
344,-12292
8625,-6
-7952,308
-6900,7537
-14175,15431
892,-4383
-5008,1664
606,9448
-1768,-3585
3859,2042
2389,-8368
9509,-1229
-9797,18230
8105,12120
3117,3935
7215,1483
4830,-7039
-5626,3937
-7500,-3898
13453,-8010
-2242,-5740
14019,3607
3192,3530
3774,136
10960,-9694
-801,-5245
-16029,-1577
-2090,7291
-11951,-8859
10835,-6028
3485,-8296
-5122,-5037
-1651,-465
1362,-3297
-5664,-6359
-279,16575
-16388,3618
-2418,8936
767,-3329
847,-11661
-8766,970
-7023,6036
-2811,-4209
10779,14433
6559,-798
2678,13309
-5722,9618
6108,-3766
-1465,-2339
-2357,4969
-4755,-3686
-1239,11704
15507,-9480
19490,-3279
-194,-1723
4540,701
-5482,-1207
2389,4246
7402,-5484
-10238,6223
-3094,-7331
7748,-7061
-146,-17069
8004,-4982
-10364,-5143
-9898,6276
9967,1909
853,3536
-2609,-2421
-8457,5168
-17355,-12044
835,2206
-1647,-5804
-9577,2742
40,7776
2193,3841
11535,-1857
5653,12119
-11361,-5538
-12098,14543
-1690,4049
4531,1896
5100,5654
-935,-1140
4943,-9430
8587,6726
13845,-10256
-1890,10602
-4942,5949
3920,2996
7904,3286
7054,-2691
293,-15048
-15410,-2249
6903,-14496
5071,931
3963,-1312
3768,378
-4579,-2306
2292,1045
8932,-6370
-19823,33
-10106,-6181
-13059,1485
-88,-3191
11889,4159
-1789,-7273
-9257,-1209
5744,1319
-7374,5757
3388,9760
-11798,11464
-9988,-1933
3956,10671
9432,-4694
-2077,-3564
854,-239
-7834,-3691
12656,9132
10018,16163
7960,-2406
-4298,8141
3675,-5759
1382,-3921
3822,3274
-6817,-10087
-44,-5853
2677,3673
22907,-7163
3232,2985
1213,-8510
-7921,-8669
-5608,5608
-1001,1970
-1046,-1399
-16610,-4133
7868,-12467
-3085,-3001
5981,-2804
-3196,-4496
-13589,195
-4272,7354
8590,13065
-9500,7374
3635,-762
-16514,-7763
-3209,-2024
3676,7202
-1796,1698
-2466,2195
10658,6482
1999,3316
17706,14265
-5063,-855
-6981,-6121
-5326,5828
4212,2509
4072,3656
10613,86
331,-19913
12260,1213
5174,418
5989,-1574
-8924,3643
-360,-4671
-1742,258
5092,9011
-639,-17638
-5038,-11300
-9319,-12891
6657,-2058
-6063,9711
5165,2020
-3401,-6365
-4526,7009
1197,-349
-7012,5994
-17947,-6960
-1451,-4335
-11578,2550
9748,12608
7869,1309
-1731,-1617
4535,-4198
590,11592
-8338,9680
5091,13341
-10087,-6292
4563,3110
9449,2945
3424,-1678
6293,-8455
4110,-5459
-1199,-5359
11465,22343
2170,837
4233,-1760
1564,-7632
-1781,-8715
-3323,-1360
-2614,-1154
-3020,-21612
2619,4732
5403,-2950
6445,6009
-2026,-1466
-2143,-12291
-11059,-3717
-12032,14389
-4610,-3116
-8106,4842
1302,-13607
5011,-1105
-4995,5249
3755,3384
-3377,-4175
-7759,9851
4838,8581
-7183,20543
1342,-760
5998,-5561
-6568,-10616
3225,7088
2367,3037
-863,3717
17862,-2300
4147,6637
5512,4892
5859,9330
-5095,-16148
-1135,-3700
-499,-2580
-6907,2530
11056,-472
6781,-11448
8709,-16593
1769,8832
-4804,-5794
-6900,4768
-1382,-3744
-7281,-4278
-3642,7579
-6244,196
2566,-19047
-4516,-3115
176,-9843
-9332,13680
-2371,12098
4243,-114
2087,3500
-6807,8427
-1948,-195
-15275,6209
5434,-10666
-1430,1821
-1032,9679
8979,8980
10292,227
6337,-1559
12227,-1385
-16656,10773
1094,5249
1180,791
3670,-8008
8317,520
3504,-4402
-1209,-7185
17879,-8849
-4707,-7376
2008,5774
-5590,12289
-521,-5767
4735,-2775
1685,-11240
-15913,-8669
-3282,1514
-7553,-11306
7814,-4346
-1382,8843
-374,343
-5540,9583
4402,-2303
-6822,-8197
-10585,11130
-17130,3023
137,2860
1574,3856
16116,-7399
-4421,5592
711,6593
3251,-2213
3421,9639
-1367,6008
594,10086
-10659,7270
18296,-6861
4148,-9892
1977,-4244
-289,-3467
-643,3258
10068,-477
19036,3385
-9165,-110
4448,2118
-6295,-8628
-271,-9734
-247,-5727
-10788,-3217
-7439,-3229
15013,1635
3039,-12488
7574,2873
-13608,-1198
-12061,-269
-3862,6878
-1229,1708
-10641,-943
-4218,9079
-4299,-13364
10158,1506
740,-1519
-3605,1569
-10628,14359
5743,11077
8020,2580
2940,13837
-5815,-9170
-5302,2007
-1164,-3170
14537,-2967
-2145,3584
4609,5784
10071,-3510
10192,7852
12558,-7431
-4508,1288
-18035,-4174
4845,98
140,-4560
7515,-1025
4388,-11808
-7228,-6210
8604,-9353
7054,2191
-10945,-3695
-4987,9626
-12660,-2414
563,4145
7378,-2774
-11943,-8451
-10533,-9454
-4175,3116
-132,-4331
8443,18151
-3110,1001
-5500,5572
3402,7598
988,1613
-4098,19
-12068,7428
-5787,-9832
6862,14519
16207,-55
9829,-731
-247,219
2432,-1770
6180,2482
-573,15226
2023,-7306
-8940,4237
5318,-7919
14228,-5611
2176,-7557
-584,-9571
-1554,-10168
-4353,8702
16390,2166
-3843,6537
-6891,-8872
-3184,-5554
-8492,-7855
-2407,829
-3107,-7081
-17291,-3475
9325,245
4184,8583
4923,542
-2179,5615
-14645,-8156
-9964,9317
3016,11501
-9518,3490
3080,348
-2202,-2772
9041,-5986
8730,13888
3344,-4582
-6900,3854
3306,10366
2968,6991
10486,10794
-1938,-2386
1861,-20357
-4725,750
10237,-5176
2897,1620
3659,938
4770,-8357
9014,3161
979,6305
5828,-9657
-19996,-5645
-4498,-10627
-4080,407
-439,4973
4697,-7005
1961,-11600
-7162,-4440
10653,3485
-14692,8386
-4899,2325
-9133,1353
-7697,3689
2478,8928
3242,-874
-11617,-12002
7086,-2765
-7404,3844
7394,15540
4288,13933
1392,-3126
1662,4532
6288,7489
-7318,-2229
3311,2644
-6822,-12764
7480,-1168
8097,12886
14631,-2441
4902,-4957
6740,-5107
-3346,-8020
-1469,15289
-7142,-2231
1810,-9715
-5711,-4884
10015,-7862
-1217,-3380
930,-4230
-626,-18250
-5142,5602
-5930,9073
3887,10522
-12738,-216
3786,-9222
-9420,-7017
-9979,6251
-1733,-2387
-4454,-155
-1039,-2466
12865,13253
-6026,9682
8392,8562
-2808,-6325
-8699,34
-2259,9423
-4008,11228
56,-4245
16913,-169
3012,-11783
10551,9347
3448,2687
745,-4758
3171,1105
901,7379
-2988,1344
5373,7947
1785,-25171
3904,-10840
-3063,-4265
-935,-1544
-547,1870
6594,-1286
3920,-8953
-4887,15276
-5597,-7045
-6686,-4461
-11069,-9809
-2825,-3810
-10775,6331
-575,8442
11256,-11311
-20,3010
1460,-1357
-7227,13903
-13917,6030
4203,4420
-4035,0
-4599,11041
7192,472
-1721,-2009
11438,-11883
6422,4436
-7127,5199
6434,18549
7065,-414
5123,-392
9088,-482
-10479,-1192
-1182,-8458
4997,-3547
2780,-16692
4657,9975
4237,468
3786,-3614
11814,-4613
-3712,-7554
-10488,-2613
-15174,11323
-2542,-13818
491,608
3102,-6767
-4140,-4432
-2827,1211
986,-5114
3302,-4678
-13784,17676
-4261,4844
-8885,12515
4270,-2508
4428,-6294
-9594,72
-8704,3114
7140,-2078
218,8123
17338,3570
-2952,13240
-115,5081
9570,1121
1290,-6129
-6509,1315
-299,1393
-9795,347
22133,-4049
12230,-4063
4516,-7807
711,4090
-792,-6344
-794,-618
6539,3714
-16227,-2834
-624,207
57,-6586
7850,-19122
-2147,-1331
-7189,-6850
-11161,1074
7458,10606
1385,-1372
-132,6568
-15737,4796
-3673,-9606
-7668,3019
1978,-3344
-9644,-133
-4536,11837
7035,-88
17013,5096
-520,6482
2254,-516
-17944,8263
3361,5725
6192,1878
-562,5822
855,-4349
9153,-4257
4078,-5143
21851,-2519
-8696,7
-3012,4977
4080,4404
5869,2060
5937,-3449
-368,-7160
-17970,-15879
8652,-3541
-694,-7504
3376,-662
-1901,2987
-2399,-3005
3469,726
7013,4374
-17122,-10945
-12801,5312
-14984,-3992
3567,1458
3754,6971
2040,-5430
-6091,-4284
3697,8634
2560,-2672
-722,17598
-12275,4805
-2453,4108
-1569,9021
14482,190
1054,-7769
-5438,230
2722,-10515
8010,12330
8689,7129
12382,4924
-8535,-617
7730,-354
5394,-5703
-4730,580
-2135,-12715
-7111,-3788
1686,-5355
21890,5030
227,-7714
943,-4076
-4440,-8383
-9520,2670
1076,4733
-8846,3416
-14175,-11707
3367,2880
-27,-10170
4297,2133
-3043,-4189
-12421,-3905
-1067,9855
3407,19119
-623,1492
-3611,10582
-7419,-13496
-1937,2589
1659,6300
293,-1481
-974,-89
4815,8558
15492,-289
8051,18510
3975,-7520
-5508,-4095
-7731,1053
5388,4334
3355,1152
195,-1833
11939,-19518
1607,723
11402,-4106
3439,1306
-11412,-5736
-1300,731
-311,2070
-4643,7413
6899,-10902
-14079,-13773
-3259,-14440
1075,5579
-5469,602
881,7288
608,-3347
-6987,4468
7678,10287
-11608,3058
-9419,-8987
-8779,3130
-4401,-3177
3702,17037
10408,3181
866,-8122
9192,2407
-868,7541
2140,7096
-5933,14434
850,-10317
-1104,5476
9164,5225
6084,-6739
5827,-7861
489,-11820
8488,-4994
-3336,18471
11126,296
-1295,-2144
841,-6581
703,-6716
-5757,-368
-9365,-7356
4019,-15900
-11074,-1486
11542,3324
925,6763
-661,-3931
447,-7580
-9207,-1078
-16444,9751
5,7997
-15611,-3997
7343,-4621
671,2021
94,1763
3182,5429
1537,-4434
-7049,2189
6429,20888
-8538,10506
7223,5481
1756,-5268
2697,-12793
-2236,6845
3953,1958
1163,-7248
13934,5549
5222,-1981
9223,10297
-1406,4803
5885,-16170
-8107,-6339
-2854,202
-5825,-3147
2022,3961
7846,-17276
11253,-8553
-7236,2168
4004,-498
-11926,-990
-3002,-344
-4201,-1860
-11497,12313
-4587,-2231
5853,-8696
-9078,-12744
5707,889
-12336,7236
-2293,11793
8741,3295
634,5781
-2993,6562
-42,10841
-12957,-7889
7937,-493
-3088,-4009
-973,8108
8295,10180
11759,-1704
11753,-7231
9109,7958
-10804,-3633
-1383,11935
-328,-5492
5350,-7093
1508,1947
2320,-3988
3607,-13822
9305,-3244
2776,-17002
-5135,11805
-8794,6361
3863,-939
-697,-2711
205,-5273
-10540,-9816
-14308,3948
1669,-15271
1239,1925
-4240,3392
3327,9668
-5996,4849
6035,2606
2108,-5521
-19185,10044
-8499,2716
-4191,7707
3433,-4064
16311,4535
-2613,-2164
1170,6244
11532,-1196
-359,3136
4367,6252
-5930,13936
-4543,-2908
14174,3872
7810,-16465
-1164,-5684
-167,-2867
-2977,-5036
13272,-1079
8741,7381
-873,-7169
-4724,9980
-82,-12482
-1357,-8662
-5321,-3129
-13815,-6006
-5439,-2394
3718,4606
15158,-12929
-3548,7591
-7094,-3441
-9254,2035
-5783,6897
-1619,4251
-7079,2824
-14713,8433
10438,-8804
2324,1682
6834,-4173
-2798,4166
-9882,7627
6768,12291
14466,6962
-4927,7984
5257,-2289
-10746,-2340
5665,-7337
10044,1179
-1978,-5133
287,4352
14181,534
6819,-1616
17736,642
-11032,-4084
-11039,-8243
-3974,5087
3315,-8248
-266,-609
2240,-5414
-7036,-14583
10723,-1332
1017,-1624
-2790,-4368
-17062,11800
-4571,-1184
-2257,6379
4479,5209
-8543,-12160
-9570,-3504
-8384,-1544
11014,-322
-3951,14907
4968,3589
-4196,5206
3954,10518
7757,990
-2915,3293
-16759,-1324
4124,-2484
-2618,6283
21085,3861
8437,-2481
-131,-4212
7126,-2986
7929,4540
-5039,3710
4922,3015
-15563,-6314
8338,-1864
9892,-3721
1970,-12033
-2848,-10982
-2149,-7300
-5033,-2287
13457,15466
-7088,-2391
-3813,-2257
-7546,-2272
-2707,-7071
-6383,1074
-6746,-2139
-13493,-12389
4029,12400
5965,2734
9704,7124
-7069,3346
-3896,-5723
-9765,7528
-426,16462
-2519,-1853
-4075,6745
1780,-8458
14839,1619
3049,5114
10743,-2246
-6200,-3354
-363,10611
10716,6229
2871,13142
366,-9190
4612,-11215
-8586,-11043
11294,1221
373,-5055
-2549,-2934
8812,-5989
3584,5337
3703,896
3548,1678
-19038,-18266
-6290,-1036
-6188,-180
-4754,3571
3941,-2792
-1191,-9236
-182,-8774
5102,15381
-7742,-2817
-7295,9051
-8731,1204
-4744,5840
1345,13314
1039,1517
-1138,-17223
-1338,3725
3090,-4196
3597,18787
3254,8505
7368,-1454
2343,4345
3994,9561
3668,-5162
-8523,1367
2362,-17961
1676,2350
4330,5678
15917,1580
5152,-10197
2978,-5842
6214,-5351
-13381,10919
-1118,-3776
-5131,-4428
-6626,-10874
6711,2915
-600,-6464
-3719,-7427
5857,-12503
-12365,591
-473,11258
-3562,17093
-6085,-6665
95,2114
-4460,-5956
-11595,3708
415,3340
-7067,-6907
5662,-783
3853,18431
6048,3999
3468,12743
4836,-7523
-5565,-2866
-3733,13386
-5987,5357
6343,-4144
5059,-258
15760,-12898
1907,8690
7319,-1440
4037,-8570
60,603
-2321,5036
1809,5401
-7758,3251
13072,-20423
-5061,-11774
-2747,-6107
-2028,-606
-3506,-1822
3157,-2735
8795,653
-14219,8852
3744,2332
-11549,-6173
-7069,-10632
-6508,2944
-11085,4617
-3562,5867
15523,-937
-1691,-6234
8279,8648
-10199,10108
-4659,2284
-241,8535
220,377
-6336,8145
6786,9367
1777,-13575
15142,-5553
1018,-1392
1906,2104
-2377,15870
12504,-489
6028,-3790
3838,6873
-6536,-9073
-758,-4124
-2601,-11114
9847,-13048
-8327,5177
5643,2834
6026,-6016
6619,-1142
693,-9662
-11159,3927
-21782,2524
4239,-3242
-8355,-4181
2882,-16
-2863,-2357
-5241,244
6504,-6396
4284,2615
-16141,6728
-314,18011
-10141,5149
7870,3260
5352,-1796
-9069,-2369
-5599,-257
6789,2956
3272,-5659
14901,15237
-2475,4015
4764,6746
9042,1911
5290,-8025
-6482,-2645
-7121,5871
-3973,-11740
14364,5027
11563,-11048
6657,-4860
-4852,329
4065,-6412
572,-4260
-3976,8580
-9404,-7262
-10115,7825
1279,-10497
10625,-10278
-9102,-6748
-5502,-3152
-7737,-1979
-713,11998
10597,754
-7459,12409
-11550,322
915,2029
-7849,-5007
1800,2765
-7060,-1298
-10569,7801
15798,3023
13083,7575
5776,-1202
1956,9181
-12346,-3994
2931,9524
7508,2604
-5233,458
3454,-1715
4463,-3722
12557,-13610
13328,4926
-3370,-11758
-6830,5683
3216,4940
5549,-58
5000,344
-8244,-5244
-7518,-20295
-3805,2050
5265,-12686
-2954,1613
-6280,2110
601,-1371
5850,4069
364,6517
-4495,-9512
-24679,6251
-6109,-4366
312,7037
377,4558
3604,-1112
-1237,-4093
105,5639
16055,2193
-10082,12104
-4044,3549
-4460,9113
971,3765
13545,6107
4645,-8359
-9644,-8658
10881,-4859
977,3513
13806,5225
4712,8118
-2401,-8160
4527,4364
8554,-3362
-8101,-8013
-2660,-5957
-13493,-11180
6364,-3999
9135,9122
7760,-11608
-5125,-2526
-1521,-5058
-6973,-2032
-2139,12331
-13849,-706
-7189,-6735
-8762,5445
11164,-6504
-1461,2072
-2216,-3514
-6534,-7115
-2030,13742
1455,15729
8270,8680
-13036,5530
5514,-6858
-4118,1365
1844,4496
2776,-3203
-2460,-1820
2989,2123
22488,9220
1164,6893
12237,-1998
-7393,-8079
-5608,-2524
3164,6594
391,257
-3750,-9872
12675,-7712
-1466,-11023
14043,2949
-1934,-3046
-7317,-10030
-6254,3816
-839,6445
-5536,2613
2373,2009
-11850,-22830
-1417,-5495
-5511,3315
802,177
-5757,6289
2369,1561
-717,2006
2685,20711
-4765,-3839
-6171,-2364
-13755,-2142
3945,2421
-2772,12816
9975,5459
9202,-11445
4559,5279
6716,1797
4125,11789
-10282,2015
7073,-2193
-5124,8
6192,7816
10364,-7033
-68,-11086
4793,-17404
6380,1799
-6754,4072
10619,9989
-2851,-8454
-462,-3691
1962,-1051
-9949,-1904
-7214,-11643
-1958,-6947
-9302,-12646
5804,15852
828,2273
1760,-2777
1265,-3016
-7823,249
-11682,7456
-8280,15978
-6646,-12430
1154,6197
2216,-157
4613,3910
2025,3080
4900,-5320
914,-1243
-3800,24378
3182,5251
1287,10232
4569,-9810
7152,-7118
-5668,798
2546,424
7507,-11266
1958,2639
14333,-2048
1594,12849
1170,-2968
7882,-8336
-9115,-13064
-8105,2327
-3378,-1119
-8993,-1751
13840,-13032
3444,-4100
-3194,-4525
899,8659
-7684,-8522
-6130,1757
-2534,5883
-16892,8591
456,3792
129,-4531
943,-17720
-2068,9378
-5798,939
-3221,9868
10063,7942
2100,2626
2228,11435
-6086,11710
2148,-12299
-1763,2192
2949,-7396
-3457,6231
5028,9397
14404,-5553
16764,-5371
262,4771
2845,-4038
-12445,7997
4901,-7276
2184,-4654
-4547,713
820,-3723
7344,-11598
353,-10212
12294,-10549
-16499,6132
-4850,5817
1373,4445
-953,-3869
-2266,-271
-7382,-3040
-19274,-5187
8450,-5053
-6160,-3391
-52,4386
-1901,15143
1066,1482
6516,4698
6290,2267
-18468,46
-5670,11854
-7484,1132
10815,-2730
6751,7694
5439,-4809
625,2420
13477,1993
4701,-7138
2182,12177
-10457,6560
4152,-185
3262,2469
14897,-13975
-4868,-9497
-4746,-2513
1769,-12160
8994,2613
2407,940
5421,904
-14504,3901
7489,-5731
-2535,-9068
-11118,-2339
-12061,-6332
-9077,1604
254,-1748
19775,955
-9436,-1394
-1118,3575
-7057,1530
-4806,5360
-260,7318
-9210,7927
-13872,238
12920,5989
3265,-8923
10001,1148
-4160,1143
-5115,2159
7426,11839
13329,11428
-664,-1221
1423,9123
-5737,-13170
7935,-2979
3531,-2729
664,-8128
-3995,346
10394,3829
14444,-8172
8584,8414
-6634,-12423
-9610,-3169
-10725,101
6100,-2994
-6005,-2854
-5448,-1641
2030,-15546
2313,3196
5924,-6419
-2726,2915
-21242,2775
-388,8556
-1676,6019
-934,8613
-278,-8166
-14952,-3074
-1396,-6011
9973,8772
-4339,2177
5056,11684
43,2416
4253,9537
14487,6018
-6330,667
-10232,-8136
-1181,5684
1936,-5805
15163,10706
8879,-6317
999,-8853
9597,-733
5468,2039
928,-2448
-7394,8633
-7654,-14205
882,5521
8180,-3991
2510,-12650
-5633,-11274
-5670,-8346
3142,-3917
-1509,18685
2290,-4543
-9691,3578
-6146,-2168
1374,-708
-8016,319
-11677,-2745
-4098,-10022
-8058,11183
16361,5499
5161,10586
-2984,-2426
907,958
-5677,4584
-4205,14429
4529,3229
-12944,-461
10662,-4569
9891,4620
8342,-3944
8275,1186
-1407,-9783
-3088,5281
13336,13728
-3160,4617
5527,-5897
-2971,-8706
-200,-16827
1728,5104
1813,-9030
-6017,-9277
6370,1458
1532,602
8138,6017
-6334,2309
-6450,-19497
-15967,2157
-4264,2167
-6273,2045
-1286,2201
-321,-11449
6875,-2021
-3973,12533
6315,-184
-14379,5873
-4223,3086
-2066,8852
-1740,15597
2081,-512
6344,-11400
-8071,-5456
13905,2326
-3239,11017
6334,5344
8708,667
3110,3100
4039,7584
7606,1687
-13003,-13039
6889,-9402
-5638,-3947
5173,3655
10035,3712
7274,-13145
2557,-9056
5950,4378
-13855,-1976
-1771,5260
-11069,-8738
-2505,-7607
-2932,7722
2421,-4903
-3115,-11771
2650,-4305
-7162,-7979
-2655,20087
-7745,12166
3350,-1181
-6652,3239
1358,333
-8223,931
-4967,6295
764,-13639
3711,5286
53,11238
14861,11387
-630,4777
11076,-3555
-229,-4637
-9801,12178
-980,1183
3116,-547
1953,-10450
18654,-986
-2152,-2320
8822,-274
6843,-10783
-4024,-3438
-1122,4906
-3675,11544
-7499,-7453
10996,-5700
-5800,-19462
-4285,-2198
-4543,-504
-4402,-6084
3772,-2375
2863,9501
-7885,1246
-1078,15292
-5907,-12446
-4857,-5278
-10918,4479
-9504,4466
-2179,4194
9553,4758
10480,-11151
1209,16316
-2857,2706
395,4993
-3065,4170
3014,3830
-4644,6499
-1606,10277
14836,-16093
6877,-4069
5336,-8776
2268,5642
-5536,4693
13210,3188
8779,-4076
-5449,5580
2359,-6069
-8707,-5319
1154,-17309
4486,-4240
-11171,-5052
1129,7819
9143,-4663
2169,-4388
6440,-2222
-17417,3834
-14896,-2527
-2895,7309
-4271,-10150
-3330,7073
-1525,1301
-3878,-4524
11524,-1173
473,1873
-6018,2500
-10238,23852
961,444
5222,7852
5834,1372
-5661,-5394
-3319,285
2449,-1125
14714,-8120
504,14610
7090,914
2696,7181
9855,163
8855,-7575
-6849,-3271
-15350,448
5446,-8975
-196,550
17066,-8995
951,-3035
-4790,-5136
5842,-3641
2320,-3895
-12038,3517
-3948,2537
-19958,2129
7708,-4342
4935,-4415
-6534,-11346
-8271,439
-3788,-1248
-2918,5023
13538,13098
-11597,5896
-3264,5545
-2978,6262
2353,-8144
-3543,4864
-5339,-105
-9273,-1234
15529,11813
12802,295
13246,1868
-5619,6747
1182,-6660
-1987,7270
6738,4522
-4057,-5536
-2309,3193
4046,-9939
18992,-8604
1615,-2146
5560,-10455
-12964,-17
1685,6134
8085,425
-1543,4561
-10050,-8877
-1927,-10575
-12320,-6911
10592,-4234
-9721,-2849
-8270,1682
3396,2639
5184,7469
1372,3327
-741,2689
-26180,-5908
-1209,6450
-2896,4919
1011,3952
2245,2281
1365,-3265
5103,-855
16361,12748
-6724,-2678
-2688,10293
-6325,5113
6721,4257
8662,7748
5153,-7440
-4882,-17243
4963,1798
6304,-8587
10023,9866
-1295,1177
4340,-5491
-284,3154
8155,912
-3409,-12525
-13843,-2623
-8107,-17218
1702,3439
2042,2762
11731,-3509
-8546,-7522
-1092,-613
923,-879
-11322,13156
-8478,-2540
-10163,2214
-9923,-1360
13793,7373
-1701,-4261
-2560,-3006
790,-5459
-5578,10574
7274,14424
4606,16125
-7881,-5518
5854,5957
10,-4357
1262,3181
3383,-2976
-4855,-8097
7223,-700
14808,15593
9376,-4411
6395,5235
-2510,-14391
-4386,-2658
-1267,7625
-3168,-2469
-1728,-12026
665,-2464
9184,-15317
3968,8125
617,-8851
-5295,-8599
-10253,3105
-2570,9944
-1346,4959
-9844,4126
1245,-20497
-9356,-1136
-2508,-240
1439,4919
-7449,215
1927,4765
7359,7083
-5098,17978
7961,644
-10748,-2622
-7467,-7300
1837,10464
-2070,5053
6565,5026
15272,-7654
1049,-2752
15074,6545
-1400,8168
-2487,-6619
92,4269
-1276,-4782
499,8169
10103,-2241
-1633,-20354
7948,-13041
-2151,-526
1239,-1222
-2112,12805
3441,-10328
-3408,-1633
-658,6253
-8687,-5794
-5624,-7549
-10934,-9148
981,-10036
-8527,16783
7358,3521
2387,-1938
1033,-48
-2873,726
-8056,11603
-15456,9949
5350,-5486
-9207,3139
8243,3875
4690,5182
3116,-1675
8843,-6919
5261,1351
-9441,13958
10897,14124
-4999,1588
10540,-6733
4261,-3551
-4241,-4862
332,-2493
8233,-9362
-1744,-9801
14218,9488
-3637,4216
6675,-1082
2425,-5694
-3844,-14812
-13372,1992
-7001,4472
-8672,-11667
9550,-1031
215,-8723
2648,496
-6898,7623
1989,-7990
-7881,401
-6507,13141
-11611,4424
-3617,12741
895,-8868
9280,-9423
-10376,3901
2443,3587
-2653,4138
7182,9264
9750,1708
-1114,16334
-4193,4356
10290,-3496
-6876,-8995
6293,-1698
-5698,1141
423,5486
18855,-5729
13648,-3150
1135,-4121
4347,6311
-13650,-6648
5303,-541
-1544,-5267
-8796,-835
-517,-933
4365,-8565
3890,-18475
6864,1840
-14747,-6069
-6166,11977
-945,4571
1768,-1776
-4350,4298
-10002,2582
-10383,-11621
815,4593
-197,-11344
-2458,10405
-5305,11922
8801,4086
8180,4334
4567,6278
-6791,-3917
-14741,14549
1018,-5177
9028,3234
1779,1087
9318,8
2364,-3467
10718,477
15226,-8337
-8668,9349
-4913,1513
1172,6418
1676,-6201
13648,-4276
-5122,-13687
-10442,-6283
7808,-9605
23,-1509
5383,-1231
-1912,9699
-10213,-5150
5251,5239
505,-9103
-14689,-4328
-11156,-448
-14065,-1216
6078,-1904
9972,10271
-108,-8373
-5032,10193
-582,395
-1243,3339
-919,11760
-12221,6152
-5140,209
2654,10695
16681,-12102
3318,3007
-1293,-3614
-435,-940
6616,10398
10218,9445
7515,274
-10802,6791
7761,-12380
1366,-2758
2897,-7750
-678,-7227
-7060,-4234
5522,1640
21361,-1985
-3004,1971
2615,-7946
-15210,-3178
-7978,-3914
1774,4424
-7940,-4449
-11420,-3167
6954,-5052
-2676,-4318
12680,500
-8894,2307
-13601,-2429
-4857,15643
2986,7433
-3008,7113
1172,2416
-13579,-11579
5308,-116
3018,6732
5322,-2424
-3550,12042
6773,2570
7347,6233
13128,12834
-3235,-7588
-5710,-5102
-9852,377
12052,-4576
2623,7329
10496,-6117
3381,-12297
6218,1127
8090,-3031
2839,1331
-17797,-522
895,-6133
-8883,2465
8132,405
2208,-10961
-9492,-12465
-4188,-10771
4956,3709
-8729,7765
7114,7390
-13941,-1073
-1696,2963
2097,5536
-7485,-880
-11199,-5715
-3521,-1416
-8153,-592
17374,18300
3509,3662
3991,-1790
706,3316
487,3382
-3051,9759
531,9843
-8418,-12585
7863,5910
8309,-1505
14156,-3219
1885,-3369
3813,-11517
-1343,-439
4976,18760
2680,-3185
-455,1322
-4614,-14051
5443,-9480
-7340,-882
2238,-7165
-5166,-13697
-3259,3972
8367,312
2597,12809
-6328,-4620
-606,-7962
-19399,-4671
-4468,9147
-5050,2274
-8663,993
6421,-8614
4171,4688
-145,3701
8476,10858
-11507,-5864
-2976,8018
231,11740
-4270,12863
6372,1055
3630,-7391
-288,-15743
8909,11997
595,-1835
5053,5168
7917,466
4564,1028
5908,8522
1522,4295
-2844,-22232
-3915,-2505
-2338,-11035
730,5942
3870,1177
9178,-12907
4533,-8606
-2172,7207
-2171,-4913
-13865,7814
-5925,-11559
-5072,489
-8430,6144
3307,483
795,-12143
-4184,-5235
5110,-4569
-12609,19029
-1100,9017
3051,7013
-4921,-1407
2119,8615
-2780,1628
-9618,-488
10063,-9107
-3761,1144
5866,7597
10057,17615
6165,-5151
10275,553
4714,-3194
-12411,3837
1652,5609
-3716,-6018
7778,-12783
6716,5626
5045,-9443
3726,-191
8713,-10621
-3571,-9768
-3338,10408
-10894,8713
825,-6295
-2467,-1019
3587,-18352
-10827,-453
-6006,-483
-1511,-9266
2134,1316
-3143,8459
2695,7486
-11640,13556
7186,-8200
-7152,-3311
-11602,3884
-7498,5571
-1891,4502
5612,205
20395,-1721
-6709,8064
7987,5674
-178,2875
213,-1129
1924,7107
-4481,7044
-5209,2381
20049,-5688
2043,-15296
10044,-5240
-3998,2561
-817,-3088
8348,4670
9080,-1026
-7498,-943
942,5672
-9357,-15138
4501,-11761
-6091,-4856
-6273,-6927
-7326,7763
9900,-266
5860,-8496
2108,8489
-14810,-2705
-9299,3646
-11201,4482
4328,-4528
-11168,6590
-2031,5881
3867,-7107
8528,3280
4658,-4032
-993,8498
-16565,13728
10972,8092
2347,4411
5018,4353
-118,-5160
-6206,-1199
5668,-8667
16035,-1032
-5721,-42
9983,9194
1434,776
11028,-47
10657,-4523
-10089,-4898
-14736,-6645
1889,742
-1971,-12391
12900,2364
-2700,-7308
-2312,-5923
5164,-1062
2353,-3090
-10132,-1370
-12026,13340
-14316,-6669
4189,7870
2923,-5490
-2085,-8475
-11647,-376
-1618,-34
4016,685
3739,20045
-2017,178
-5124,13429
-966,2236
10333,-1891
-7107,-21
-6467,535
-1784,-5031
5516,11919
21914,-2644
9148,6011
-4296,-3356
7108,326
-2352,-1035
2659,5489
-761,-5008
-12773,-561
10360,-9340
13106,-3054
2597,-13205
2844,-2062
-11610,-9187
-1681,6896
9440,6189
-8458,1854
-5792,-5696
-7835,-3064
-4797,-14561
2738,6104
-7654,-9008
-10621,1460
3821,8201
5623,6386
7364,6165
-7537,7381
-11795,-11815
-8778,13310
2101,2057
-4,4663
-765,3146
4054,-4632
13193,-318
7766,11626
7801,-6812
-11953,9090
-658,1532
7345,7780
4570,5449
4017,-7484
1140,-16878
-5084,-4207
16880,-6686
-1875,5405
923,-3631
2629,243
-301,-192
5528,4142
478,-8004
-22438,-11135
-1451,-9309
-8019,1701
4598,953
4984,4027
-3884,-11733
-2009,1767
5561,6823
-13546,4203
-4694,5851
-15933,680
-1266,-314
4972,14940
6088,-6935
-3523,-5398
3269,-1003
-1776,1697
8834,19864
-1106,11229
4222,-4790
-3334,7683
9636,-3373
-381,-324
-119,-3231
-1659,-15566
6191,2542
6797,9417
19098,-326
-4284,-933
5737,-11793
-5037,-3507
-6485,6772
-3339,-4427
-4315,-8162
-6912,-8618
15772,-3026
-5164,-11
5550,-5591
-6011,-8545
-10813,1267
-2959,13133
-2128,11751
-12411,-3726
5843,-4749
-11729,-8442
1881,4712
-2004,4693
-3600,-4593
1514,5562
8347,14489
-1203,8635
8743,12606
-7674,-12376
-1461,-3220
-4722,9497
2737,2281
3094,1062
13067,-3339
8358,-11206
10278,14126
1054,-2565
2543,-4362
-8343,-947
3415,-834
-4264,5460
3298,1041
5750,-24596
410,-8201
-1718,-7648
2982,5044
-10438,2759
7402,-2427
-4303,-1746
-6211,10334
-1517,-3450
-10911,-5047
-8625,-14804
823,2178
-12906,5944
8481,12351
4965,-3538
1143,-14
3882,5532
-9910,12456
-9849,1651
3007,6130
-6535,-7587
6110,12969
5496,2888
5988,-6442
12003,-6480
3499,682
-2922,4915
2261,21560
2320,-9077
7242,392
2244,-4464
-1762,-6250
-1908,-5191
3407,-10502
5113,-15274
-575,14661
3559,-1597
3119,4123
1158,-8480
54,-9425
-16070,626
-13954,5309
-316,-11226
-4279,1263
7457,-7750
-1224,7224
-5776,583
6666,-1089
-5275,-2253
-11755,13651
-3238,10124
-12003,10173
10161,-6712
5901,-1859
-6382,-5346
1744,9161
2261,-2099
4582,4525
14662,8540
-6169,10772
4324,4248
5403,1117
1817,-18207
-1356,3390
-4393,-3215
-2452,-1186
18081,-647
10018,-7928
7058,-3537
-5935,8022
-1393,-13060
-3925,2550
-1640,-4656
-11192,-1689
-5331,3768
2387,-10295
11179,-14740
-6181,1311
-2676,-6176
-14302,11452
1707,5096
3841,2585
-7086,7935
-10821,2846
-398,-5616
-8414,-1247
10670,-5987
-10361,7712
-2386,8816
11579,8142
10989,3123
4367,4369
945,3044
-19808,2267
9361,1228
2016,99
3913,-2589
4728,3731
6298,-7463
10331,-5289
17289,-889
-11902,-4451
-2561,7562
-5713,3325
7646,-6760
3738,764
-2767,-13346
-11561,-11862
4833,-2192
498,-11333
3813,5957
-10598,6607
216,-1796
-2423,7507
5602,-3932
-13227,-6562
-16852,4955
-9694,-6550
6446,5850
2120,5593
10216,-979
-10345,5208
6784,3807
4622,2010
-5581,12202
-8361,2674
-3751,6736
-1279,1812
24170,-770
-1679,-6455
1628,-3869
2894,-3208
4418,5893
11245,6473
5447,6919
-11934,-5639
10540,811
-632,-11180
2558,-6780
-5263,-7472
-8832,-8531
4730,-482
16333,7133
-338,-8990
-553,4204
-13480,-9992
-4498,-32
-5040,6517
-7980,-3391
-11969,-4419
843,4205
6817,-10512
7055,9819
-6440,-5054
-7245,1310
-9018,13270
7082,12373
-303,6092
-6096,6942
-624,-14580
682,4844
5280,-1457
8444,2203
-8129,1713
9651,6570
12701,5041
6110,11735
6645,-8376
-10986,-4409
-7182,-8591
10263,4930
-1894,-4152
6678,-2300
6100,-12364
1596,-2830
13774,-437
-3851,1726
-13954,-9888
-5113,6085
-7173,-4372
2886,7474
1570,-7661
-10658,-16274
-579,-7092
-904,6134
-1057,718
-3030,16448
-5728,-6050
-2232,9785
2649,9627
-4155,-2271
-8490,-5084
-9352,-818
3861,-3655
4658,22225
12232,-1002
4527,320
2062,1095
6059,4127
-337,7809
-7846,5966
3143,-12051
-4968,5144
14766,-2522
10989,-771
902,-11965
5216,-10250
1346,-2067
-4286,13124
9849,2626
-11294,-2831
1598,-11968
415,-1746
-6496,-7976
-2347,-4101
-3440,-13465
-9231,-2062
11943,11410
-4039,8665
1749,-3061
-5729,-741
-10574,-8562
-9795,13709
-3810,5106
-9601,-5840
7576,1505
1802,1453
9800,5078
439,11363
2030,-10536
-6711,8048
1220,14800
-1626,8017
4754,6081
2080,-12186
9954,-12494
-3159,7269
10808,-3988
-658,-303
6618,-314
7623,520
2982,11480
-1638,-1260
5730,-15872
-15337,-10661
3407,-5406
-7274,3079
633,-1399
9784,-10054
3737,-5589
-4601,2653
3395,5835
-19646,-3813
-812,-2579
-10662,2208
-7918,6241
1085,5509
3192,-9794
-2559,-11723
6880,7826
-12731,6274
3040,15186
-223,5941
2847,-777
-1235,12516
266,4371
-4740,-9746
6920,-955
-1129,-10134
6310,12489
3221,11893
16035,-5156
6418,-1633
5988,54
-6940,-2913
-6554,9007
-773,-14392
6276,-5723
-3349,-478
10946,-3435
-1028,-6544
7975,-8873
2084,-11286
-12651,12130
-8593,4626
236,3354
-7631,-8238
7261,-4447
-13751,-4952
-7456,210
3436,-7939
-2959,732
-366,6551
1297,18582
-8674,2310
10760,5113
-4654,-7286
-10989,4186
-6508,7639
-3306,1508
9774,-3764
15159,8252
362,-4333
6709,13311
4085,-4648
4035,-2631
-1638,7773
-6474,5953
-1096,-2178
10470,1056
11288,-23412
2317,266
-4349,-5397
2475,-3572
3200,1589
6324,1734
-3072,-1220
-11002,9410
2309,-16967
-2700,-6130
-7812,-9984
-6202,-648
-11608,2270
7773,3472
13219,-4743
-7468,8400
-3244,-464
-12831,7122
-7157,-1996
3402,6634
-11857,1272
-4958,8331
11528,-2580
4646,-2344
13516,-1732
-5891,8969
-8740,3046
7560,16645
7078,-1003
1745,5335
2130,-429
-7083,-9285
11250,-7890
7027,-1417
1628,-9184
-1320,13534
7513,-3994
9947,59
8687,-11
-10453,-9461
-11800,-5396
-9100,386
7639,-13544
-2714,5757
897,-7941
-2176,-4556
3807,278
4317,-3335
-6588,1564
-22749,10473
-1512,-924
-6394,9185
7928,-2483
-2296,-3970
-11493,-3876
871,-186
9958,3787
-4459,12017
8050,8274
-10798,9145
7747,3229
9890,3721
-4638,-6037
-8569,-1434
1630,-2063
978,248
25465,6533
2823,-1123
3374,-5593
2873,3227
4135,-6079
-2442,3373
-3419,94
-14513,-10712
9221,1078
7035,-7253
8970,-12373
-8032,-2383
-3710,-11109
-4763,4896
5044,12974
-6305,-2905
-8118,3748
-10702,-5569
5484,-7400
-8711,3314
-1265,-6670
-12089,-1534
750,11542
12066,5835
6869,12357
-8531,861
58,-2691
-14709,5229
7810,7422
-1906,2261
-4263,909
8892,-4436
14022,3225
7300,769
13096,2053
-15102,-5323
3104,6162
4850,7737
2504,2586
2904,-6635
-129,-13251
-3661,-15228
13961,4608
-4528,-8345
346,-61
-2135,512
3062,358
3102,6534
-2476,-2142
-16978,-19790
-8254,2399
-6688,-5744
3403,7468
-2440,2362
3073,-8712
-1277,1849
3800,12538
-3338,-1334
-12424,11727
-10462,-4778
970,8869
-936,10609
12040,-1291
-1848,-10374
834,-731
9325,-796
687,19447
3353,3695
5679,3265
-4982,-1360
12702,5695
576,-5426
-5447,-7672
4139,-15380
-2060,499
8718,3354
14269,8660
-2650,-13538
5186,-2681
-3059,-5020
-10220,3658
-3300,-936
-11207,-8706
-3208,-11159
6445,9475
710,-9240
1652,949
-3427,-10210
-8599,103
-3874,17670
-6193,13137
-3739,-5249
-3904,4792
203,-11955
-2550,9841
-1226,357
923,-6154
1077,5080
5378,15498
10091,8379
-1513,12984
6463,-14772
-4778,-285
-5232,3790
3685,4032
1219,-4168
7657,-5131
17649,-7567
-879,8818
10986,-3883
-2102,-4136
-7128,-8590
190,6850
-5663,3017
-3647,-1210
11213,-16610
-7696,-14258
4109,-4498
-5000,6711
-5654,-5901
1772,5557
-1131,-200
-9158,9812
1277,6851
-12457,-11393
-1837,-10371
-8521,5503
-4139,1049
102,16071
10915,-3151
4119,-2159
4807,13107
-7613,6030
-1655,3150
-6424,4391
5449,-7336
-4385,13591
8654,2572
9778,-10172
10460,-5860
4447,-5006
2666,6661
-9159,13056
13569,-5214
-1834,-1471
3085,-2563
-1258,-4924
-4996,-8005
1632,-15050
7613,-9006
-12122,4519
9636,7321
-2993,349
4994,-6984
-664,-2899
-16192,-178
-16117,2265
1049,-1418
-9075,-8675
9623,5422
-5786,4138
1787,-226
5319,2464
382,-2849
-11705,9957
-4504,19776
-8702,-486
11887,4385
2639,-4938
2210,-4947
-4411,6623
8573,-4364
6500,-2205
8656,14681
-847,2043
4138,10806
2843,-5245
11018,-13699
-11293,-2041
-3380,-2396
-1706,-6792
9129,1443
14217,-11327
3820,2827
-9501,-1066
6728,-4430
-10224,-5013
-2665,958
-11623,-666
-13013,4387
6794,-9132
9083,-6298
-7632,-8392
287,5726
-15081,1077
3394,9680
5034,6858
-9334,7971
-6501,4600
-558,2165
-2655,-12342
8140,6098
-9511,-2963
-1184,9818
11429,8924
14340,1449
7721,3310
-2647,7925
-9325,-9554
3014,9263
3676,-8036
2453,-162
-1753,1362
9542,-8009
13283,-8508
8910,1491
-2011,-11944
-12942,11104
-2971,-2454
7626,727
-3811,-1816
-2602,-8120
-8473,-13398
-4033,-2110
10122,-11275
-7556,7783
-8112,1728
1415,8510
-2443,2430
6575,4651
-8519,-5201
-23080,1485
-439,-2285
-878,6754
6174,803
7006,9239
-4618,-4469
8382,8534
10822,3044
-8021,5091
-3684,6176
-9092,5646
6723,-2998
15415,8440
4900,-15642
-1647,-3736
5083,-4457
5015,-1517
10824,8573
-2701,5233
-2113,-8677
-1104,7004
8217,-14176
-3422,-5430
-9224,-8853
-8234,-11537
3291,1754
7229,6943
9960,-6518
-13031,4769
-2071,-8871
-6475,3650
-7667,5329
-8007,-504
-11696,-2221
-5621,2962
18438,-1828
-2756,5121
3374,-4331
-7894,2837
-5701,7962
7248,17257
2271,7869
-10183,992
8648,-4162
-4104,-3114
12294,-845
2186,1712
-3407,-7667
6179,8566
15792,7261
4459,3378
8803,682
-13311,-13810
-968,-6643
-864,5940
2806,-9047
-2682,-2320
6244,-8896
3643,-8690
11015,7942
-5718,-5998
-7648,-6753
-16613,5585
1602,-291
-5608,8803
-241,-2912
-5622,-18318
-3170,-1142
-1023,1150
5465,6407
-13291,9092
5157,1191
-4628,9765
3547,13153
1746,-1385
-9550,-4444
-8475,-7171
9118,5378
-3266,9873
18156,5883
3255,-4383
5444,-489
9627,6203
-611,5949
-8178,-3502
3241,-1821
-8465,-7376
14756,7123
6208,-5042
3798,-16022
3133,-9566
1281,-1926
-4155,4925
3443,13103
-9509,-13332
628,-608
-4351,-1929
-1605,-6589
-8425,-5128
-3927,-11271
-5367,-6900
2579,21203
1984,2011
2260,5425
-7246,-3843
-917,-1636
-13904,10976
-4928,7845
-2794,-8909
-1309,6022
9538,-1412
9920,11623
-255,505
10669,-4121
-7176,593
-666,16518
4037,7933
-3066,4186
8497,-14336
7786,-4876
-3756,-5884
10882,3135
-1224,-11092
3469,-1232
9403,4455
-2856,9092
2703,-2981
1027,-7717
-11108,-21510
-3247,5729
-8535,-3318
-2506,-2166
8037,-5411
2011,-5258
442,2822
-3791,12864
-8292,-12789
-7707,6717
-8806,658
-7715,9711
-2105,7880
4825,-8822
5578,-11928
-2384,11008
1028,437
-3942,17113
4174,1482
6472,4732
-3424,11244
1063,5624
4230,-11007
-3180,-4712
9827,-10868
-3662,11406
5094,4129
17009,132
6756,-7462
3991,1892
-821,-909
-15816,601
6411,-10916
-4097,-4804
-2400,-5173
4864,5294
1842,-13230
5220,-8358
5485,-5344
-18210,4225
-4400,10462
-7246,4991
11,-9716
-1789,6731
-7713,-7202
-9141,-753
5010,-3013
-2623,-6023
2177,12103
-5911,18241
5445,1013
3008,9836
5214,-7077
-11126,3056
-8347,8818
-467,-4440
12016,-772
5725,4843
13132,-2581
-2632,8931
13627,-6185
4798,-4093
-5803,5734
-6707,3712
182,737
1322,-5288
20152,-14645
-8811,-6446
42,-6056
770,-3872
1392,-2787
3522,3469
-2788,5516
-16392,1478
9225,-3469
-8518,-11697
-4463,-6988
-12368,2445
-9289,-1919
5478,4812
14410,4018
-6851,-287
244,11905
-12158,-192
1181,808
-4222,9328
-6464,200
-7644,6887
11754,3904
11103,-11260
12121,6092
-6048,-773
319,3802
-592,12630
14363,1181
-1395,2770
-2245,3357
580,-15407
7312,-3695
3907,-10380
5492,-4644
-12313,3841
12869,982
9039,-1702
3215,2210
-5118,-9785
-15772,-2170
-10642,-7049
9039,-1364
-11876,-3912
1679,530
-1722,-4900
3184,-73
8875,-331
-8910,4670
-20689,1733
-1040,13587
-6134,229
8221,7581
-2993,-3409
-8113,-6840
4074,442
9078,5760
560,1494
2557,18611
-4423,-1334
9990,10369
8528,2847
21,-7874
-9953,-4642
-2064,-1246
8189,-7950
13263,12964
7630,-9886
3215,-1258
452,-1777
9760,-3376
-5423,-492
-11529,1250
-6871,-12613
-3572,5701
11487,-9605
5954,-5154
-11584,-10971
162,-4699
-3956,1614
-2030,14031
954,1348
-16980,5160
-2879,-4946
4126,3684
-7814,-6250
-2154,917
-9167,-5628
-2267,9317
18289,12392
2229,10054
447,-1769
-2133,5687
-5888,-5161
3551,14133
-619,-1405
-6223,-4215
10467,349
11313,296
15142,-3239
3666,4914
-3803,-15806
-3420,9638
4958,6453
1431,776
-798,-3844
-3612,-14299
4719,-15154
-481,5482
4896,-13043
-8847,530
-2329,-739
5110,4769
709,8842
-5971,-1686
-6847,-15487
-20178,402
3124,-1972
-5284,8971
-2245,-1162
5150,-2248
1776,1673
2553,11612
6458,4801
-19446,2636
-558,613
-4663,11149
2685,6425
9309,4606
2972,-14032
226,-6094
14494,6027
-3586,6531
8630,6198
-1018,2509
3366,-4895
5529,11341
4325,-7174
-7128,-14996
2158,-9091
-4590,-9064
9437,7589
3001,6279
7800,-14743
-3329,-250
1397,-2070
-9772,278
-9133,3955
-11306,-13539
-1520,-3081
-5067,7893
11536,-3707
-6099,-2113
1863,-7899
-4301,96
-7879,19829
-4460,10444
740,2740
-10278,-1050
11016,-257
-7817,4074
2440,-682
3716,-6974
-137,2230
6164,12646
12851,15892
-3479,-129
13819,-3679
-7091,-7189
-2751,2919
-175,4155
386,-8924
5916,-9129
15098,1993
-341,-4479
11104,5095
-3720,-12480
-2783,-7942
-7936,9253
-5498,3770
-5254,-4224
5201,-6466
-2405,-21889
-186,5308
-7643,-548
766,-3623
-5727,4294
2186,5690
-6661,9422
-4851,13802
-1710,-15435
-4437,-2548
-10208,-819
1423,7803
-6041,8114
14622,1414
10026,-2769
-343,14204
2900,3346
-2934,5683
-5398,-5916
7771,3688
-9092,3723
7889,6059
13596,-11398
6488,-10259
9738,-6013
-2086,8196
-6984,-417
10692,6233
-2114,-9839
-129,3413
-2104,-2514
-6664,-12501
3533,-14937
-114,-4537
-8125,-5166
395,18059
1674,-6436
5237,-921
-2243,1110
-13883,-210
-13757,2224
-6187,2832
750,-12715
-2438,14380
286,-95
4569,3633
5420,88
5772,-1147
-7915,8336
-12333,19616
4853,-1483
1945,7558
8792,-7308
2474,66
-5363,-2551
11165,-3680
10314,-5474
-1091,9978
8492,4787
-4408,8444
9829,-8339
8339,-5658
-11809,-11348
-7707,362
-60,-7827
1061,-4927
17683,-3530
-4804,691
-2318,-4199
1659,3581
-4016,-12008
-9010,6099
-11839,3180
-15815,-419
8823,301
3749,-6268
1333,-9130
-9230,10347
-3342,-4810
92,11537
5563,10771
-7045,5492
-4873,10695
-2456,538
10459,-10955
-4349,5395
507,-6048
-5253,7269
11334,7578
18475,521
8100,5110
-6454,2634
3510,-6251
-8204,2449
10590,-6131
-5063,-1099
-4923,-2560
10367,-6106
14040,-7664
3277,-5322
4679,-4345
-21883,350
2964,2585
1130,3914
-4297,-3507
-6268,-2417
-6260,-10375
-5838,-9051
12189,517
-13092,-2760
-3828,6837
-3658,11031
5991,2008
3167,9735
-5214,-839
-19772,-6453
-786,8091
-923,-1926
9475,5848
-1548,7341
7339,-5104
6171,7218
13995,5593
-2497,-2864
-8550,10625
-7199,-2270
10836,3441
4591,3275
13078,-12089
-6593,-9893
4905,-4547
10146,-5799
2851,9335
-3613,-1374
692,130
-8405,-806
14200,-3305
-8515,-9957
-12416,-9276
-5877,-10519
-2291,2669
6215,3139
9568,5429
-14666,-6545
3275,3747
-6071,1118
-7134,5520
-8740,2995
-13355,-1188
-2741,-393
15977,11627
1319,-7255
4524,3933
-5858,-2919
446,6672
4875,18513
2053,8669
-4978,-4540
2953,5664
4855,-12666
8965,4815
-640,-6903
1530,-9042
1271,4976
14519,9469
10152,-736
-1503,4522
-3281,-19634
-4971,-648
-5393,-1121
3779,-3713
-9504,-8216
2675,-5116
10384,-7094
668,8521
2645,-8146
-11179,-1547
-16561,-2039
2168,12496
-8040,4612
-4008,847
1124,-13182
-8226,-3103
6610,1751
814,10705
-8549,-2765
3772,12624
5,5793
3029,15297
5917,3284
-10177,-10022
-1606,-7769
1723,9506
4036,-1366
9651,11967
8574,-10476
6982,-916
9817,8768
-368,624
-3489,-6280
-7911,-33
1398,-11727
1464,12389
8195,-8694
4098,-15864
221,-10379
990,-2866
-214,4733
-9851,11343
2233,-11292
-10007,3860
-1018,-676
-1487,-698
-10502,-9035
-4870,-10229
68,-3084
-8430,16732
12575,8225
-3959,4873
751,-4698
117,7143
-10935,5771
-6961,7450
2215,-4555
-7243,-2101
16224,7306
4190,8210
8869,-5370
7648,-15
-95,-5841
-4071,14494
4587,12566
-4984,-6007
11032,-6315
895,-6980
4545,-8977
-206,3268
5259,-16573
-638,-4343
5321,10223
-2271,3173
3084,3552
-5171,-10149
-221,-17562
-16927,5559
-3813,-2461
-5836,-4114
3202,-1733
5127,-5270
1564,9470
-8427,7232
5022,-5640
-16261,1889
-3063,6194
-9275,11269
-4580,7459
8761,-7697
8678,-6389
-5484,1618
9824,9032
-8481,4796
10178,4105
5074,6958
-2643,8751
1915,5883
6644,-7184
-3455,-17212
10215,-91
-8650,-1180
7241,4776
11672,19
10921,-9654
1573,2006
-2172,4304
-12365,-11261
1713,-284
-7320,-12140
-2128,508
-5205,4990
8230,-12027
3727,-9766
1968,783
-11414,-2655
-10682,17922
-5836,-472
4566,200
-10389,5308
-895,-372
-8022,-4144
1964,-1035
6237,-8722
-4510,15532
-3722,11050
11622,10378
608,1333
11344,1673
-9174,-575
-11791,5721
6243,-5384
6081,-327
6175,-3012
12384,7694
-2069,-5367
16344,-52
6265,-7474
-8987,1436
-6182,5113
-5209,1577
4016,-11721
12651,-1236
-6727,-17616
-2802,-562
257,-6926
2130,-5441
709,6280
-8266,9185
-8707,-2533
843,8417
-73,-16983
-8221,87
-15323,-189
-5334,-1522
4297,4951
9999,7858
4172,-1647
-8661,16288
1170,-4480
1166,6017
-6165,4149
-3765,4516
-7870,3454
7515,4268
22552,-9716
1835,3294
3465,-5542
-1268,5734
392,2235
13802,8236
-1634,-539
-8346,1222
8566,-10185
-831,-8898
8757,-12242
-3075,-1085
-10234,-7757
8030,8568
11273,-2330
-997,322
-2259,-1666
-19574,-6727
-4084,-5957
-1907,5396
-6282,-10215
-7397,7366
2283,-3932
5291,-1667
9800,6439
-9801,535
-11600,2150
-10855,16730
6593,-574
-524,12094
-188,-2799
-3388,-8369
4588,1572
8733,1241
8568,1622
-9696,13319
9345,-22
4181,10590
11123,1999
2172,-6800
-11399,-8084
-4833,-5919
13710,-3591
-399,3642
14645,-5101
-3344,-3789
4472,-4550
9316,1553
-5927,-3485
-16593,-2875
-4296,-3032
-11434,-2642
14854,996
-1785,-5825
-5961,-14201
-3206,201
396,836
-4413,10127
328,12130
-16891,-3136
2114,6318
-578,4367
1770,-6896
-9613,1550
-3499,-6257
-573,4169
14915,20194
6046,1681
4655,4296
-5573,1219
7487,-2569
-5266,10268
1550,-1303
-4965,-9296
4117,3558
14869,-4572
16015,1384
-3002,-5803
6535,-10649
-10670,2184
5108,9342
961,615
-7963,-3472
-1489,-15023
4840,-6417
-6341,-5625
8226,-3208
-14421,-8931
-1563,2631
5046,9685
-1453,9332
-3777,-1598
-6094,-5385
-18207,-10170
2887,11870
-8044,1041
-653,517
3544,1101
5908,2029
6338,9701
4961,11711
-10929,-10328
-2900,10840
-4022,5005
5691,9424
3374,3344
7584,-14206
4142,-10613
8040,9657
5412,-4494
1466,9742
-595,-5168
7486,1709
-1557,7887
5988,-3875
-4268,-19146
-7648,-8360
2795,-11935
-815,10934
1370,-1662
10061,-5166
-6313,-6355
2436,5483
-5870,439
-17109,1576
-4457,-10853
-8989,2597
-3951,2652
9945,9118
-3738,-11742
3142,-2608
861,2166
-10586,15145
928,12877
-3529,6028
-2421,-6820
6045,13095
-1612,-4920
1590,73
5468,-8104
492,-3695
7901,13419
6293,16499
7899,-7621
5248,3697
1381,-12914
-5519,4299
-4191,1313
576,-12511
5058,-8976
4671,3342
10407,-6451
-1123,6077
4927,-16454
-4581,-4283
-12593,6927
-6266,7003
-4726,-2920
-4155,-5988
8665,-15111
-11758,4468
-392,-2568
-746,133
-5349,-1438
1583,12589
-2828,12652
-9619,9980
9666,-6217
-10257,-6035
-3011,-1171
-3855,12132
-1603,-1441
12110,4775
14627,65
-1637,6742
9221,10456
-5222,-2302
3227,-7749
-2333,7848
-3257,-2508
762,6670
14921,-9497
7517,-17731
8838,-122
-6547,512
1157,-2045
-2161,6407
6258,-9256
-8273,5639
-4010,1168
-3247,-15697
1037,-10255
-5616,-8684
-1443,-676
-13257,13565
11996,-1829
1821,739
-2326,4365
-9103,1774
-13368,4329
-8556,-2106
7941,-2552
-13244,6762
7925,6754
3556,2073
9531,-2601
9228,1244
-6126,8006
-13261,10506
9947,9132
-2321,-3280
12724,928
-1927,-1611
-449,-8482
9544,-4240
11065,-6199
-2673,-279
5435,14851
-4240,-3257
12944,-686
1857,-6073
-6352,-12525
-14894,-860
-1205,-5948
2206,-11829
8563,6814
-3522,-6678
358,3039
-3429,308
5675,-7352
-15488,4504
-14129,7759
-10270,-2635
1279,7806
7887,-9052
3510,-525
-13751,1360
6966,1569
-1333,5640
4152,13424
-852,6359
-9546,12227
4253,-2656
12982,-1590
-7171,-7650
3422,1516
-6333,-2055
10211,5871
21368,2739
4069,3198
-2018,-2730
2771,2314
-5523,-11576
6824,3738
-8764,-7453
-7295,-3948
8379,-2828
11921,-7742
6305,-9648
-2964,3600
-14426,-11650
-2120,11941
-342,1770
-3892,118
-10993,754
-5765,-7259
1331,-10853
1675,6783
-3544,-9960
-9968,12291
-1997,7225
12007,8711
1073,9093
-4308,2374
-9488,-7650
-9788,8490
9877,-4089
1887,8814
-1363,-678
11601,1735
7771,691
13553,6370
5392,-3257
-17346,3902
1503,-1982
3603,6978
5171,-4721
9137,-3020
-4865,-18152
2217,-5545
13722,-2830
-4908,1106
-86,212
-7186,4198
-1506,-6091
6543,8566
-5108,-13937
-15768,-9960
-5950,-5379
-4971,-2014
8382,6812
-331,8679
-2030,-10171
-3764,11570
2598,404
-6814,5793
-11055,5526
-12096,-3639
2131,3586
6054,12571
15318,-7586
-4268,2937
3252,-5970
3426,6597
2497,16006
2194,6821
101,-2165
-5917,1543
17522,-6965
-1257,-62
3274,-11419
-49,-8710
-429,-896
11560,9704
12830,3542
-9155,-4475
5624,-10060
-12102,-4613
-2179,-2021
-3826,615
-9488,-13232
-1898,-3438
11932,1826
-2222,-517
6751,1646
-14764,-6642
-8241,-1075
-6287,18754
-2975,3952
-7445,1220
1851,-4317
-3960,-10145
7986,10144
-2656,3453
1985,-3314
-5066,12214
9292,7970
2397,13893
4322,7438
-2858,-16485
-1475,-2842
-3122,1942
11719,1615
-2378,3643
15197,-8038
7197,-2972
6425,9217
4626,-3043
-4939,-4472
-12787,-8831
5923,-633
-9719,3834
9750,-3129
2570,-16483
-1824,-12026
2967,-1806
-2256,8089
-12310,627
4101,3173
-13378,-3220
1080,9002
-3676,1838
-8084,-11671
-4238,-9158
-1242,2540
-6271,6601
9783,20645
-615,-4621
6159,2457
-1530,8570
-3991,4567
-7431,4501
-264,-989
-609,-10371
8164,16837
7729,-1047
13011,-2333
3931,-5892
7392,-4712
-5769,9519
-1798,13802
3023,-11117
1069,-480
3282,-11620
4945,-2126
-6702,-7230
8774,-12676
-2070,-8911
-2995,11373
4227,4642
-4949,5981
-487,-13172
-205,-5042
-19873,-3956
-4569,5768
-5611,-7212
-1924,-2313
9943,1239
-3213,10977
-984,2077
4484,5145
-10338,-8836
-5200,15388
-8178,10213
-5064,4561
11694,-2841
6381,-5656
2830,-4271
2807,14957
1713,-8213
6757,8017
5143,5462
-915,7416
1389,7123
4191,-7762
6079,-21195
-3680,3084
-846,-9046
21,5817
9538,-4071
13212,-6758
-541,2116
-6830,4329
-1582,-11158
-11723,-707
-109,-11409
-10850,5462
-7724,663
9795,-5110
5119,-10753
-2572,637
-1879,2406
-19650,12198
3590,2479
-673,6979
-7855,1384
-2146,8810
-2694,-6588
392,-5164
12352,-1780
-10562,6612
3585,11888
6629,13176
10412,-4947
6884,8636
-3918,-2507
-12098,-1394
7216,-126
2214,-8602
9243,-1373
841,7916
9638,-10933
9180,1443
10111,-8059
-9171,-3411
-10745,8756
-7361,-3345
8004,-6491
-1704,-960
3501,-15106
-11975,-1973
3284,-7133
4060,-6026
-4549,8391
-10202,7465
-1867,5331
-7959,4824
11743,-7201
-15274,-1689
-12894,-863
-3329,427
3390,3822
8561,6058
9637,7291
-12300,5375
12534,4816
-1026,1581
-2121,1957
-6736,7243
-6416,381
6597,114
23803,-20
298,-10453
7017,1053
-4161,-1995
7083,-1031
5967,10122
-544,-885
-9749,-3261
5388,-332
1935,-18746
6346,-4614
-10733,-7889
-3739,-7715
-1506,7694
13828,1851
-157,-1644
-8350,5980
-12077,-11845
-4384,2466
-8325,255
-314,-2908
-16503,2963
5785,1713
10710,-1652
4894,8990
-1972,-2986
-10187,7368
-12032,7481
13178,11466
-5803,4902
1120,1531
1561,-8080
2684,-1379
13750,-1995
6253,4743
-9786,-1598
11119,11443
4066,1822
11512,5504
1876,-5589
-12214,-12763
-3009,-8552
7408,2081
584,-9316
7065,5553
-2141,-11894
6537,-804
6359,3530
-4840,-4816
-16046,-5137
-12313,4062
-3956,-8312
4297,12358
-313,-10484
-2929,-9508
-6004,-1395
4776,3295
-1478,7863
-8612,15262
-4275,-4793
-4728,14035
4492,1668
5064,178
-12278,-6411
-538,-3661
4411,1741
5936,17910
16474,1873
-1303,4730
1599,-4800
9438,6403
-5624,-642
-1214,941
-2609,-10668
-3627,-1516
20045,-71
8041,339
2560,-14461
2395,-2495
-6470,-7711
-226,13234
89,2934
-12379,-8022
827,-7653
-1895,-3622
1094,-10178
-2802,3499
-7185,-16524
-5596,6063
4267,14054
-168,7874
-1310,3474
-10032,-3560
-4523,-10038
-9329,16072
360,-2556
-4143,1362
2684,1193
10589,3106
9765,11142
453,7737
4231,-9716
-13303,7729
4511,5122
1432,11151
1229,-1610
9279,-12228
7275,-10576
1398,2570
14494,-852
-8990,-285
5696,-4675
2198,6373
-1249,3441
2850,372
-1842,-17802
-12774,-15867
5572,-1718
-10020,2359
5057,-259
2578,-651
582,-8834
-1511,11013
-2780,4547
-16702,-6416
-4118,129
-12781,-2002
1186,7774
-118,11448
7817,-13438
321,-1961
4086,5808
-5640,7958
-808,18113
-3507,-87
6131,-440
-4427,11732
9669,-2745
-2165,-4892
5727,-8998
5142,-8250
2969,14660
4102,8752
15277,-1419
-3323,-4361
10113,-5469
-10144,197
-6877,-1415
1589,-13054
-198,-7751
328,-1709
12469,4569
-6617,-6435
10812,-7727
-7283,-6216
-12843,6023
-8349,10750
-6401,-376
-4417,-9880
7610,709
-11882,-6378
2269,5346
-2367,-3723
247,-2785
-1731,15819
-1754,16299
-4132,4004
7415,5853
-3490,-15046
-2392,6099
-8292,6061
5677,-2871
7429,1931
14608,3281
5274,1058
2760,15010
3913,-11542
3485,-2494
-8857,513
768,2265
-5654,656
12000,-6952
13696,-19094
-1243,894
-1042,-5612
-411,2652
-6120,-3893
7936,2493
-12500,1944
-7705,4797
2701,-12078
-5460,-10629
-1863,-10152
-6298,7270
-12760,1197
11894,10514
3929,-2467
-2562,7417
-4751,7124
-13664,1706
-2025,-4128
1573,6455
-8008,-3907
2724,16287
8178,-3375
13270,-3210
10086,3146
-5330,4307
-6456,5433
1344,13563
7987,-10538
3268,8246
-525,-6224
2601,-8931
6876,-7348
9587,-8114
1414,-3698
-8269,14660
7434,-5909
4517,4184
2989,-8397
-5559,-6715
-18506,-5614
-4141,-4892
6787,-9682
-5730,4890
5273,-2978
-6101,5608
2248,-3696
6839,2345
-14741,-447
-17470,9545
-4274,3132
-5847,3401
15320,-1415
-2763,1216
-5446,-5870
5402,8341
5315,-1278
1310,12341
1797,11908
-10729,4538
11302,3323
7162,-869
2313,-13887
-6467,4209
58,-8873
7503,2311
18713,6784
3632,-3479
1504,485
-4094,346
7078,-12837
-7205,4535
-5803,-8911
-10991,-5030
3402,66
12536,-8800
7938,-5345
-12268,-1284
-1129,-7684
-12534,9377
4079,5047
-6356,3953
-14141,1654
-3439,-4633
6185,-4387
-5410,-756
5697,-1906
-17192,4496
4771,8990
11681,13639
3184,6772
-3188,3336
-3761,-2152
-10886,-2767
14307,6229
-4748,-648
2886,-1464
7193,3856
14163,-3249
12231,4288
6103,754
-15520,-9635
966,7317
-1113,174
8390,-2129
-2247,-2456
1431,-19022
-23,-8458
9946,1960
-1929,-8539
-5532,6934
-10134,-1124
5689,2136
-4103,8166
1139,-8636
-16815,-12373
-10339,-1628
901,-4562
2612,12464
-2986,2198
6330,38
-8182,5332
10705,8452
-4995,3574
-14227,4216
-5961,-3442
-500,8159
5323,4980
18701,3794
-5770,-10505
8740,-991
5511,3666
1295,10926
3498,6294
-2543,405
-3209,-7021
15024,6833
-1066,-12921
2365,-8263
-3001,-12214
325,-4700
8458,10017
7545,7138
-3495,-12690
-907,2288
-6913,-11890
-4035,4290
-10585,-1960
-7156,-12410
-4963,-2783
6338,8126
6995,-4210
-2094,8037
-5794,-12527
-6357,6220
-10441,14983
944,9872
-7718,-580
-2485,-523
8171,-8669
-542,11266
4939,-3385
2695,997
-5697,1971
12075,16054
4490,10656
145,5499
7180,-13575
-7920,-5349
1953,-3052
5846,7097
-2265,-10474
12029,-1037
9384,-4945
3049,5728
8598,865
-9807,-8935
-7235,-12154
-4436,8859
-6207,-4739
1439,4120
3713,-16579
-1620,-13725
2967,3521
-6069,5430
-4458,-2332
-7230,9864
-2558,-5159
-5830,16909
-2036,2815
-3768,-11779
-4170,-7131
-4051,1680
2944,6394
-2878,19574
13172,-5523
2684,5890
1762,7165
787,6701
-6634,794
-3651,-4370
7793,-6506
-5214,11198
16880,406
8127,-3562
7631,-12602
8013,-505
-5022,4839
-7307,8243
8050,-4154
-8468,-7654
8203,-4487
-3200,-688
-2371,-14560
3720,-8315
-139,-10897
-8114,7202
4498,14577
-7935,-1673
5631,-4931
-7356,-1076
-10925,-6002
-12978,9199
-1781,-7167
-2543,-5788
7133,11179
-1977,5034
6330,7039
-894,3123
4279,-7951
-13471,15239
-4729,11365
-2358,1105
8138,1691
8707,-9542
7945,245
-5289,5525
14783,-6529
-545,1451
6447,6387
309,7273
-2504,6793
5803,-10975
9451,-13945
-12922,-8146
4250,-1703
-7781,-2857
9840,-4105
11657,-2654
-2807,1887
-6599,2000
919,-1803
-14225,-12300
577,1835
-17473,857
-6000,2078
6462,-284
8076,-9776
-1456,-1738
-2720,11642
-14431,-699
4234,13345
-2767,3562
-2253,5426
-7632,10768
3626,-5408
4544,-10020
7150,4268
-3743,-4537
686,16967
5781,5541
18982,42
404,5423
76,64
-7526,-6951
-604,998
8085,-14201
1663,3229
-3713,-1316
15152,-3187
4618,-6725
11159,-3671
-6467,-5256
-19081,6724
-2065,-3646
1953,842
-4655,-7863
3121,-1244
-13251,-11217
3960,-2893
6536,-4413
-9566,5339
-6700,9048
-4984,12562
-1775,-2416
9434,8487
-11921,-9284
-12448,1829
-2269,1291
3999,264
10491,6325
4002,12007
-713,-4019
8381,14028
6832,-5886
-1639,3554
-10520,5096
-4507,-1784
8358,-1194
14391,2956
11012,-16371
-3294,3307
2706,-9808
7787,1265
45,5394
-1406,1562
-8126,-3615
-4217,1010
13003,-16228
-6013,-3673
-7678,-13050
-5616,-2313
-4068,875
12138,8453
2839,796
-15346,3797
-391,-4606
-10707,2704
-3075,-2159
-5802,5825
-14492,-5130
3832,7700
16004,2110
2521,2962
5552,2741
-12965,3341
-1811,3407
5614,19309
488,-1931
-3556,4189
4753,-5507
4605,-8392
15600,1474
135,-1555
-382,-6981
-571,13723
13594,-1268
5871,7011
373,-4170
-9381,-16909
-3613,-5767
-854,-1570
7634,-8420
-9302,3202
6663,-10585
3183,1416
5108,4165
-2274,-4035
-15919,-3457
-18444,902
4843,1366
-8965,8608
6469,-5172
-5330,-7434
-3129,-4111
7216,6658
868,8403
-12397,7499
3807,6664
-9505,7259
12049,8531
1420,1808
-6774,-12869
-1811,-2594
7096,2373
3775,7444
17109,11139
-2596,-6218
9074,-275
3881,6928
1907,-5221
-8094,-916
-3265,-8957
-3417,-9267
13907,9674
6070,-8347
7055,-10917
-6112,-5795
3357,-6402
-7710,11203
-3125,6502
-9119,-11077
-5554,1293
-1395,-6192
5247,-1997
-12344,-4194
1963,-11122
-9522,2760
2420,17640
5257,8994
-4460,7034
-5786,-6654
1801,1543
-14363,5326
5619,5308
-6592,-4833
2439,766
14463,6266
8678,10776
4404,-283
7322,-728
-12243,-6695
5442,14449
-2042,5849
1186,-4266
7799,-9805
6465,-10070
3824,-5265
8841,6637
-5372,-15690
2762,3116
-1600,3901
1091,5282
-2268,1901
-2300,-14949
-7785,-20055
-5209,6939
-4887,-6500
-302,6049
-623,-4444
6975,-1927
-4684,10925
-2346,8517
-7346,-8931
-13434,4312
-4435,-3936
-3514,15361
-2306,4375
14065,-5307
990,-7326
4165,7862
3561,6899
-8243,13793
5346,-2199
2756,6757
-3694,3040
10318,7152
-271,-13991
3721,-10873
9167,-6672
-4566,7835
8292,6001
9284,3556
2365,-14071
5244,6162
-7776,-5657
-9751,-3638
451,-9772
-5404,-11090
1682,-472
1681,10516
3571,-14306
3721,532
-2334,-8530
-12894,7059
-11484,13547
-7000,-758
730,-6508
-3751,6634
1313,-7802
-5787,8002
4036,-7885
3341,-903
-4319,14705
-1376,16823
4459,5835
-957,4569
11110,-11531
-10655,5503
-4230,104
6184,-959
6108,-4548
11786,3748
11104,4037
-4700,6143
15525,-7240
-3330,-5344
-5747,-4145
-5505,8071
-5539,-5856
6952,-6505
15702,-11852
-7327,-8168
3729,393
-6742,-1361
890,-7488
-1828,10534
-8854,796
-11492,5945
3842,-3182
-4697,-16819
-255,-2212
-13938,4220
-2283,-670
1945,13434
12379,-815
-2886,7944
-4763,12653
-6958,-3743
1549,951
-5672,2250
2252,-841
-8934,12369
16544,-2268
15008,-4806
8104,2801
-759,-227
-3746,6554
-4652,4438
16593,-1988
-8315,1680
2972,-3134
1950,-9420
5259,-11388
9328,-9689
-16,-977
-14442,2756
12049,6089
-1335,-2871
5871,-2199
-9467,-3122
-16894,-8815
-5690,-4499
4873,-2707
-8484,-5029
3608,10635
-6591,-1947
9365,1638
3117,5259
-8336,-1346
-18730,8161
-5364,10063
-424,-4153
10606,10680
-2168,-5834
2141,-2487
851,4139
14341,-1169
47,7421
-2849,14823
-1768,-1537
6787,10270
8570,-7068
6855,-7906
-14763,-5841
5182,-6509
6166,-3267
10676,6970
9094,-5191
-4268,3218
-1518,-6437
10316,-1940
-13671,-6356
-6557,-1793
-12792,-7245
-2436,-32
15645,-4342
2317,-2188
-9180,-9059
-658,4517
-10464,-1836
2951,14293
-7495,4805
-14728,1133
-224,966
4603,39
1062,-8158
-351,7683
-10277,-7910
4439,14644
11569,13118
7000,6005
-1902,4160
-4424,-126
404,-9094
3415,12081
1331,-10242
-1263,1128
4422,-637
18945,-1501
11499,1458
1073,-98
-4339,-13696
-11126,8445
5046,-2972
1940,3685
-7434,-8491
3155,-12407
555,-10840
3143,1163
5940,-6934
-17075,3484
-3098,-1143
1725,11799
-3615,2699
92,1522
-13223,-13897
-13801,-3536
7009,2515
-5506,7696
3134,1367
1748,7552
1141,-1877
8969,17006
577,1656
-14360,-1558
-2853,2567
-4044,3983
11328,4804
8344,7504
5987,-18833
3893,1561
9907,1237
2264,4820
892,7844
-5558,-3801
4238,-4764
1444,9001
9663,-15006
-6812,-9244
-2378,-14885
1182,-5721
3294,10557
2545,4610
4339,-7888
-12233,358
5122,-5585
-11752,4739
-10685,-4288
-7300,-8549
-6863,-2124
2221,8083
13969,4534
-9201,-735
5930,-5388
-9458,5857
-5990,12140
-1245,15203
-5265,-1866
-3801,-2749
13126,2735
-3248,-310
11370,991
-1612,-4069
2303,-3236
6077,19539
8197,9577
6,-537
7508,-4518
-6453,-15369
3548,2390
-3796,1357
4995,-13940
1450,-1439
11944,-2502
3734,1581
3838,6462
-5970,-16665
-5709,-5392
-14693,5144
916,947
-9810,1462
5552,-11813
1612,-13310
-2393,7153
-2107,913
-1855,3248
-13078,1993
6102,7411
-11889,13449
678,7330
948,-10037
-5692,-7702
-916,-833
3540,12523
-5483,5261
18598,5747
1889,-952
5618,9703
2420,8121
-5169,-3974
-1844,-8858
4395,1438
-5630,-2371
13744,10555
7390,-12674
11619,-12119
4240,140
-3405,2090
-7074,2530
997,3202
-3688,-15851
415,7674
-5114,-5879
1709,-11684
-2651,-10623
1770,-8648
-7328,4194
-5093,19831
2144,-5679
596,4700
-5986,-3777
-5505,2713
-17757,3000
567,-3216
1312,-6848
-2272,13063
7948,4715
3352,10565
4468,-4893
9528,2261
-14492,5480
-4841,14716
1958,256
1869,-1434
15019,-6866
2513,2286
-411,-6646
13681,1314
1787,-10814
2807,9154
344,8618
-5635,1867
9571,-7791
2875,-9876
-7412,-16571
-6014,6539
-4066,-12739
5660,-1562
8439,672
-3143,716
-3908,4555
-4431,1522
-2231,-15750
-12200,9705
-12452,-2600
-8606,5927
3946,656
11389,-7167
1981,-254
-9037,10950
1316,-2169
-5338,13992
4917,2511
-3740,11068
-8789,7006
7329,-2096
10038,-10366
-595,-988
6920,-2729
-9045,10249
13132,2181
16498,5731
1374,-1370
-1145,3670
-2676,-7231
-6406,-7304
12318,-7157
-9549,-2865
-121,-3577
7965,2580
10273,-13230
6401,142
-4523,-2721
-21218,-1636
-532,5447
-4890,-1460
372,-5006
-8760,5130
-3326,-14094
259,-1123
7787,-884
-7894,-739
-7469,15256
-7238,9621
9880,2637
-1437,10962
-130,-7747
-15304,312
-1404,1449
8314,-3111
7878,8644
-129,6098
11114,924
357,7535
18358,-2294
-5066,489
-12140,1393
-2571,-2234
6387,7
8417,-3210
16000,-7389
-11407,-8893
10125,-5569
4068,-1053
-851,1184
-4870,4328
-8930,-809
-6415,-4243
14287,-1416
-10820,-14092
-5230,-7008
-11042,-3629
410,-1538
6942,12117
3117,5591
-12264,-2365
-103,9023
-6871,-5234
38,5108
-13398,3563
-6581,-5159
-674,7781
17251,7055
9008,-3368
1625,8838
-5876,-6084
3508,8699
-1639,13156
7769,2062
-8923,-256
4072,-2466
12105,-11374
8018,2565
2721,-10708
874,-2767
-6970,2416
18486,7868
1426,2200
-2833,-2592
-3971,-15363
-9398,-5421
-82,-6116
3503,415
-14169,-9919
7308,1408
2799,-1446
4633,5710
198,-132
-17576,-4155
-14212,-2189
116,14338
-6962,-1674
3073,6501
-3647,-10588
1503,-3560
7829,9018
1354,6689
-6183,1078
-2645,15237
732,-478
7961,17896
2246,-2715
-1201,-12986
-3949,-5316
6443,1792
9135,1604
4655,12606
8345,-12558
4751,5273
4476,1620
5535,-1282
-12393,-7553
-7064,-8035
1590,-8858
-616,9532
13167,-9052
750,-7362
-4303,-13179
5033,2957
-9061,4956
-8124,7974
-3943,-5929
-14220,327
5678,-271
-982,3658
-7505,-13395
-155,-1794
-5511,-2943
-502,18339
8773,14945
-6292,2001
2994,-2163
-2647,7047
-4211,-2511
-2084,11083
-1300,-11314
1034,-881
13886,10870
8905,5009
10976,-749
496,-1272
1635,-11944
-5947,17149
1203,2032
-797,-5536
3508,-8074
6129,-11240
7525,-3995
-2945,1807
7082,-17000
-8992,1980
1229,4282
-654,9573
-5737,1265
-2317,-12845
-2555,-14216
-16109,1856
4028,-386
-10366,1812
3829,-4452
6019,5927
-2738,9025
-1896,9856
-144,-3157
-17276,-4481
2297,6847
-10859,11390
3474,2641
10301,-78
7849,-11229
3466,6361
7007,11070
-7384,1
8699,5362
-2525,2643
3494,3491
813,9426
7341,-17390
1546,-14997
6075,-2470
-3697,-2963
5763,10473
3344,-2457
11711,-9856
-6391,6464
-1152,-3265
-11467,-7016
-5015,-6736
-3400,-14040
-3129,6330
-5444,4916
13264,-6100
-4288,-4564
4766,-2227
-12473,6558
-14852,13314
-2695,-212
-56,982
-7591,1193
8052,5223
-9446,-2766
10608,-4094
4276,-1702
-4816,11010
600,16622
5750,10285
1349,-5176
13544,2766
-11576,-5953
-1475,1981
2986,-3751
7748,-9272
8698,2827
7916,8408
393,-5728
12785,3254
-1157,-15044
-5137,130
-14081,5909
-2614,-6197
3027,-7361
9192,-4890
-1063,-14346
-4244,7505
-2614,-9656
3709,-1233
-10031,7425
-4971,7394
-12122,5140
-620,2409
5709,-16443
-8512,2749
-10447,-2420
526,6298
-1517,4266
16464,8055
-553,6290
-7419,12629
4741,-2158
-2405,1337
-1788,-4189
-170,8275
-9777,-1054
16946,4778
17760,-7468
5665,-1404
4312,920
-7064,3143
1090,-3579
9054,8598
-6506,-8899
-2492,4102
2447,-10734
5353,-14806
8130,-7482
-6446,-2493
-8371,-3929
1069,14506
6794,-8197
146,6136
-10489,-2500
-13096,-8220
-6344,-2921
-875,-989
-960,-6206
-10288,14573
5250,-4187
7822,7412
4508,3062
-3259,2221
-17259,5723
-8872,9734
10414,-687
-2177,9716
7250,-5763
-128,-22
4507,-4309
16781,2912
1568,1893
-8387,9838
6845,3709
-1217,4863
15804,-4512
93,-4556
-11279,-16171
1065,-2141
7677,-7039
3946,1434
9960,2314
-9359,-3710
6029,-3078
2496,3066
-6526,-12295
-16095,3082
-11011,-6897
-4628,-2574
12969,5354
-560,-6425
-1801,-6092
-8684,5799
3562,-3352
-5612,16784
-5312,6640
-12106,376
-1390,7569
5765,-1613
8944,-4133
-10946,1931
3706,-7444
-1890,11476
14097,12916
9815,6373
-2916,3930
-2613,-3406
8846,-3050
-6849,1833
8555,-5761
-9637,-5036
5614,-2916
18432,1905
10495,-1043
-705,-5490
240,-6281
-16441,-3697
8147,7058
-6944,632
-6194,-9385
-1588,-6565
2886,-10186
1431,-2958
4616,2055
-17394,-9266
-1084,9214
-3126,11156
3316,5475
-6494,5574
-7428,-11363
-10791,-7174
3085,11370
-2100,-2372
2662,7835
-1954,2815
13184,2731
3498,15346
6299,3531
-9143,-7255
-8156,5905
1494,-1585
8828,10669
1844,-1613
14840,-12648
-1115,-6345
12625,3110
5357,648
-6576,4968
-1723,-6946
1907,3347
-3434,311
12229,-3100
-11351,-19037
-2581,-12549
1525,-4557
-2837,7705
3259,3283
1559,738
-9725,-8555
5351,10570
-11592,-2313
-10288,-1853
-8933,-5795
-7396,-2465
3249,8701
9135,12832
-398,-11626
4106,5802
-4044,-740
-2403,14564
-4951,14420
-2197,-2052
-428,-3692
6185,9581
7885,-8227
4376,4717
2657,-13690
5936,-907
379,14468
9527,11168
3707,-3595
-975,-2675
5013,-16565
-6274,4892
-3393,-7247
4235,-8826
-4050,-9433
9966,3395
6767,1944
-4409,3641
4262,-14011
-12704,-2856
-12386,387
-3508,12197
-10849,-6666
2727,-4781
5473,-8612
-6627,3339
4865,4670
-6139,2584
-4873,-4115
120,19677
-6094,7465
-1344,11860
4825,-6638
-4044,-12444
2627,2494
-2736,10345
4767,-2817
8686,10873
11404,-5841
3668,11965
2902,8095
-1206,-9103
-109,-8412
-4812,-78
3220,-4305
-1663,10376
15313,-15711
9071,-10425
1792,-1861
-1697,1330
-6053,1471
-8047,-35
5683,-9026
-14145,7322
793,-3382
-1149,-8027
-2743,-15018
1287,-4664
-5873,5503
-12114,13623
11501,4337
-6185,1379
2059,1437
-8679,8628
-12481,-3488
-1038,-284
4214,-4084
-6215,5323
11856,14633
1293,2266
14789,-3676
4495,5259
-5563,-488
-9579,14009
3706,2089
2228,-9313
12563,2563
-913,-5136
7490,-6761
4069,-1865
11585,-13762
-4888,6842
-2316,10944
-2590,-3000
5884,-585
-33,-13309
-1513,-10476
-19098,508
4249,-10147
-690,-4011
4480,3646
-14,1820
-5863,8692
-3579,-2496
6025,-4805
-21302,1741
-6569,5649
-12193,3832
3771,1104
14225,-2771
1858,1908
-7295,3066
8006,7624
-6472,611
9086,11213
-7125,9213
-5780,4791
7935,697
11712,-9053
764,-10490
4243,5773
-7716,-5705
14261,7717
11663,2934
5880,-2038
-5402,3961
-1536,-5250
-2068,-15044
2819,1719
-8822,-12987
-3406,2563
1389,-1444
17210,-8968
1017,-1270
-5802,811
-13758,-6025
-9317,11374
-275,-4665
-2573,4950
-14952,-75
4180,-4983
-764,-5276
6524,1880
-550,-1755
-14724,14756
387,6749
10654,12774
-2167,2408
3924,3538
-13438,-6800
-1655,509
13201,-1800
1080,4476
3754,1340
8849,8327
5851,-5173
17758,7909
-3483,-6797
-13432,-1759
-2624,-94
2015,-2394
9848,-5700
5819,290
-3879,-20409
4872,2013
5959,-6173
-1328,398
-9745,5905
-10907,127
-870,-3251
2640,7055
-650,-18271
-13526,-1577
-8901,-7906
3317,1700
2609,11412
1545,8010
-3100,-959
-8286,11543
8095,-3891
-6467,8357
-11519,-2378
-4441,301
-1414,3131
15285,9085
16988,-1310
-6067,2146
7339,-5045
-747,8519
2018,5269
4257,9074
-8103,-7138
682,-1845
16909,-5802
1064,-6571
7876,-9380
-6795,-4996
-750,-5510
10008,16167
4177,-1738
-6915,-2718
-2503,-7825
-10829,-11132
2086,-1065
-7786,131
-6046,-14297
-3992,7547
9414,-831
3878,6446
-595,4837
-13933,-8377
-9011,2910
-9146,14435
4424,550
-8987,7374
4060,-9248
4289,-2534
6916,9109
4643,2491
-967,1996
-10026,8744
13623,6647
-1654,14413
7827,-2197
-295,-12247
-4281,-9801
6032,-343
10435,3365
-4069,132
15666,-3751
-1704,-735
9487,3189
2014,1583
-11257,-13273
-10431,-8742
614,-1402
-6595,-576
12957,2602
-4177,-13864
2531,-10990
-833,7084
-3831,2582
-11441,6234
-5352,2672
-11636,-5851
4016,13420
-3660,-853
1251,-10893
-7544,-2802
3060,-2099
-1853,15153
5464,19564
1717,-4197
2796,6367
-2366,2257
5277,3048
-11033,2940
5137,-9606
241,-4933
7870,12109
14781,1345
8896,1336
730,-10810
8880,-2866
-13592,6108
2704,6520
-2922,-8131
-2085,-8652
8269,-8663
3358,-308
-3789,-9549
8374,-6241
-11857,-9826
794,12187
-3366,11054
-6509,298
-640,-8538
-4409,-7020
-12907,-6304
-834,11705
-8377,-9839
4213,2113
3611,7895
2080,9550
49,10275
-35,1072
-6930,-11897
-5568,16881
-6351,2878
3482,7000
6601,-3459
14471,-9017
4114,3125
3333,10974
4442,-7757
-795,7853
2525,-2802
1900,10380
-4502,2179
11229,-12526
1875,-19217
-1806,-3312
3469,-4546
-5678,8083
7630,-7161
9304,294
-8469,-976
-991,6004
-9150,-9774
-10650,-8538
887,-7975
-13077,5874
-1574,2098
9080,4271
1503,-13394
3360,7458
-8435,5573
-15288,9038
1098,5676
-4242,1331
-948,587
-317,14221
1683,-12225
7856,-62
7486,-4033
-3172,6245
469,17832
3699,7821
11939,-6301
1988,7721
-51,-10863
-7571,2276
3002,-8539
8827,-10870
4161,2136
1729,6216
10508,-5214
1018,1356
10121,-14237
-12573,1805
-15990,1482
-2953,-2162
578,-7456
1861,-4323
6017,-6935
-14417,1011
7946,-6519
-1179,776
-8230,3164
-7571,15318
-9253,5273
-2843,1497
12352,-4690
-13990,-4936
-3136,1189
-4623,5888
6348,-2265
11183,13947
4158,6161
-6365,7328
9307,6430
-1492,-7712
3192,-702
-10341,6397
-508,-6244
8174,5715
21207,-6913
6425,-7058
1698,4916
-4975,-6090
6058,-562
-3369,5434
1775,-6297
-13802,3084
4302,-8056
7570,-15840
2029,-4969
-7444,-7893
-4858,764
-8856,7524
16318,1649
-7893,4826
-8474,1209
-9194,-5137
-7691,-2223
-1226,-3057
547,2349
-17052,3353
13184,7234
5950,3326
9498,4215
-1727,5129
-14315,2689
-6864,5454
11038,9463
-4206,-2676
8348,4840
-1636,-6856
11566,-6079
13345,2977
3871,-1870
-8333,2239
3155,11691
2981,-5560
12715,5963
-4318,-10211
-5322,-15592
-6678,-4698
8964,-6324
2766,-3881
-191,8125
-2531,-10136
3820,6081
108,-1283
-144,-5200
-24234,-1880
-9789,-1996
-1970,-2805
3016,9825
6010,-7673
-3633,279
-7177,-2370
11224,7373
-8818,8382
-4884,11058
-7325,1655
-5620,7933
12928,243
6368,1165
-8541,-11155
5735,2091
-608,-145
13272,14952
10893,7147
-4295,-450
3154,-3085
5620,2534
-2038,-10409
828,3005
-8740,-15773
3375,-1032
14899,3807
9884,-3704
1365,-7184
-5883,-2229
-6199,-11329
-3106,16031
-5619,-4590
-8308,-4767
-6385,-5049
5130,-6688
3988,-3098
-4667,3402
-4608,-13082
-10595,13812
2228,9282
4132,13365
-8856,2579
-3563,-6024
-4126,-6402
-5173,9624
8732,-1825
-6750,5765
4402,-1781
14273,11208
5419,7516
7237,6578
-2473,-8433
-13567,-861
8624,3498
-940,7732
5783,-7597
9425,-5275
3913,-15413
9250,5340
7528,373
-10488,-4808
790,-1087
-5798,3237
2528,-926
588,4791
-4074,-24837
-7446,-10413
687,-1423
-4066,1907
2190,7837
-4416,111
2301,-5868
-5810,16585
-761,-2646
-13342,-1176
-9803,-4333
-4641,-2826
2504,12856
2873,9907
13343,-8265
-4692,2871
8413,963
-3763,14022
-5501,10241
495,-1463
1009,-1207
183,5182
17335,-950
-4506,-6037
10974,-13523
2437,-1789
270,8028
7013,12585
5143,-2470
-4545,-9619
9593,-3899
-13166,-4747
18,-5293
-3803,-8904
-1428,-13875
3265,7273
6956,6294
-4140,-4586
5517,-2022
-13382,-9821
-7933,6378
-13601,13336
-3510,-7153
-3230,-2348
6094,-1490
-1967,-2105
2731,11852
-3063,-6145
2821,1002
-8896,17237
3985,11635
-4988,9666
5928,-2937
3694,-15087
-1855,5747
-2036,1269
10050,952
278,239
19251,1346
563,7776
2231,7578
5062,-10353
-3877,-8381
-6347,-6530
2432,4966
-9387,-3247
17740,-6580
6317,-13683
843,-2566
-609,3103
-7953,354
-7116,-6233
2153,5425
-16021,-2367
-384,8487
-2528,-9983
887,-15037
-842,-1609
-6868,6544
-7979,6361
6573,15630
1127,-6510
1539,12689
-9241,6296
-4451,-2928
-3235,-1894
3544,-1915
-820,-163
2056,19851
11545,-5975
14974,2150
3688,-1146
1388,2834
-12662,7038
1539,2839
8532,-10989
-318,4601
5364,-8826
4389,-2740
3020,-12946
14194,-6517
-8357,-723
-7664,11578
2998,-362
-2809,-838
5321,-11191
-7239,-2220
-18088,-10547
2307,-192
-479,-9765
-400,5116
2299,8023
-8654,6182
4971,-957
1838,4035
-13712,-7103
-12653,15312
-8384,-755
3523,1513
14020,2919
1480,-738
840,1037
2314,10166
7515,-7848
489,16332
-4038,5280
-4200,4861
6343,1846
12085,-9984
6424,-11897
-8196,3110
4906,-11126
4157,7536
13207,-476
5583,1660
-8332,1427
-1765,-4464
4678,-12481
-10819,-2329
-1230,-9958
-14726,1743
3620,-4251
15895,-622
766,-4611
-7899,1995
-6334,-916
-15837,4474
6870,4271
-11594,6089
-10045,-2199
1096,4147
5534,-8876
4734,1272
3078,3411
-16067,3640
6921,13449
5660,12351
7432,643
-3679,9023
-4450,-10459
-2002,-2989
12097,2301
324,-5761
4279,4556
2029,4064
18585,-5395
7138,8181
3389,-8115
-14650,-5799
-6910,1986
2619,-6351
7291,-404
-5189,-4624
6837,-15309
-5197,-2201
11804,-3858
-2945,-513
-14757,5209
-9161,743
576,5024
-4549,2547
7382,-6101
-20835,-8838
-3040,-4786
2782,3609
1295,8572
1574,8584
274,5907
-7394,2769
15116,10300
-8943,-616
-6761,-1085
-7725,1143
2072,-329
13244,8345
16349,4098
-2384,-11127
9005,4608
178,-1491
6503,6485
-4734,7398
-3689,-8520
-2066,-3392
12547,1152
5563,-15950
1497,-3369
-7539,-14727
3945,-1410
-649,12747
8103,2484
-8715,-4530
-7261,-1766
-2350,-12532
-5005,5288
-9803,-7121
-2813,-6134
-11575,678
13941,8254
5228,5489
-3920,5609
-3824,-7598
-11161,6920
-7292,8031
5489,12493
-12157,-3818
6838,-764
7516,-3134
6010,5667
9993,1790
-2930,744
-5019,-1329
11033,19219
111,2930
6598,3977
190,-13873
-2799,-13626
5607,-294
4246,2673
261,-10789
6220,5557
4141,-8885
6979,9950
-729,-130
-7963,-14392
-12297,-8665
-6676,2490
-482,-4055
-1276,9139
3299,-18413
1643,-3894
-2675,4380
810,6143
-11266,3474
-10799,5018
-627,-2410
-7528,17637
4642,-2009
739,-5131
-6527,-10920
6358,4060
190,10729
60,16127
12300,-404
-3587,4461
6742,2162
2409,9117
-7790,-9544
2844,-4636
2026,-8454
1795,7191
18044,6276
3587,-5233
8898,-13041
2060,3326
-7138,-3734
-5320,10946
-2339,-9402
-5283,-11313
6246,-114
-1816,-3248
3198,-11016
-2484,-3324
-1010,-14539
-8187,16688
-2884,12359
-4559,58
-1472,-1967
-5953,-5969
-3801,-2812
-13522,10287
4199,-10943
-2667,3018
5022,8402
5958,11995
1362,10237
906,-1559
4697,-6614
-16334,10620
3443,6016
-3218,4488
8523,-7174
15307,-4557
5201,262
1263,4210
12200,-3216
-7938,-4252
8153,3735
-6315,9652
-1681,-2068
7185,-7367
3994,-20204
-5919,-8767
2963,3341
-10101,-5019
10448,-442
1318,1322
-1538,-877
-8050,10902
-4103,-8281
-10139,-12631
-3313,2517
-14075,-1720
-170,9046
1942,2448
13945,-10289
-3318,8378
-2756,7892
-10108,4048
-2260,10696
-653,-2795
875,8653
-8025,8363
14236,-7059
2742,-6330
10789,-3217
248,2453
-4452,15639
7371,2739
14516,1272
-4238,-1457
6772,-872
-12449,-7023
3833,-9132
8080,-10664
-2183,-624
506,2592
10206,2904
209,-10696
12311,-810
-15924,-5012
-15292,2295
-6211,963
-964,-7004
211,-4465
1294,4229
-9653,-10672
7742,4667
-407,-5264
-4365,5640
-12791,17007
-5351,7290
1163,558
7027,5545
-4904,-12795
-6961,7996
-2997,-2685
12763,394
4752,10150
7013,8701
-376,3542
3972,9379
10456,-12267
-2952,3348
-11984,-3096
2504,-679
2272,-2736
20357,-2597
9573,-8875
-6460,1903
4630,-8217
797,2101
-4212,-3116
-920,5445
-17104,-5193
2217,-1736
10350,-12439
-4634,-8242
-3299,-6648
-10469,3239
-3915,-1245
11402,15709
-5231,-1151
-9638,7016
-5660,-634
-6489,-4882
1999,-420
-7023,5325
-8332,-5104
5587,16592
14429,-2169
10127,7193
-1105,5234
-9354,-1083
-2179,4835
2928,10952
6002,-6855
-4567,8362
6143,-11805
12363,-4307
10721,-1507
5182,-3986
-6152,-1135
-6275,9182
14430,-3116
-655,6993
308,-11798
-7225,-11033
-8530,-11011
7028,-3223
2995,-4023
-11059,2868
6727,-2732
-4039,5204
7135,-222
-3806,2697
-21622,-8863
-12369,3037
903,1647
-3293,4563
10529,2047
-7993,-3609
3681,-3260
6755,13597
-475,1235
-8929,12306
-4120,5334
-4324,2233
14930,9466
2216,-3581
1514,-13761
-3733,2012
9995,-5406
7324,12881
9270,8047
-1028,-6234
3574,2384
2075,-1166
6981,-8436
-14044,-1732
-1109,-16140
-3139,-2324
10543,4997
11302,-4479
-120,-4909
-9109,-7246
3829,-2970
-15174,9563
-296,1106
-13760,-3926
-7665,-4103
6677,-1161
4228,53
-7454,-4421
2799,-3025
-15338,3606
8360,17147
505,14883
-4893,425
-2465,-1453
-122,-2608
-4656,659
9178,7799
-8398,-8138
8810,3110
9713,10887
12985,4773
4470,5739
488,-7030
-9265,-10240
3243,12828
-2105,-2895
6012,-3296
589,-8711
12255,-13755
3600,2510
5842,1626
-5384,-12594
-7171,4903
-4518,-1229
2897,8555
-8993,-307
3496,-17369
-11177,-13509
-2284,1843
725,264
-5727,9259
-1082,-3666
5559,6408
-9117,9157
5795,8517
-13031,-6429
-10285,-3698
-191,411
-2808,12945
5634,4466
14185,1614
-1333,-10094
11830,11224
-2119,7354
-4452,6287
1537,199
-1286,-1187
2938,884
11056,8505
1199,-20617
8332,-7139
1871,-7955
1236,5601
2281,11965
3219,-2216
904,-12476
-658,6066
-5225,-12195
-6666,211
-6369,-14497
579,-10534
-3240,6895
3857,9575
4135,-5919
-3782,2331
-1300,-10946
-12965,12956
-14735,7527
-408,374
-5430,-5013
3494,3480
6843,423
-5070,8325
9179,-7875
8,4472
-6413,8816
4245,21048
-2765,3226
4520,-1799
10797,-9965
-8136,-726
4503,-471
3659,1099
5401,-11300
13170,10435
3604,2201
237,5619
8135,-6057
-6413,-14429
-3488,-4959
-9529,7566
-2458,-11322
6651,459
10010,-15284
-711,-2337
-2276,6389
-7148,-4239
-2042,-4038
-9903,8957
-5321,-1582
-11958,13405
3299,-9573
3046,-12355
-3304,-494
-6251,4658
-1413,7280
-2746,12303
15350,-1114
-6867,13788
-2608,5954
-1062,-71
-2500,-6229
2478,-2665
3122,2697
-7439,9964
22301,-113
9187,-2180
9884,-3621
-376,6327
-10087,-583
-1298,638
9891,-4561
-8212,-4956
7903,378
-2086,-8038
9955,-15949
6558,-2554
-5094,-5284
-12442,9009
2346,7502
-3005,-7735
5401,998
-13668,-4112
-9010,-9949
-7472,1297
5782,-9555
-4075,3596
-1435,14684
-2774,794
7952,7504
-863,955
-2010,-2046
-22581,11479
-766,1503
3586,-136
9268,5972
6483,-3667
2714,4204
943,371
18813,-1047
-8069,6674
-174,8262
-4344,3447
3642,641
14570,-9541
4840,-8160
-12115,-9807
9060,-2212
-1509,-4846
13771,3816
1566,2947
-8640,-956
-525,-2770
3941,-5516
-11705,-12667
-5308,2843
-17597,-8363
4886,1450
10669,2403
4285,-4471
-7933,1934
-6303,5301
-7861,-4171
1157,16552
-10908,-452
-7241,4317
-3664,3880
13607,-5877
5170,-1614
-711,5702
-5239,-4850
1151,18554
9652,6004
10804,8024
-9220,2583
2692,-5860
108,-7664
5269,1723
6876,-9793
-5422,4210
4625,-3533
20361,3970
3427,-2092
4984,-1534
-13067,-9952
-12584,-268
6501,-3032
-2817,1110
-4707,-10301
3642,-3212
-3071,-12784
10617,4433
-2199,-2267
-17351,1496
-6260,6083
-3654,9009
1083,1
-11,6700
-13111,-18143
-4456,1627
4055,2669
2507,5389
1425,10100
-1815,7186
5093,-152
6830,18459
2190,-7603
-9829,1339
-8215,-2847
5320,-455
10890,7178
10158,3036
9270,-14049
-1318,4329
11627,-5466
1854,8153
-7967,260
-2990,-4693
-3212,-4365
4843,1675
13463,-12235
-10945,-8638
529,-15992
-1339,2373
-1453,5654
4994,10178
-7045,-5030
-11247,-1965
5367,-1895
-12765,509
-4006,-5921
-9976,-1752
-6085,-5934
9131,16944
9525,5867
-3921,1025
2225,893
-11381,1209
395,10099
-4276,15239
-2430,-9785
30,3638
12238,-1980
8041,184
9683,4375
-2695,-8065
3153,-951
-847,18441
11020,1890
-2624,3725
2520,-13427
9,-15255
1132,905
348,-3826
4931,-9086
-7132,-365
14401,-2813
-1140,9417
504,-61
-5529,-12245
-14286,-8073
-10398,1002
2381,4832
-12386,145
11130,-8649
-2707,-4574
1626,4204
1337,10049
-8808,1039
-11158,1585
2754,10345
-11104,8438
9500,8394
-2129,-8480
1501,-13429
3033,6542
3710,7877
78,7905
11845,8223
-297,-5806
9391,11537
-2035,4472
1156,-12006
-5088,-6729
3810,-8064
703,992
10095,11802
7877,-14623
9650,-6325
-3534,-2035
1334,143
-14968,5622
-1929,-6168
-4178,-11929
-3488,5989
1627,-5871
2722,-4618
-6726,-12296
6712,-4617
-14592,10319
-2607,16680
-567,1934
-5384,604
-488,-4079
-3728,6122
-14340,-2151
8289,-241
-4269,-5879
5544,11581
7901,14338
2152,6985
7336,-3585
4652,1243
-12461,-2467
512,16129
-3305,-5663
9138,-6031
12043,-2491
5955,-2328
4140,-1130
7436,529
152,-16301
-263,12932
-7101,3238
-804,1171
1403,-7249
5411,-17498
-4654,-10963
-7763,6273
-600,-12387
1076,5392
2087,-2115
674,7840
-12086,7977
-571,-2995
-4403,-12415
-13468,4395
-5062,-1299
-8638,11941
5517,-2989
16845,495
-3073,1383
-688,11997
-2134,2880
-7257,6010
7649,1100
-6618,10903
-3467,1144
12821,2530
7232,-16797
8795,-1377
2967,1523
-7964,6189
12134,4823
7935,2635
2375,-6990
-2130,8462
-5959,-15730
68,-8308
5639,-9142
-5766,-6134
-407,4875
2482,3571
11660,-13173
569,6411
-8004,-8024
-18161,4079
-8733,2188
-270,-6082
-691,121
-8002,5214
4262,-8970
-2003,5026
9793,-5905
-5761,8030
-14147,13916
-2001,9988
5591,3838
305,3837
7136,-6147
-15742,1760
6162,-4759
10622,1994
4610,2807
5517,10803
4407,4283
1067,1711
19067,-3093
-10564,-4739
-7141,-4560
-4794,1464
5125,-9704
13669,348
9883,-5879
-8425,-7866
7869,457
-2977,-5200
664,-1438
-13196,8969
-10542,-7112
-3939,1615
10287,-5584
-3457,-13876
-5607,727
-12306,-3487
4875,2307
-254,16272
4566,2138
-13182,7689
-3635,4265
941,-6715
-391,4476
-9874,-1290
-147,-141
-4016,9640
24849,3465
7976,4514
-431,3969
-2150,-2771
-2040,5331
525,3638
9513,2162
-13829,-3533
11890,-4817
10042,-7199
10464,-5380
5025,-4594
-7488,-2792
-7402,377
14351,10178
-5419,-3650
1093,-2448
-11022,-11938
-5125,-12731
2776,-985
74,-2282
-11128,-5578
2683,10234
-409,-2860
9116,9950
-7739,1662
-13640,-8191
-15641,3554
316,6755
814,-443
2126,10919
-843,-11117
7746,3917
4180,8018
8688,3844
-12042,6477
-4714,7886
4085,406
6090,13953
7720,-9219
2305,-8721
-6907,-9652
15524,533
3571,4426
4471,7212
5074,-6062
-2919,2765
7173,-3405
4154,-223
-16791,-15323
-2185,-6647
-5438,-7814
5223,5700
12137,-321
-4615,-6676
-3004,-9309
369,7828
-11088,-1455
-5486,11858
-13386,-6976
-7805,-1647
6240,5749
2905,131
-782,-8285
-3477,3510
-3736,-5723
2745,25156
2469,11462
-929,1797
-2612,688
1633,-981
3386,-2151
-2402,8320
3214,-15897
1460,5819
10890,6145
16187,7875
2752,873
590,-7351
-393,-10518
-9801,10409
5733,-3943
-4196,-2202
508,-14398
12058,-5295
2370,-2951
2013,770
1157,-10599
-16597,-763
2269,4649
-6044,13019
-5991,-5167
212,-6390
-7363,-16809
-5774,2544
3640,5658
-10523,568
5264,1564
-235,10863
1078,5786
150,16815
-4593,-10296
-10269,-5248
76,6534
-4160,5945
9181,6799
6723,671
13036,-13140
3367,13720
5765,3602
-3784,1650
-1082,1308
-882,-4511
4676,4973
-470,4909
13699,-20075
-2528,-10501
6437,-9164
-468,4302
-2859,9101
2865,-3445
4166,-5946
-10551,2302
4487,-3054
-16280,-5177
-2725,-14156
-2371,-6397
-6263,4896
1554,10589
8408,1016
-6729,-5906
7347,2219
-17626,7809
-9078,7780
-4207,4675
-1998,-6795
1154,5061
8687,8372
-3039,-4372
14017,737
-1416,-3321
968,8666
-3483,21945
4296,979
3592,-3755
9276,-2312
-4255,-10742
2179,4693
58,-9011
12314,-10287
1137,7768
8794,4031
-665,1855
4498,-2057
-121,-18861
-8639,1312
-15688,163
2597,-4497
-4511,-5528
13541,-7843
-1332,-2854
-6525,7002
178,-5696
-3678,1019
-12611,2722
-1815,12346
-17509,5130
7519,-1086
4910,-10852
-4812,-2003
-2323,4449
-1868,9121
28,1362
16475,13212
-6357,4017
629,12158
591,-675
937,-10110
2456,-3227
-1440,5043
-3636,-2611
16976,9832
13178,-12502
10839,1050
-3813,3560
-5128,-3694
-2566,-2071
2799,-101
-3451,-11034
-4310,8753
2236,-15170
10722,-10372
554,-6866
-1904,-2736
-13874,5355
-4240,10742
6765,-6871
-5651,8217
-8714,-6349
-7719,-1690
-9900,-6462
8369,-2352
-4089,895
-8107,14345
8272,3953
3137,8866
7307,-1556
-2083,7371
-20527,-371
-156,8290
6180,-2387
3919,2928
11357,640
-1195,528
10094,-6156
14660,6138
-2866,-6114
-5427,12915
-2856,1537
2359,-2700
14469,-3752
-1205,-9945
-5411,-15439
-1812,2234
6761,-13782
5097,7986
-480,2664
-7070,-1629
-515,1705
403,-3954
-3246,-12268
-20374,5307
-7803,-10849
-1851,5529
9413,2510
6944,-799
-7002,2264
-7326,4501
5413,-379
-10652,14247
-1349,1723
-12391,7166
-1330,684
16343,455
7381,-4137
-4185,55
4976,-1128
-6092,9021
17986,9045
4510,9907
-5081,-3989
1374,-99
4357,-9869
767,-4972
7868,-3684
-12535,-7601
9323,-575
12089,6070
10413,-6937
-2301,2491
-8855,-10382
-13323,-5472
3326,6446
-7821,-5469
-2770,-4986
-6768,-1807
8852,-12263
2471,6422
954,-1107
-14731,-2878
-9005,12570
-2432,6754
6101,8229
-10260,4526
571,-13389
-9860,-721
7378,3649
5414,2951
-2414,9542
474,3050
12884,7798
387,10373
12931,-144
-14573,-5773
-5788,-4449
5902,689
6767,4669
7758,-2317
12091,-6627
-4297,-8936
17388,4136
-3034,805
-6795,-2495
-7041,-1673
-3950,-3858
2212,-360
10113,-1203
-11118,-21784
1061,-6232
-5018,-2642
2331,6047
-2629,12376
-4254,-2542
-8477,-3156
1663,10667
-6807,-7608
-6109,2218
-13143,-7612
1541,-1920
1713,16064
12977,9330
2008,-3035
-1434,6056
-219,-4084
-976,16118
-7728,6359
4203,-3531
-5839,-2543
13918,2708
12814,-2603
2904,1337
5531,-13770
1009,2583
-3259,7685
12619,12382
-6786,-5583
1919,-8961
2923,-13027
-5398,-2313
2470,-6403
-1080,-5495
-6662,-11853
11166,11604
-1218,2461
-59,3816
-3981,-8747
-14663,-9462
-8514,2687
-5539,11879
-7040,-9490
4368,3835
2223,-9136
3758,8250
841,10499
-4574,-1589
-6304,544
-4463,16629
-106,3662
400,15656
4318,-14002
5118,-10107
250,2684
5999,6415
3896,2763
2830,7233
12596,-6603
-178,14821
2863,-786
2453,-7924
-8086,-14860
1842,-5156
1661,-289
-1843,6958
16968,-11930
1345,-6065
1482,-5581
-1239,8433
-14678,-3803
-5584,-1616
-2365,-7308
-11936,3137
6350,2260
-3662,-5441
1475,-16514
1105,4767
-8940,2973
-6428,19524
2613,6327
-5023,-2900
3744,5356
-8283,6105
-3083,-6574
-871,3598
5036,-11533
1096,12265
7697,15910
6471,1378
11393,-236
698,-952
-257,-3340
-12919,14194
5103,-8940
4259,-6289
7995,-2293
7398,-3707
5045,-1436
1662,-6089
11385,-12577
-14166,7974
-1698,5429
-5639,3053
-564,-8480
5252,-12474
-4512,-7843
-14725,-1167
7067,-4333
-7986,-2639
7213,3465
-4106,12756
-8292,5155
162,2018
6,-7568
-15971,-2755
-2617,10195
-12931,2209
11884,937
11408,3841
5251,-1742
-2372,12316
2976,4595
-3249,-4006
6089,11045
-9038,2762
1719,4576
4425,1042
17494,-17889
3380,-4433
1810,1976
-3505,-3676
7230,9397
6716,-3573
6468,208
-13268,3918
3340,-11545
-4610,-12037
1085,-7187
-4024,-8595
-8104,7377
1792,-1725
16912,-2247
-7033,-952
-1065,1496
-19750,577
-9765,2923
2384,-2178
-5963,3779
-8403,746
7833,3403
-1906,-7095
14907,3675
-6275,3803
-12086,10905
140,12663
6051,6322
3207,-1307
4861,6117
-11535,-12442
7723,1287
8681,-3662
7030,-593
1269,9832
4574,4990
7866,-4997
12253,6611
-4841,-15214
-10587,537
-9710,-4541
8552,-7892
5921,-1161
5493,-2750
-1484,-12252
-1020,5179
5611,-10535
-3261,5313
-18813,2822
-6591,1218
-7246,-91
6777,350
3709,-12068
-14928,700
-3271,-6693
3392,8910
-1157,7460
6456,13355
-11457,3191
-3344,7017
9875,-1743
-6069,1255
-4005,-4237
-4496,4836
253,-2619
22502,13689
10884,-1670
-612,1408
2977,-115
-3130,7
5107,1248
-965,7313
-7744,-14228
3895,3387
12873,-10949
9556,-7196
2245,-4053
-8980,-7603
-2017,-1255
1848,15271
3899,-6972
-9764,4199
-7888,-12924
-2855,-9545
-1377,-507
-3050,-3018
-5852,-5462
-9178,10796
13370,205
1536,14109
-3170,-269
-9696,-2976
-15014,724
-1224,8512
6523,3322
-8904,5247
11185,-6395
3410,3739
10953,2840
8768,8383
-9090,-1720
-6583,6429
9450,6797
-1076,5861
13485,-3213
-4179,-11511
586,-16374
8988,5115
6308,-2808
-983,2981
5481,168
-4367,-4596
10383,4917
-4140,-1327
-8305,-18932
-13684,-3152
-1162,-8603
248,4551
7439,5898
-2738,-12092
1045,-2240
-5679,6732
1294,1021
-17278,11163
-7196,-4576
-7840,54
2507,11046
6253,-1512
3046,-4505
-8453,-3903
9889,343
-6065,18987
7942,13057
409,2281
-2864,303
5258,-266
6280,2092
-8264,-4589
10245,-8550
-5675,-4312
13825,7827
13303,9062
3786,-4176
1477,-8525
1349,-4255
-12727,-1637
4594,6986
-10627,-11615
2477,-11095
5104,-1162
5404,-4530
-169,-1729
63,-4822
-12981,-10844
-1534,17572
-8996,7888
-1378,486
-7125,-4292
142,-13027
-6544,1000
-637,10223
-3000,-8233
1206,9171
710,6171
8854,13916
-5713,12051
4517,-6162
-7561,-8646
-5217,8616
2587,1897
3030,8876
7223,-8003
19079,-3760
-1017,3302
10391,7662
-1598,-4101
-5843,-1787
3239,-3243
-2402,8422
-1356,-3767
13414,-8692
-4059,-22842
5801,-2866
-1850,1719
-6430,4045
4163,-1104
-309,-321
-7080,-2781
-792,11389
-12493,-15603
-4034,-7668
-4911,-5644
-6406,3795
446,12262
5525,5009
4123,-11017
686,13746
-8729,601
-9037,12119
-6094,2094
2258,-4617
42,5629
3535,10848
9839,-9503
5621,2692
8417,-9919
-110,11982
-6701,14099
8051,4318
4574,-5988
2482,-1042
5497,-9778
-9056,1122
6515,-15047
8065,-5819
-2304,-1591
6766,10978
1255,-857
-319,-3968
7605,-11839
-18003,-1197
-11557,-1814
-4738,2776
-2499,-13842
7995,2196
868,-1976
-8218,2974
6098,929
-6563,-2203
-5599,2984
-11434,20526
-8328,-1012
2678,6175
8954,-8685
-3166,-5342
-1332,7722
-2924,3062
10178,-624
5046,16137
5790,1171
-4833,14215
4631,-1711
5473,-12123
-65,-2695
-6685,74
3942,-3083
3296,5496
24200,-11242
3647,1071
-2935,225
-2084,-3164
-3642,-3834
-3530,-2399
772,-3559
-17979,2205
10458,-8962
4813,-9595
2126,-10074
-3734,1706
-12667,2950
-7287,7222
11556,5559
-12413,1787
-2417,3167
-11811,-694
-2178,-10073
3873,2600
-1689,16
-9645,8038
10712,14013
5141,-25
13829,6084
-7254,5912
-9138,-4055
-6412,8450
9549,-1745
3219,-2838
6284,7251
1903,-8978
15447,-2164
7304,300
7379,-6132
-15177,8184
-1207,3034
4389,-4791
6679,1594
-706,-14253
-3686,-10076
-10219,-7040
15014,-7148
-4556,2166
-1770,5372
-4361,162
-3648,4497
3262,-3947
-1850,-2433
-26251,-5716
-2582,618
-6274,-55
9746,5719
7315,3252
-6158,1070
-1979,1801
8342,9406
-9313,1290
-879,13238
-13728,567
2815,2486
14377,3900
9537,-5923
-1608,-6731
2574,4370
796,-5048
14228,17637
2224,2970
-574,-2296
-3394,-328
7672,-8350
2184,-10180
-2859,-66
-6297,-17615
2292,5749
9563,523
14391,-590
-8804,-1829
-6085,-6344
-8318,-6932
-7483,9768
-1990,-6999
-10837,1286
-7487,-7270
13385,-289
-215,-332
1704,2899
-8454,-3642
-14540,11010
5789,9799
1026,14775
-7486,-3161
2248,-666
-6393,-9699
7222,6352
8139,2466
-6113,2186
6386,3592
9352,12322
8101,1320
8134,9877
-9000,-16035
-6872,-3722
4320,1790
3622,-567
7593,-3102
4032,-4392
6704,-16117
7657,11406
2383,-6382
-9111,-1977
-11318,-1520
-3946,-2364
2174,2509
-1205,1598
783,-23483
-9994,-2979
1512,-5424
850,9805
-6711,8902
-2465,1442
-3111,653
-5843,12099
6262,-2640
-15480,429
-6057,-10485
468,4193
1147,9782
12260,12774
8452,-2273
-4705,-48
11710,3100
-7281,11202
-1487,1742
-1151,1606
-2367,-9985
9556,6446
15349,-673
1,-9658
10453,-8817
-4339,-3538
3126,4772
1154,16948
-578,-10958
-3661,-6031
3094,-7148
-5975,-8639
680,-1408
-7829,-11128
1375,-11205
-2651,15087
7570,3243
-3997,4902
-3296,-4654
-9509,-10529
-9596,8720
-11878,8174
2340,-4844
-7798,1476
12617,-3886
2154,8663
1776,8895
1821,-3149
-4023,2208
-8224,11413
8344,13086
-8787,6878
12793,-9045
3650,-10476
1270,-1974
6334,5276
4608,506
-107,-3193
16545,5342
-5651,4700
7488,4514
-1621,-8906
-4584,-19432
-3449,-3408
-1006,1790
-4625,-3393
14316,-272
475,-14797
5056,1797
-7875,8061
-7140,-5691
-10881,-1043
-4102,-514
-10107,-1064
-288,13481
-774,-12440
6958,-9573
-5571,1655
560,5694
-10146,15569
2497,10151
3207,-4350
-1796,13199
-3941,1159
2351,-379
-6322,-6792
12502,-5665
-2710,6051
4765,15512
13996,-196
8012,360
4974,-6196
1537,5211
-17108,-435
7196,-1298
891,-11653
3260,-2344
8134,-1109
1302,-3409
5360,-13198
8891,-2203
-14325,-5126
-4965,15500
-7519,26
-533,-7008
3302,-6040
-7212,-5496
-10537,-6915
479,4643
-1308,-13309
2489,13308
-5189,11026
-2712,7388
261,4345
1576,-3813
-8195,-5832
-13081,15783
-2868,-5758
7768,6648
10657,-378
11002,2461
-2908,7536
4526,4343
7521,-6985
-5429,11094
-931,-408
-4156,8437
3994,-6791
20060,-10231
1501,-11353
-2492,216
3607,-4769
-2643,3889
12756,-2640
-1227,6503
-11928,-4042
1943,-811
-2708,-17090
-4428,-6981
-2957,-3725
-15797,1331
7133,544
10183,4977
453,-7185
-6271,11901
-13249,-3241
-9777,2478
2452,4857
-9373,836
-3843,3332
316,7523
12458,-12367
7651,8781
113,-363
-9966,7936
-279,14154
7273,4444
8727,1444
-6166,5976
3135,-14610
-964,57
12701,-7826
6061,-1748
-3394,5965
4123,3043
14730,-1763
1445,2450
6064,-10815
-20609,-2935
-7000,-7469
5531,-3226
1463,-4330
378,-2067
3240,-6369
-7263,-2928
14689,-1396
-10957,2405
-14861,936
-11023,8733
-4137,-1148
3374,3033
5941,-2715
-16584,-9604
3065,1536
-503,4768
6824,5583
-1484,17752
-3450,1667
-2320,6320
11748,6730
-3115,-8097
-2980,971
-9975,-1988
10406,-3241
11214,12915
17248,-2074
-440,-3134
1718,2711
2905,-6680
3849,5563
-9979,-89
-105,-9508
-8129,-984
17191,-6506
8065,-8956
-3286,-5154
-5135,-11245
-2304,3303
-4823,8057
9214,5235
-18521,-2190
-3446,-5646
-2133,-6433
-3892,-1611
-2653,-3401
-6714,-821
-10515,893
17464,15512
-349,6225
1862,4942
-8741,-1140
-10302,-1644
-774,8730
4032,8936
-6980,-6877
9824,5694
6070,-5415
16070,5778
4926,5540
-2864,-5988
-6722,2791
5341,12591
4165,-2641
5319,5484
-2493,-20046
4547,-12290
1110,-22
9530,-2737
-3883,-2819
-1785,3406
4328,-6814
1906,12588
-2672,-6611
-5654,-11140
-20303,-10481
909,-1109
-1624,2545
-1159,6898
5790,-10417
-3500,2118
-419,2401
3476,12083
-18566,-170
-5706,3869
-5530,760
-1755,11062
11877,2556
-112,-4602
-940,-12232
8631,10546
-2071,5691
6033,17879
2406,660
-1831,-2234
8196,4208
2347,2205
-1318,-14196
946,-2256
419,-15344
8031,12007
10620,6849
5980,-6979
2032,-7417
-2812,-2380
-4032,-5454
-10257,11132
-4129,-17169
-3736,-5368
1084,-1480
7488,-945
-485,-3254
-4501,-5135
-997,-9391
-14391,19176
-979,8176
-5255,6702
-6909,-7288
3250,-4184
-4156,27
-5772,6759
7508,-5333
-7378,3981
9499,7728
5434,19840
-720,3828
5713,296
-1939,-10570
-9136,3430
6656,7465
-4345,-352
13501,-8564
11903,906
6592,-5007
5310,10722
2849,-7511
-7159,-8676
1910,4601
-8657,3306
2760,-2183
1718,-5764
6278,-26271
-3300,-136
-936,1140
-5973,-1372
1002,4010
-2766,-1496
-289,4014
-12874,12325
859,-13424
-10850,-7161
-4047,-4073
-5019,4098
-2850,13464
5130,2192
14351,-3453
-7599,8868
4346,6537
-12899,8322
-2923,-216
3617,-1118
-1760,5479
1094,6610
16956,-2544
940,-10177
16798,-3515
-5207,6587
-3602,8529
5533,6845
5849,-6559
-348,-4540
5545,770
-11662,-12848
9042,-8942
770,-10159
971,-3995
-2018,13427
3985,40
920,-7898
4684,202
-16215,-9595
-11798,5940
-12077,-961
4934,-10758
-2001,4000
3157,2675
-3582,-940
3136,7082
990,-8105
-4463,10607
-17725,14669
1708,6011
-3021,2880
11848,-3207
1892,-6794
-6345,7055
4036,-3800
11730,3798
383,5265
11749,11266
-8078,5913
7409,647
9717,-11355
-5322,-5599
-5721,-4561
679,1786
1096,-8424
23681,1313
942,-6800
-2374,1355
-1167,-1712
-4308,-6425
-3670,-3722
-6983,5986
-16102,-8494
5778,4353
5587,-14480
3783,-6910
-7469,2711
-10071,1531
-3574,4898
4441,14915
-3711,-3683
-8652,14088
-7596,-5130
3960,-5576
-529,229
-82,906
-5518,3702
3058,16412
18607,-3230
8071,11543
-3457,-813
-3606,919
-8783,214
9382,1167
5450,-4721
-5096,4510
11833,-9582
9744,-982
10524,-8275
6600,1335
-16769,-3111
-3801,6417
7036,-1967
-2434,-998
3448,-9382
-10807,-8283
-4779,-15060
9259,3154
-3233,-6726
-6870,8623
-2383,4735
-4213,2151
8089,3210
-7986,1137
-16816,-11658
-11378,9162
811,-5239
5999,8802
6138,6185
-2508,-2320
4441,4301
4410,9890
4233,-2328
-12880,15399
-5142,-3128
1649,4845
11998,3943
11641,-7067
1388,-8456
-4267,-1099
14283,-5348
1116,14076
7592,977
-3343,409
-4472,-3622
8403,-4715
3639,-9304
-13245,-7602
1365,-12335
-9039,151
13861,1938
8884,5205
-7084,-7136
-6660,-1746
-3679,-2478
-12939,3191
890,3774
-18813,-4013
-1138,-4246
7302,7109
7057,-4448
-1203,4216
-3886,-812
-12168,2569
7660,20328
-2650,9960
793,-759
-5737,2137
5624,-11383
3362,4723
7710,2956
-2826,-7658
4860,8227
7401,6816
17238,5300
-2978,5881
1936,-15349
-10560,-6974
768,2622
4558,-4341
1391,-1251
-342,-10641
14634,-7670
-2494,3722
9571,-1451
-12863,-5558
-13659,-1956
-2712,1557
-1893,7421
-5370,-3397
5442,-10920
-14668,-13181
6961,2993
-2341,7862
-5836,5606
-1861,5194
-1266,6020
-3750,7258
7767,11328
-14266,-12154
-2076,-3913
-2916,2369
5380,7089
8667,12547
10184,-416
2170,-8354
9456,13716
-2515,-477
-366,5478
-7477,-3569
3592,-8802
3065,5178
12414,2011
6230,-17679
2769,-4550
813,-11931
2296,10338
-7347,9395
4609,-4892
-8100,-8077
-602,-1231
140,-8709
-9154,-247
-3916,-16782
173,-2697
-8067,6709
10670,14480
-4141,816
-3672,-1740
-1352,-5558
-14848,9315
-7804,4504
-262,4229
-6746,-9744
12889,8804
4482,4289
3129,6399
7447,-1546
-4411,-789
-2730,7420
1789,21898
-2709,-5421
9032,-13
5875,-14314
2567,-4116
4353,4124
2809,-4503
5310,-8975
5244,12143
3178,-2373
237,10849
-362,-12955
-1765,-17572
-8885,-3847
-6023,1979
-63,-5924
553,2167
11394,-15293
-1939,7958
-6351,3922
-3029,-556
-12257,-4103
-7733,3434
-3997,3634
-12217,12315
10553,-9621
2731,-5722
-1411,-4382
1692,12856
-7541,7982
864,9761
10793,2310
-8294,8846
4881,5440
-1986,469
1193,-16270
7565,1029
-138,-1114
647,11461
16969,4176
6381,-7372
10898,-2145
-6304,5889
-7711,-8548
-3104,2776
3798,-14500
-1992,-3378
3804,4248
922,-9492
10202,-10434
-797,-2506
-3130,-6419
-17611,17124
-2881,588
-982,-4480
-1072,-188
-6737,-5397
-5601,-3172
-8386,-183
11760,-9135
-8318,11505
-466,12385
-180,10369
1485,4252
4606,-2379
-2430,-277
-20673,6151
7327,996
347,328
14750,-274
9379,5867
102,1780
6325,1419
12584,-2148
-9959,-1351
1805,8906
-10917,1239
8698,-6981
13309,-5813
4306,-14989
-5951,-3993
3232,-250
-2339,-8554
10782,7804
-7812,2303
-5590,-1029
-6460,2238
4063,-15224
-7576,-8723
-8799,2487
-12418,-6926
4618,8949
6661,1420
9622,-34
-14344,9756
-3629,579
-7095,291
-2392,9057
-4525,-1753
-6851,9158
-1254,610
22596,-3053
1715,-98
6085,2677
-7149,3295
-2701,11515
12398,4185
5763,6433
-8114,-3592
7810,-3404
-3632,-12555
13994,-4374
3274,-4707
-6999,192
5208,2742
12542,3620
2888,-6822
3259,2696
-20441,-14231
-6799,-2563
517,-2246
-131,-5543
-3103,-1137
-548,-197
837,-10730
9225,10811
-6992,-5752
-13835,6076
-15294,8400
957,2701
2352,4492
413,3273
-5196,-15110
-3438,7229
6602,-2510
8525,10376
-6458,11085
2668,6198
1290,4485
7375,9301
8007,-9471
-12041,405
-4854,-9814
10025,2914
6726,2263
17137,3622
1924,-7405
-2283,-189
12048,-3979
-4612,3651
-7736,-6345
-5902,-301
-8300,-10770
13028,2908
8413,-9578
-7427,-9980
-845,-7212
-7130,2057
473,4589
-424,16149
-12413,-9429
-7054,3682
667,-3404
-3177,-3658
-2712,-166
-10747,-2730
-724,-1974
6904,23002
11057,1734
-1239,9131
-5012,-1898
-4025,-2045
-735,9589
-1596,6734
2533,-8531
-2934,5610
18215,-6790
12036,6931
5478,-838
1011,-6457
-6031,-342
-855,10410
11659,1804
-8631,525
5957,-18036
-663,-9855
1252,-6583
6756,552
-4316,-6997
-7903,-626
10448,3685
-6674,7557
3915,-1293
-11489,-7569
-14863,-15645
-4593,6214
-636,2743
-5576,1756
8468,133
-4514,-3828
8069,8159
-2697,13951
-7380,-5536
-11665,7295
-1409,3525
-1463,7559
9979,10338
1152,-12377
7528,-9583
376,7606
10305,2982
-2413,14321
5172,761
1820,-4423
4496,9329
2391,-3066
4008,-11446
-10372,-10858
9712,-11707
-2166,7444
9265,6534
7946,-7149
-529,-6249
-2528,-4426
-123,2975
-20103,182
1405,-7923
-11240,-8008
597,1193
6436,4030
-533,-4371
-3068,-9158
2646,1588
-16909,7774
2085,19663
-8622,3395
-1598,-5337
1290,2240
-853,579
-4050,-23
6784,2170
-3572,-9349
9829,17204
2558,14994
7844,3752
2144,234
3293,-9142
-6612,-2559
-1084,12566
192,-12053
10082,-2546
6815,-4910
13719,-1019
-1544,4877
5884,-6617
-3010,-13040
-8346,8544
-4855,-352
-2456,4720
-3059,-12706
11738,-15393
-9409,-6404
-1522,4180
-1980,-3296
-6161,3517
2534,28
-3471,13911
-12851,4245
4986,199
-10449,-14590
-4442,152
-3396,6027
-6604,9325
10427,1618
12671,4548
-1230,-1264
3887,18317
-7979,-1827
-1154,409
2613,1055
-3398,2855
2974,4660
11278,1811
11215,-21374
9866,4147
-1788,-2626
-3051,7666
1385,5063
6453,-5931
808,-4189
-5286,5235
-620,-18799
-1279,-5049
2733,-15881
-628,155
-8636,9355
4854,3420
6093,-6504
-4717,3049
-4476,-7097
-21080,7969
-8127,-5343
4178,-1752
-5390,-767
1774,8503
3326,408
-1266,2775
13115,-3245
-10698,10198
-11812,9000
-441,14997
935,-4307
9491,2030
6017,-3914
-9129,-2131
11277,-1435
6358,-88
7263,-1410
2596,18172
-886,-1748
5011,2443
11336,-7689
-6662,-12449
-5986,-1850
-7835,-2005
9441,-12226
9174,6117
7676,-9412
-6071,2050
-1229,-10
-1106,-8959
-4554,573
-17164,4906
-6284,-5241
-7702,5734
14252,-11430
970,-4341
-8882,1273
-5768,1077
-216,6906
-2067,11792
6891,5466
-18325,10276
2643,-1263
3950,-2748
466,-4419
-421,1533
-2940,3254
-718,7133
26888,7096
2236,3155
4078,1172
-6078,1747
-3349,-6616
5128,2326
4239,-2568
-9421,-6095
12591,642
6850,-10049
15941,-5990
-2257,1030
-9874,-8149
-9465,6293
5744,3999
-2773,-6498
-1822,1764
-12272,-14344
2059,-10080
-1345,1590
4331,-5729
-13131,6394
-3331,9703
2894,697
4895,12161
-7224,-2986
-8866,-4466
-19453,2478
9716,941
1632,5643
3340,7279
4839,-3133
4441,6606
7680,3317
10417,6006
-18877,2020
586,4018
-313,1574
9903,3233
13029,-5682
-667,-9846
-2268,-11048
15222,4197
-1854,-1045
6746,8320
-6633,-2550
-2728,-4021
6856,-271
1058,-7196
-12348,-16312
-5040,-1949
-7070,-11308
10657,11085
3897,3577
-2024,-6017
-8035,326
-2545,2545
-6717,-1426
-9263,12669
-12890,-11265
-2722,4749
4095,4952
14264,334
-2903,162
-2911,649
-1040,-932
-1318,23750
4872,5482
-715,5873
-6970,-5118
12253,-2986
2394,-2078
3924,997
4440,-10551
-3904,4761
13736,4153
13642,12261
-2899,-5728
3258,-5983
-9261,-13163
-4149,1876
5438,-1594
-7828,-6020
3121,-11952
8452,1573
2228,-6303
5050,7979
-10010,-10962
-14828,-2376
-3233,8670
-6527,7254
-1441,-2684
-3143,-2615
-3148,-19741
576,11042
1084,3711
-4092,3833
-2737,7624
-264,7344
4685,9273
-1975,15009
563,-16467
-8721,-1324
237,-1567
6730,7876
5123,8560
9694,-1878
12003,-7290
-319,11143
10521,-723
-8378,3305
-5545,-9611
2423,-3077
-459,1341
7133,1800
12079,-14841
-6259,-12685
9716,-7410
-6307,9079
-4989,3213
-80,3086
-6310,-9998
-4958,1838
3106,223
-14409,-9338
1510,-10873
-7330,-2596
-1522,3440
2482,21897
2805,-1215
-3160,-1676
1696,4043
-13386,2499
-4002,9509
-7678,1796
4451,-10994
2410,12581
11866,3777
4827,2164
7888,462
573,-7539
274,11014
-7554,16567
8800,-3544
-2029,-2465
11321,-12103
2270,-5696
-151,1416
4508,-10557
6745,-6431
-4654,4754
11308,6684
-9319,5006
4361,-9917
-2193,-14531
-12427,-5322
-8446,1220
-516,-778
-5788,-7669
16301,-1006
-7259,2532
-899,6888
-3576,2397
-8518,-6405
-9112,4859
-4976,12949
-12498,1990
12407,3516
2341,-12152
5492,-1880
-2920,12737
-241,3715
1234,5926
9157,10009
-3054,459
2439,15195
-1214,-7799
8981,-14126
-1484,-2966
4107,-1715
-1578,4959
11343,6789
14175,-13167
5828,4808
-7344,-1516
-1549,-3077
-12028,-5315
5767,-8825
-5349,-5108
-5347,6027
7359,-10460
6221,-5948
-709,-9509
-1,4730
-22714,6493
-793,8439
-78,-2621
-5926,1858
-2366,-1003
-7897,513
-4148,-9709
11871,3349
-8181,-151
-355,18642
2049,10507
4524,2467
8860,1133
-4485,3306
-13837,-4599
1852,10149
4795,-11116
12192,4422
6347,4179
4431,-1602
8782,-620
9394,-544
-1463,-9325
-10587,14887
-5823,-6668
6001,-1579
7552,-7714
6202,-12444
-7154,-7435
-3151,-626
8076,-11496
-2843,10954
-3238,-194
-7689,6946
-8341,-1803
7227,-6517
-6921,-9595
-16910,1622
-3132,-4432
-4930,7999
13254,868
7241,9410
-11256,1390
-590,8410
-805,-1102
-6528,5809
816,4300
-13835,5281
6509,-1534
18091,4951
8708,-10555
2911,6375
-2181,-692
-2701,4309
14092,9774
-213,3076
-1660,-5402
-2000,1936
6812,-19941
6065,-2096
2099,-7302
-7911,-5824
2926,5774
8344,2240
10883,-4703
-10386,5174
-8488,-15608
-13513,-442
-950,-1896
-881,-4260
-7511,824
-4439,-978
12242,-4825
-1563,8323
4882,-2643
-18502,6027
-12987,6354
3151,8762
2076,6081
-3604,1309
4496,-7366
-9492,-2102
16879,1575
3383,8144
-3120,4159
1900,10395
5833,4100
5889,5030
12100,-192
-16206,-12391
592,-6287
2422,874
10935,-3439
8416,5846
4887,-8216
-1459,-6450
11772,5651
-5792,-6336
-6339,-1730
-16430,-1937
-380,-9777
2240,5881
9201,-6141
-5761,-14823
-4382,-890
-3970,-4044
3334,11292
-10829,12390
-1688,-3095
-13454,3878
4113,2735
1319,-3996
-7568,1283
-7484,-8375
3644,4709
-29,14447
20369,10945
-4634,3005
-236,-227
1967,-557
-3033,7861
-1254,1168
2793,-1968
-7020,-7615
22231,4650
8920,-844
7637,-3292
1482,-6683
-5697,-3676
-1210,6236
6874,11545
-9528,-12241
4019,-5813
-2855,-14518
3674,-5825
382,509
-4090,-9028
-6971,-4804
3812,14890
-821,255
49,9806
-11601,-11649
-7959,-10733
-11088,6100
22,5564
-3054,-2161
451,6168
6826,-7460
5845,16160
-1266,6815
874,-221
-14906,870
216,8472
2919,6750
733,10362
10945,-15017
4972,-5923
2000,-2812
13266,10118
-4858,1791
4170,2760
6020,-2707
-2518,7443
7737,-2242
-1412,-8726
-7931,-22637
5344,-822
-3663,-2516
4451,8215
8489,-4625
-2541,-8894
1830,-681
-6443,8567
-13363,-9273
-7289,2805
-8199,-12728
-2778,6365
3846,7911
1359,-6574
2417,-8320
-3032,5718
-4339,2545
-8115,25735
-1643,-624
-313,-282
-598,4115
2353,1767
997,-2277
-953,-664
10264,-11857
-1403,17554
8366,10766
8982,7066
2077,-5036
5488,-6028
-2464,-2906
-11671,6016
9207,-10458
-1493,-5886
10165,-7233
9734,5597
-651,-3851
4767,-4621
1272,-11026
-16351,2265
-979,8070
-11982,2209
2211,-13227
4591,-5350
-4796,-11519
-5846,6118
1020,-843
-7352,-4141
4966,10121
-9146,13438
-2898,4942
-2664,6620
733,-16924
-8192,1498
-3772,8729
-4284,1545
11534,6346
9031,1690
11201,844
-5995,17210
4879,-4000
-2847,-2060
218,1735
-1994,70
726,6638
5725,-4405
22237,-16574
-1852,-2739
5947,-1809
-6457,3967
-820,1683
6887,-3670
-1455,325
-11906,-193
6493,-8504
-9663,-14624
7019,-10723
-6909,469
-9440,5263
3791,6839
8190,-1025
-5944,-2276
-1003,7385
-23246,-2051
-2722,303
-1583,247
-1721,-2220
-2420,10975
6284,4445
4399,-6169
13743,7918
-8687,-1
-6650,12649
-6708,12687
9915,-3756
4485,2007
5001,94
-2640,-11127
7067,2842
8821,-10319
9808,2516
-7658,11087
7315,1807
1878,-873
8784,-3776
-1459,-15015
-14580,33
-7516,-9701
10314,-4391
-722,-2783
10994,45
-8234,-1940
-2078,1299
5376,-6338
-10361,2637
-17032,478
-7015,6970
-10132,-4290
16015,1697
409,-6630
-8317,-230
-1201,3052
-235,6447
2011,6477
3089,18007
-13665,-1050
3767,9253
6064,-5346
3597,-6304
-2384,941
-4054,873
5507,-759
18846,15578
10051,-6836
1170,7286
-5370,-3654
2497,-6521
217,166
-1184,-1906
-5012,-10906
-122,4942
15897,-14832
10687,-486
-4861,-6029
-5691,-4203
-12186,2087
1092,7861
2779,-3651
-14908,3712
-3269,-13627
-1307,-3272
-1255,-5964
4673,2668
-13528,38
-5993,11207
11517,7237
-1492,10876
1537,-711
-11830,1159
-13062,-7354
7268,10573
3452,-266
-322,5001
9493,1584
3764,955
16247,3535
4104,8798
-9555,-9302
-6589,10025
3403,-2031
7040,1953
10106,-1852
-2205,-15612
4045,-12180
4783,4861
8432,-7628
-5728,10503
-3894,-4468
-2118,-1779
3188,3900
-694,-7518
-7615,-14872
-17712,-3935
4581,-9611
-1300,12361
5736,2996
-375,-1658
-7450,369
-923,4816
684,3791
-19767,6383
-2250,-4880
-10355,4303
8558,4693
13759,6378
65,-5453
-1905,-1616
6855,4245
-6399,13016
11321,12742
-7038,2186
224,-7346
8130,3497
6819,-7095
394,-4466
5226,-6932
-5754,-7813
15316,11738
6045,8586
5214,-7687
-5291,-2807
-2493,-13712
-7603,-873
-380,3918
-8566,-14780
1585,-4418
935,-399
